split,sentence_id,aspect_id,text,term,term_normalized,polarity
train,3121,3121::term::0,But the staff was so horrible to us.,staff,staff,negative
train,2777,2777::term::0,"To be completely fair, the only redeeming factor was the food, which was above average, but couldn't make up for all the other deficiencies of Teodora.",food,food,positive
train,1634,1634::term::0,"The food is uniformly exceptional, with a very capable kitchen which will proudly whip up whatever you feel like eating, whether it's on the menu or not.",food,food,positive
train,1634,1634::term::1,"The food is uniformly exceptional, with a very capable kitchen which will proudly whip up whatever you feel like eating, whether it's on the menu or not.",kitchen,kitchen,positive
train,1634,1634::term::2,"The food is uniformly exceptional, with a very capable kitchen which will proudly whip up whatever you feel like eating, whether it's on the menu or not.",menu,menu,neutral
train,2846,2846::term::0,"Not only was the food outstanding, but the little 'perks' were great.",food,food,positive
train,2846,2846::term::1,"Not only was the food outstanding, but the little 'perks' were great.",perks,perks,positive
train,1458,1458::term::0,Our agreed favorite is the orrechiete with sausage and chicken (usually the waiters are kind enough to split the dish in half so you get to sample both meats).,orrechiete with sausage and chicken,orrechiete with sausage and chicken,positive
train,1458,1458::term::1,Our agreed favorite is the orrechiete with sausage and chicken (usually the waiters are kind enough to split the dish in half so you get to sample both meats).,waiters,waiters,positive
train,1458,1458::term::2,Our agreed favorite is the orrechiete with sausage and chicken (usually the waiters are kind enough to split the dish in half so you get to sample both meats).,meats,meats,neutral
train,1458,1458::term::3,Our agreed favorite is the orrechiete with sausage and chicken (usually the waiters are kind enough to split the dish in half so you get to sample both meats).,dish,dish,neutral
train,3161,3161::term::0,"The Bagels have an outstanding taste with a terrific texture, both chewy yet not gummy.",Bagels,bagels,positive
train,2391,2391::term::0,Nevertheless the food itself is pretty good.,food,food,positive
train,296,296::term::0,"They did not have mayonnaise, forgot our toast, left out ingredients (ie cheese in an omelet), below hot temperatures and the bacon was so over cooked it crumbled on the plate when you touched it.",toast,toast,negative
train,296,296::term::1,"They did not have mayonnaise, forgot our toast, left out ingredients (ie cheese in an omelet), below hot temperatures and the bacon was so over cooked it crumbled on the plate when you touched it.",mayonnaise,mayonnaise,negative
train,296,296::term::2,"They did not have mayonnaise, forgot our toast, left out ingredients (ie cheese in an omelet), below hot temperatures and the bacon was so over cooked it crumbled on the plate when you touched it.",bacon,bacon,negative
train,296,296::term::3,"They did not have mayonnaise, forgot our toast, left out ingredients (ie cheese in an omelet), below hot temperatures and the bacon was so over cooked it crumbled on the plate when you touched it.",cheese,cheese,neutral
train,296,296::term::4,"They did not have mayonnaise, forgot our toast, left out ingredients (ie cheese in an omelet), below hot temperatures and the bacon was so over cooked it crumbled on the plate when you touched it.",ingredients,ingredients,negative
train,296,296::term::5,"They did not have mayonnaise, forgot our toast, left out ingredients (ie cheese in an omelet), below hot temperatures and the bacon was so over cooked it crumbled on the plate when you touched it.",plate,plate,neutral
train,296,296::term::6,"They did not have mayonnaise, forgot our toast, left out ingredients (ie cheese in an omelet), below hot temperatures and the bacon was so over cooked it crumbled on the plate when you touched it.",omelet,omelet,neutral
train,1793,1793::term::0,"It took half an hour to get our check, which was perfect since we could sit, have drinks and talk!",drinks,drinks,neutral
train,1793,1793::term::1,"It took half an hour to get our check, which was perfect since we could sit, have drinks and talk!",check,check,neutral
train,2200,2200::term::0,The design and atmosphere is just as good.,design,design,positive
train,2200,2200::term::1,The design and atmosphere is just as good.,atmosphere,atmosphere,positive
train,3195,3195::term::0,He has visited Thailand and is quite expert on the cuisine.,cuisine,cuisine,positive
train,3359,3359::term::0,The pizza is the best if you like thin crusted pizza.,pizza,pizza,positive
train,3359,3359::term::1,The pizza is the best if you like thin crusted pizza.,thin crusted pizza,thin crusted pizza,neutral
train,3534,3534::term::0,"All the money went into the interior decoration, none of it went to the chefs.",interior decoration,interior decoration,positive
train,3534,3534::term::1,"All the money went into the interior decoration, none of it went to the chefs.",chefs,chefs,negative
train,1407,1407::term::0,The seats are uncomfortable if you are sitting against the wall on wooden benches.,seats,seats,negative
train,565,565::term::0,"I asked for seltzer with lime, no ice.",seltzer with lime,seltzer with lime,neutral
train,675,675::term::0,"Don't go alone---even two people isn't enough for the whole experience, with pickles and a selection of meats and seafoods.",pickles,pickles,positive
train,675,675::term::1,"Don't go alone---even two people isn't enough for the whole experience, with pickles and a selection of meats and seafoods.",selection of meats and seafoods,selection of meats and seafoods,positive
train,2227,2227::term::0,My suggestion is to eat family style because you'll want to try the other dishes.,dishes,dishes,neutral
train,2227,2227::term::1,My suggestion is to eat family style because you'll want to try the other dishes.,eat family style,eat family style,positive
train,3367,3367::term::0,"Best of all is the warm vibe, the owner is super friendly and service is fast.",vibe,vibe,positive
train,3367,3367::term::1,"Best of all is the warm vibe, the owner is super friendly and service is fast.",owner,owner,positive
train,3367,3367::term::2,"Best of all is the warm vibe, the owner is super friendly and service is fast.",service,service,positive
train,2191,2191::term::0,Faan's got a great concept but a little rough on the delivery.,delivery,delivery,negative
train,270,270::term::0,"From the incredible food, to the warm atmosphere, to the friendly service, this downtown neighborhood spot doesn't miss a beat.",food,food,positive
train,270,270::term::1,"From the incredible food, to the warm atmosphere, to the friendly service, this downtown neighborhood spot doesn't miss a beat.",atmosphere,atmosphere,positive
train,270,270::term::2,"From the incredible food, to the warm atmosphere, to the friendly service, this downtown neighborhood spot doesn't miss a beat.",service,service,positive
train,638,638::term::0,"Great food at REASONABLE prices, makes for an evening that can't be beat!",food,food,positive
train,638,638::term::1,"Great food at REASONABLE prices, makes for an evening that can't be beat!",prices,prices,positive
train,388,388::term::0,this little place has a cute interior decor and affordable city prices.,interior decor,interior decor,positive
train,388,388::term::1,this little place has a cute interior decor and affordable city prices.,prices,prices,positive
train,3373,3373::term::0,Two words: Free wine.,wine,wine,positive
train,425,425::term::0,The price is reasonable although the service is poor.,price,price,positive
train,425,425::term::1,The price is reasonable although the service is poor.,service,service,negative
train,3192,3192::term::0,"The quantity is also very good, you will come out satisfied.",quantity,quantity,positive
train,391,391::term::0,"I stumbled upon this second floor walk-up two Fridays ago when I was with two friends in town from L.A. Being serious sushi lovers, we sat at the sushi bar to be closer to the action.",sushi,sushi,neutral
train,391,391::term::1,"I stumbled upon this second floor walk-up two Fridays ago when I was with two friends in town from L.A. Being serious sushi lovers, we sat at the sushi bar to be closer to the action.",sushi bar,sushi bar,neutral
train,2384,2384::term::0,The fried rice is amazing here.,fried rice,fried rice,positive
train,2962,2962::term::0,"Three courses - choices include excellent mussels, puff pastry goat cheese and salad with a delicious dressing, and a hanger steak au poivre that is out of this world.",mussels,mussels,positive
train,2962,2962::term::1,"Three courses - choices include excellent mussels, puff pastry goat cheese and salad with a delicious dressing, and a hanger steak au poivre that is out of this world.",puff pastry goat cheese,puff pastry goat cheese,positive
train,2962,2962::term::2,"Three courses - choices include excellent mussels, puff pastry goat cheese and salad with a delicious dressing, and a hanger steak au poivre that is out of this world.",salad with a delicious dressing,salad with a delicious dressing,positive
train,2962,2962::term::3,"Three courses - choices include excellent mussels, puff pastry goat cheese and salad with a delicious dressing, and a hanger steak au poivre that is out of this world.",hanger steak au poivre,hanger steak au poivre,positive
train,2962,2962::term::4,"Three courses - choices include excellent mussels, puff pastry goat cheese and salad with a delicious dressing, and a hanger steak au poivre that is out of this world.",courses,courses,neutral
train,3404,3404::term::0,it's a perfect place to have a amanzing indian food.,indian food,indian food,positive
train,2599,2599::term::0,The place is so cool and the service is prompt and curtious.,service,service,positive
train,2599,2599::term::1,The place is so cool and the service is prompt and curtious.,place,place,positive
train,673,673::term::0,At the end you're left with a mild broth with noodles that you can slurp out of a cup.,broth with noodles,broth with noodles,positive
train,648,648::term::0,I just wonder how you can have such a delicious meal for such little money.,meal,meal,positive
train,648,648::term::1,I just wonder how you can have such a delicious meal for such little money.,money,money,positive
train,863,863::term::0,The food was delicious but do not come here on a empty stomach.,food,food,conflict
train,1623,1623::term::0,The wine list is excellent.,wine list,wine list,positive
train,430,430::term::0,"Ive been to many Thai restaurants in Manhattan before, and Toons is by far the best Thai food Ive had (except for my mom's of course).",Thai food,thai food,positive
train,1101,1101::term::0,They wouldnt even let me finish my glass of wine before offering another.,glass of wine,glass of wine,neutral
train,324,324::term::0,"Whem asked, we had to ask more detailed questions so that we knew what the specials were.",specials,specials,neutral
train,2783,2783::term::0,This is a consistently great place to dine for lunch or dinner.,lunch,lunch,neutral
train,2783,2783::term::1,This is a consistently great place to dine for lunch or dinner.,dinner,dinner,neutral
train,2783,2783::term::2,This is a consistently great place to dine for lunch or dinner.,dine,dine,positive
train,2983,2983::term::0,"Nice atmosphere, the service was very pleasant and the desert was good.",atmosphere,atmosphere,positive
train,2983,2983::term::1,"Nice atmosphere, the service was very pleasant and the desert was good.",service,service,positive
train,2983,2983::term::2,"Nice atmosphere, the service was very pleasant and the desert was good.",desert,desert,positive
train,627,627::term::0,After really enjoying ourselves at the bar we sat down at a table and had dinner.,bar,bar,positive
train,627,627::term::1,After really enjoying ourselves at the bar we sat down at a table and had dinner.,table,table,neutral
train,627,627::term::2,After really enjoying ourselves at the bar we sat down at a table and had dinner.,dinner,dinner,neutral
train,3219,3219::term::0,"Fabulous service, fantastic food, and a chilled out atmosphere and environment.",service,service,positive
train,3219,3219::term::1,"Fabulous service, fantastic food, and a chilled out atmosphere and environment.",food,food,positive
train,3219,3219::term::2,"Fabulous service, fantastic food, and a chilled out atmosphere and environment.",atmosphere,atmosphere,positive
train,3219,3219::term::3,"Fabulous service, fantastic food, and a chilled out atmosphere and environment.",environment,environment,positive
train,2787,2787::term::0,Try the lasagnette appetizer.,lasagnette appetizer,lasagnette appetizer,positive
train,604,604::term::0,I liked the beer selection!,beer selection,beer selection,positive
train,2911,2911::term::0,"Great food, good size menu, great service and an unpretensious setting.",food,food,positive
train,2911,2911::term::1,"Great food, good size menu, great service and an unpretensious setting.",menu,menu,positive
train,2911,2911::term::2,"Great food, good size menu, great service and an unpretensious setting.",service,service,positive
train,2911,2911::term::3,"Great food, good size menu, great service and an unpretensious setting.",setting,setting,positive
train,3074,3074::term::0,Go here for a romantic dinner but not for an all out wow dining experience.,dinner,dinner,positive
train,3074,3074::term::1,Go here for a romantic dinner but not for an all out wow dining experience.,dining,dining,positive
train,1074,1074::term::0,I grew up eating Dosa and have yet to find a place in NY to satisfy my taste buds.,Dosa,dosa,neutral
train,912,912::term::0,Wine list selection is good and wine-by-the-glass was generously filled to the top.,Wine list selection,wine list selection,positive
train,912,912::term::1,Wine list selection is good and wine-by-the-glass was generously filled to the top.,wine-by-the-glass,wine-by-the-glass,positive
train,728,728::term::0,"With the great variety on the menu , I eat here often and never get bored .",menu,menu,positive
train,2925,2925::term::0,The menu is very limited - i think we counted 4 or 5 entrees.,menu,menu,negative
train,2925,2925::term::1,The menu is very limited - i think we counted 4 or 5 entrees.,entrees,entrees,negative
train,3436,3436::term::0,The menu is limited but almost all of the dishes are excellent.,menu,menu,negative
train,3436,3436::term::1,The menu is limited but almost all of the dishes are excellent.,dishes,dishes,positive
train,3273,3273::term::0,Not too crazy about their sake martini.,sake martini,sake martini,negative
train,1215,1215::term::0,"Great bagels, spreads and a good place to hang out in.",bagels,bagels,positive
train,1215,1215::term::1,"Great bagels, spreads and a good place to hang out in.",spreads,spreads,positive
train,183,183::term::0,"The service varys from day to day- sometimes they're very nice, and sometimes not.",service,service,conflict
train,282,282::term::0,One thing I liked about this place is that I never felt rushed or pressured to give up my table ot incoming guests.,table,table,neutral
train,3249,3249::term::0,"Unfortunately, the food is outstanding, but everything else about this restaurant is the pits.",food,food,positive
train,3207,3207::term::0,We always have a delicious meal and always leave feeling satisfied.,meal,meal,positive
train,672,672::term::0,"Dip the ingredients in with your chopsticks, swirl them around, and eat.",ingredients,ingredients,neutral
train,672,672::term::1,"Dip the ingredients in with your chopsticks, swirl them around, and eat.",chopsticks,chopsticks,neutral
train,2972,2972::term::0,First went here to enjoy their garden terrace.,garden terrace,garden terrace,positive
train,1755,1755::term::0,The pizza was pretty good and huge.,pizza,pizza,positive
train,2277,2277::term::0,"The cuisine from what I've gathered is authentic Taiwanese, though its very different from what I've been accustomed to in Taipei.",cuisine,cuisine,neutral
train,3680,3680::term::0,I almost hesititate to write a review because the atmosphere was so great and I would hate for it too become to crowded.,atmosphere,atmosphere,positive
train,3155,3155::term::0,They are often crowded on the weekends but they are efficient and accurate with their service.,service,service,positive
train,3155,3155::term::1,They are often crowded on the weekends but they are efficient and accurate with their service.,crowded,crowded,negative
train,1688,1688::term::0,All my co-workers were amazed at how small the dish was.,dish,dish,negative
train,598,598::term::0,"The atmosphere is unheralded, the service impecible, and the food magnificant.",atmosphere,atmosphere,positive
train,598,598::term::1,"The atmosphere is unheralded, the service impecible, and the food magnificant.",service,service,positive
train,598,598::term::2,"The atmosphere is unheralded, the service impecible, and the food magnificant.",food,food,positive
train,2926,2926::term::0,"We ordered the special, grilled branzino, that was so infused with bone, it was difficult to eat.",grilled branzino,grilled branzino,negative
train,3083,3083::term::0,"The wait staff is friendly, and the food has gotten better and better!",wait staff,wait staff,positive
train,3083,3083::term::1,"The wait staff is friendly, and the food has gotten better and better!",food,food,positive
train,2977,2977::term::0,"It may be a bit packed on weekends, but the vibe is good and it is the best French food you will find in the area.",vibe,vibe,positive
train,2977,2977::term::1,"It may be a bit packed on weekends, but the vibe is good and it is the best French food you will find in the area.",French food,french food,positive
train,2977,2977::term::2,"It may be a bit packed on weekends, but the vibe is good and it is the best French food you will find in the area.",packed,packed,negative
train,2604,2604::term::0,Right off the L in Brooklyn this is a nice cozy place with good pizza.,pizza,pizza,positive
train,2604,2604::term::1,Right off the L in Brooklyn this is a nice cozy place with good pizza.,place,place,positive
train,2960,2960::term::0,Le Pere Pinard has a $15 pre-theater menu that is outstanding.,pre-theater menu,pre-theater menu,positive
train,1383,1383::term::0,I also ordered for delivery and the restaurant forgot half the order.,delivery,delivery,negative
train,1383,1383::term::1,I also ordered for delivery and the restaurant forgot half the order.,order,order,negative
train,892,892::term::0,Our server checked on us maybe twice during the entire meal.,server,server,negative
train,892,892::term::1,Our server checked on us maybe twice during the entire meal.,meal,meal,neutral
train,2936,2936::term::0,The strong scents coming from the left and right of me negatively affected my taste buds.,scents,scents,negative
train,3423,3423::term::0,We had the lobster sandwich and it was FANTASTIC.,lobster sandwich,lobster sandwich,positive
train,1197,1197::term::0,"Had we been stalling I could understand where they were coming from, but we had been there less than an hour and they hadn't even brought us a check yet!",check,check,negative
train,2274,2274::term::0,"Though the Spider Roll may look like a challenge to eat, with soft shell crab hanging out of the roll, it is well worth the price you pay for them.",Spider Roll,spider roll,conflict
train,2274,2274::term::1,"Though the Spider Roll may look like a challenge to eat, with soft shell crab hanging out of the roll, it is well worth the price you pay for them.",price,price,positive
train,2274,2274::term::2,"Though the Spider Roll may look like a challenge to eat, with soft shell crab hanging out of the roll, it is well worth the price you pay for them.",shell crab,shell crab,positive
train,2804,2804::term::0,Deep Fried Skewers are good and still rare to find in NYC.,Deep Fried Skewers,deep fried skewers,positive
train,194,194::term::0,"I have tried to make reservations, but both times, the hostess didn't have my name.",reservations,reservations,neutral
train,194,194::term::1,"I have tried to make reservations, but both times, the hostess didn't have my name.",hostess,hostess,negative
train,148,148::term::0,I also recommend the rice dishes or the different varieties of congee (rice porridge).,rice dishes,rice dishes,positive
train,148,148::term::1,I also recommend the rice dishes or the different varieties of congee (rice porridge).,congee (rice porridge),congee rice porridge ,positive
train,2747,2747::term::0,Their tuna tartar appetizer is to die for.,tuna tartar appetizer,tuna tartar appetizer,positive
train,856,856::term::0,"An oasis of refinement: Food, though somewhat uneven, often reaches the pinnacles of new American fine cuisine - chef's passion (and kitchen's precise execution) is most evident in the fish dishes and soups.",Food,food,conflict
train,856,856::term::1,"An oasis of refinement: Food, though somewhat uneven, often reaches the pinnacles of new American fine cuisine - chef's passion (and kitchen's precise execution) is most evident in the fish dishes and soups.",chef,chef,positive
train,856,856::term::2,"An oasis of refinement: Food, though somewhat uneven, often reaches the pinnacles of new American fine cuisine - chef's passion (and kitchen's precise execution) is most evident in the fish dishes and soups.",fish dishes,fish dishes,positive
train,856,856::term::3,"An oasis of refinement: Food, though somewhat uneven, often reaches the pinnacles of new American fine cuisine - chef's passion (and kitchen's precise execution) is most evident in the fish dishes and soups.",soups,soups,positive
train,856,856::term::4,"An oasis of refinement: Food, though somewhat uneven, often reaches the pinnacles of new American fine cuisine - chef's passion (and kitchen's precise execution) is most evident in the fish dishes and soups.",kitchen,kitchen,positive
train,856,856::term::5,"An oasis of refinement: Food, though somewhat uneven, often reaches the pinnacles of new American fine cuisine - chef's passion (and kitchen's precise execution) is most evident in the fish dishes and soups.",cuisine,cuisine,positive
train,2033,2033::term::0,"If you love wine and cheese and delicious french fare, you'll love Artisanal!",wine,wine,positive
train,2033,2033::term::1,"If you love wine and cheese and delicious french fare, you'll love Artisanal!",french fare,french fare,positive
train,2033,2033::term::2,"If you love wine and cheese and delicious french fare, you'll love Artisanal!",cheese,cheese,positive
train,1402,1402::term::0,I love Indian food and consider myself to be quite an expert on it.,Indian food,indian food,positive
train,439,439::term::0,Some baby pizzas get their wish.,baby pizzas,baby pizzas,neutral
train,2053,2053::term::0,Overall A oh ya even though there is waiting it is deff worth it,waiting,waiting,negative
train,3316,3316::term::0,The lava cake dessert was incredible and I recommend it.,lava cake dessert,lava cake dessert,positive
train,433,433::term::0,VT is what baby pizzas hope to be when they grow up.,baby pizzas,baby pizzas,neutral
train,738,738::term::0,"From the terrible service, to the bland food, not to mention the unaccommodating managers, the overall experience was horrible.",service,service,negative
train,738,738::term::1,"From the terrible service, to the bland food, not to mention the unaccommodating managers, the overall experience was horrible.",food,food,negative
train,738,738::term::2,"From the terrible service, to the bland food, not to mention the unaccommodating managers, the overall experience was horrible.",managers,managers,negative
train,1549,1549::term::0,Lahore is a great place to duck into late-night when you need some really tasty food on the cheap -- you'll likely have trouble finishing the amount of food you get for FOUR DOLLARS.,food,food,positive
train,1549,1549::term::1,Lahore is a great place to duck into late-night when you need some really tasty food on the cheap -- you'll likely have trouble finishing the amount of food you get for FOUR DOLLARS.,food,food,positive
train,1798,1798::term::0,The last time I went we were seated at a table in a corridor next to the kitchen.,table,table,negative
train,2941,2941::term::0,good selection of wines ranging from affordable to high end.,selection of wines,selection of wines,positive
train,362,362::term::0,"Nice restaurant overall, with classic upscale Italian decor.",Italian decor,italian decor,positive
train,2921,2921::term::0,Not impressed with the food.,food,food,negative
train,1909,1909::term::0,The entire dining experience was wonderful!,dining experience,dining experience,positive
train,1878,1878::term::0,The wine selection (by the glass and bottle) is wonderful and I always recommend that friends make a reservation if they're going to be in town.,wine selection,wine selection,positive
train,1878,1878::term::1,The wine selection (by the glass and bottle) is wonderful and I always recommend that friends make a reservation if they're going to be in town.,reservation,reservation,neutral
train,858,858::term::0,Service is highly refined: our seating was delayed 35 minutes past our reservation and the maitre d' apologized and regularly kept us apprised of progress.,Service,service,positive
train,858,858::term::1,Service is highly refined: our seating was delayed 35 minutes past our reservation and the maitre d' apologized and regularly kept us apprised of progress.,maitre,maitre,positive
train,858,858::term::2,Service is highly refined: our seating was delayed 35 minutes past our reservation and the maitre d' apologized and regularly kept us apprised of progress.,reservation,reservation,negative
train,3376,3376::term::0,"Order the panang duck, it's fantastic.",panang duck,panang duck,positive
train,173,173::term::0,"Food is usually very good, though ocasionally I wondered about freshmess of raw vegatables in side orders.",Food,food,conflict
train,173,173::term::1,"Food is usually very good, though ocasionally I wondered about freshmess of raw vegatables in side orders.",raw vegatables,raw vegatables,negative
train,1836,1836::term::0,"Other than the crappy service from two individuals, it's great.",service,service,negative
train,1404,1404::term::0,They have authentic Indian at amazin prices.,Indian,indian,positive
train,1404,1404::term::1,They have authentic Indian at amazin prices.,prices,prices,positive
train,1819,1819::term::0,Ambiance- relaxed and stylish.,Ambiance,ambiance,positive
train,2639,2639::term::0,"Luckily we saved room for the BBQ Salmon, Sea Bass and Crispy Duck.",BBQ Salmon,bbq salmon,positive
train,2639,2639::term::1,"Luckily we saved room for the BBQ Salmon, Sea Bass and Crispy Duck.",Sea Bass,sea bass,positive
train,2639,2639::term::2,"Luckily we saved room for the BBQ Salmon, Sea Bass and Crispy Duck.",Crispy Duck,crispy duck,positive
train,1474,1474::term::0,"Yes, they use fancy ingredients, but even fancy ingredients don't make for good pizza unless someone knows how to get the crust right.",ingredients,ingredients,positive
train,1474,1474::term::1,"Yes, they use fancy ingredients, but even fancy ingredients don't make for good pizza unless someone knows how to get the crust right.",ingredients,ingredients,positive
train,1474,1474::term::2,"Yes, they use fancy ingredients, but even fancy ingredients don't make for good pizza unless someone knows how to get the crust right.",pizza,pizza,negative
train,1474,1474::term::3,"Yes, they use fancy ingredients, but even fancy ingredients don't make for good pizza unless someone knows how to get the crust right.",crust,crust,neutral
train,2059,2059::term::0,and yes Dal Bukhara is so dam good and so are all the kababs.,kababs,kababs,positive
train,2059,2059::term::1,and yes Dal Bukhara is so dam good and so are all the kababs.,Dal Bukhara,dal bukhara,positive
train,926,926::term::0,I look forward to eating here again,eating,eating,positive
train,2385,2385::term::0,I've been coming here as a child and always come back for the taste.,taste,taste,positive
train,2498,2498::term::0,Tuk Tuk is one of those comfortable neighborhood joints where you know you will always have a good meal at a fair price.,meal,meal,positive
train,2498,2498::term::1,Tuk Tuk is one of those comfortable neighborhood joints where you know you will always have a good meal at a fair price.,price,price,positive
train,2469,2469::term::0,"A glass of Leaping Lizard, a glass of prosecco, and the mussels had everything happy.",glass of prosecco,glass of prosecco,positive
train,2469,2469::term::1,"A glass of Leaping Lizard, a glass of prosecco, and the mussels had everything happy.",mussels,mussels,positive
train,2469,2469::term::2,"A glass of Leaping Lizard, a glass of prosecco, and the mussels had everything happy.",glass of Leaping Lizard,glass of leaping lizard,positive
train,567,567::term::0,"Food was average and creme brulee was awful - the sugar was charred, not caramelized and smelled of kerosene.",Food,food,neutral
train,567,567::term::1,"Food was average and creme brulee was awful - the sugar was charred, not caramelized and smelled of kerosene.",creme brulee,creme brulee,negative
train,567,567::term::2,"Food was average and creme brulee was awful - the sugar was charred, not caramelized and smelled of kerosene.",sugar,sugar,negative
train,3517,3517::term::0,The food always tastes fresh and served promptly.,food,food,positive
train,3517,3517::term::1,The food always tastes fresh and served promptly.,served,served,positive
train,1599,1599::term::0,The pizza here is delicious.,pizza,pizza,positive
train,2548,2548::term::0,"Pizza and garlic knots are great as well, I order from them quite often and the delivery is always super quick!",Pizza,pizza,positive
train,2548,2548::term::1,"Pizza and garlic knots are great as well, I order from them quite often and the delivery is always super quick!",delivery,delivery,positive
train,2548,2548::term::2,"Pizza and garlic knots are great as well, I order from them quite often and the delivery is always super quick!",garlic knots,garlic knots,positive
train,759,759::term::0,"For great chinese food nearby, you have Wu Liang Ye and Grand Sichuan just a block away.",chinese food,chinese food,positive
train,3175,3175::term::0,But who says Murray's is anything about service.,service,service,neutral
train,2209,2209::term::0,"This place is really trendi but they have forgotten about the most important part of a restaurant, the food.",food,food,negative
train,1352,1352::term::0,Hats off to the chef.,chef,chef,positive
train,3537,3537::term::0,"Service could be improved but overall this is a place that understands the importance of little things (the heavy, black, antique-seeming teapot, for one) in the restaurant experience.",Service,service,negative
train,3537,3537::term::1,"Service could be improved but overall this is a place that understands the importance of little things (the heavy, black, antique-seeming teapot, for one) in the restaurant experience.",teapot,teapot,positive
train,1743,1743::term::0,"The pizza is delicious - they use fresh mozzarella instead of the cheap, frozen, shredded cheese common to most pizzaria's.",pizza,pizza,positive
train,1743,1743::term::1,"The pizza is delicious - they use fresh mozzarella instead of the cheap, frozen, shredded cheese common to most pizzaria's.",fresh mozzarella,fresh mozzarella,positive
train,1743,1743::term::2,"The pizza is delicious - they use fresh mozzarella instead of the cheap, frozen, shredded cheese common to most pizzaria's.",cheese,cheese,negative
train,1321,1321::term::0,Its an excellent place to relax and the food is one of the best in the city of New York.,place,place,positive
train,1321,1321::term::1,Its an excellent place to relax and the food is one of the best in the city of New York.,food,food,positive
train,2907,2907::term::0,"service is friendly, and never had a problem walking in and getting a table.",service,service,positive
train,2907,2907::term::1,"service is friendly, and never had a problem walking in and getting a table.",getting a table,getting a table,positive
train,1890,1890::term::0,The atmosphere was crowded but it was a great bistro-type vibe.,atmosphere,atmosphere,conflict
train,1890,1890::term::1,The atmosphere was crowded but it was a great bistro-type vibe.,bistro-type vibe,bistro-type vibe,positive
train,2588,2588::term::0,"First off, the waitress was completely unattentive the 2 times we saw her(odd in a restaurant with 6 tables) and got our order wrong.",waitress,waitress,negative
train,2588,2588::term::1,"First off, the waitress was completely unattentive the 2 times we saw her(odd in a restaurant with 6 tables) and got our order wrong.",tables,tables,neutral
train,3130,3130::term::0,The food was bland oily.,food,food,negative
train,709,709::term::0,"What is even better, is that the prices are very affordable as well, and the food is really good.",prices,prices,positive
train,709,709::term::1,"What is even better, is that the prices are very affordable as well, and the food is really good.",food,food,positive
train,1198,1198::term::0,The fish is fresh but the variety of fish is nothing out of ordinary.,fish,fish,positive
train,1198,1198::term::1,The fish is fresh but the variety of fish is nothing out of ordinary.,variety of fish,variety of fish,negative
train,2302,2302::term::0,"Our favorite meal is a pesto pizza, the house salad, and a good bottle of wine.",pesto pizza,pesto pizza,positive
train,2302,2302::term::1,"Our favorite meal is a pesto pizza, the house salad, and a good bottle of wine.",house salad,house salad,positive
train,2302,2302::term::2,"Our favorite meal is a pesto pizza, the house salad, and a good bottle of wine.",bottle of wine,bottle of wine,positive
train,2302,2302::term::3,"Our favorite meal is a pesto pizza, the house salad, and a good bottle of wine.",meal,meal,positive
train,1110,1110::term::0,"And Kruno, the beverage manager is the best bartender I have yet to come across.",bartender,bartender,positive
train,1110,1110::term::1,"And Kruno, the beverage manager is the best bartender I have yet to come across.",beverage manager,beverage manager,positive
train,973,973::term::0,"Ambiance and music funky, which I enjoy.",Ambiance,ambiance,positive
train,973,973::term::1,"Ambiance and music funky, which I enjoy.",music,music,positive
train,2132,2132::term::0,"The food, drinks and service are clearly among the best in the city.",food,food,positive
train,2132,2132::term::1,"The food, drinks and service are clearly among the best in the city.",drinks,drinks,positive
train,2132,2132::term::2,"The food, drinks and service are clearly among the best in the city.",service,service,positive
train,231,231::term::0,I went there in late afternoon for some bite size food and refleshment with my date.,food,food,neutral
train,231,231::term::1,I went there in late afternoon for some bite size food and refleshment with my date.,refleshment,refleshment,neutral
train,250,250::term::0,"I understand the area and folks you need not come here for the romantic, alluring ambiance or the five star service featuring a sommlier and a complicated maze of captain and back waiters - you come for the authentic foods, the tastes, the experiance.",ambiance,ambiance,positive
train,250,250::term::1,"I understand the area and folks you need not come here for the romantic, alluring ambiance or the five star service featuring a sommlier and a complicated maze of captain and back waiters - you come for the authentic foods, the tastes, the experiance.",service,service,positive
train,250,250::term::2,"I understand the area and folks you need not come here for the romantic, alluring ambiance or the five star service featuring a sommlier and a complicated maze of captain and back waiters - you come for the authentic foods, the tastes, the experiance.",foods,foods,positive
train,250,250::term::3,"I understand the area and folks you need not come here for the romantic, alluring ambiance or the five star service featuring a sommlier and a complicated maze of captain and back waiters - you come for the authentic foods, the tastes, the experiance.",tastes,tastes,positive
train,250,250::term::4,"I understand the area and folks you need not come here for the romantic, alluring ambiance or the five star service featuring a sommlier and a complicated maze of captain and back waiters - you come for the authentic foods, the tastes, the experiance.",sommlier,sommlier,positive
train,250,250::term::5,"I understand the area and folks you need not come here for the romantic, alluring ambiance or the five star service featuring a sommlier and a complicated maze of captain and back waiters - you come for the authentic foods, the tastes, the experiance.",captain,captain,positive
train,250,250::term::6,"I understand the area and folks you need not come here for the romantic, alluring ambiance or the five star service featuring a sommlier and a complicated maze of captain and back waiters - you come for the authentic foods, the tastes, the experiance.",back waiters,back waiters,positive
train,2988,2988::term::0,"Last time I went here, the waitress didn't come back after taking our order.",waitress,waitress,negative
train,3092,3092::term::0,Try the tandoori salmon!,tandoori salmon,tandoori salmon,positive
train,3686,3686::term::0,"Eating in, the atmosphere saves it, but at your desk, it's a very disappointing experience.",atmosphere,atmosphere,positive
train,1922,1922::term::0,"Granted the space is smaller than most, it is the best service you will find in even the largest of restaurants.",space,space,negative
train,1922,1922::term::1,"Granted the space is smaller than most, it is the best service you will find in even the largest of restaurants.",service,service,positive
train,2454,2454::term::0,I love the atmorphere @ peep!,atmorphere,atmorphere,positive
train,603,603::term::0,The service was attentive and her suggestions of menu items was right on the mark.,service,service,positive
train,603,603::term::1,The service was attentive and her suggestions of menu items was right on the mark.,menu items,menu items,positive
train,678,678::term::0,The other night we had the $30 three course meal and everything was delicious - if I could of licked the plate clean I would of.,three course meal,three course meal,positive
train,1830,1830::term::0,"Even after getting pushed out by the no-class Famous Ray's, Sal has risen again to carry on his father's uncle's legacies with a smile, true love for his community, and let's not forget the Outstanding Pizza!",Pizza,pizza,positive
train,2521,2521::term::0,"The environment is romantic, but the food is horrible, the service is pathetic, and gabriella lies about everything she could.",environment,environment,positive
train,2521,2521::term::1,"The environment is romantic, but the food is horrible, the service is pathetic, and gabriella lies about everything she could.",food,food,negative
train,2521,2521::term::2,"The environment is romantic, but the food is horrible, the service is pathetic, and gabriella lies about everything she could.",service,service,negative
train,1918,1918::term::0,"We had crawfish boiled and despite making a mess, it was a ton of fun and quite tasty as well.",crawfish boiled,crawfish boiled,positive
train,2930,2930::term::0,I had very high expectations for this place and made a reservation a couple of months in advance for a special occasion.,reservation,reservation,neutral
train,887,887::term::0,What came to our table was burned beyond recognition and stringy.,table,table,neutral
train,2448,2448::term::0,I had the Pad Thai and the noodles were sticky.,Pad Thai,pad thai,negative
train,2448,2448::term::1,I had the Pad Thai and the noodles were sticky.,noodles,noodles,negative
train,3244,3244::term::0,"So I've never actually been to M proper, but I've had it delivered a few times.",delivered,delivered,neutral
train,1478,1478::term::0,"Among all of the new 5th avenue restaurants, this offers by far one of the best values for your money.",values for your money,values for your money,positive
train,1413,1413::term::0,"Frankly, when you compare what you can have here for lunch, versus McDs or so many other sandwich shops in the city, there is no comparison.",lunch,lunch,positive
train,3129,3129::term::0,The hostess is rude to the point of being offensive.,hostess,hostess,negative
train,2271,2271::term::0,"If you're craving for Haru's great food, especially the House Roll, but can't stand the wait building outisde, head across the street to their Sake Bar!",food,food,positive
train,2271,2271::term::1,"If you're craving for Haru's great food, especially the House Roll, but can't stand the wait building outisde, head across the street to their Sake Bar!",wait building,wait building,negative
train,1554,1554::term::0,"A narrow corridor leads to a tiny space where there are three tiny white tiled counters, a great deal of mess (stacks of bottles, cans) and a small counter holding 12-14 entrees.",corridor,corridor,negative
train,1554,1554::term::1,"A narrow corridor leads to a tiny space where there are three tiny white tiled counters, a great deal of mess (stacks of bottles, cans) and a small counter holding 12-14 entrees.",space,space,negative
train,1554,1554::term::2,"A narrow corridor leads to a tiny space where there are three tiny white tiled counters, a great deal of mess (stacks of bottles, cans) and a small counter holding 12-14 entrees.",counters,counters,negative
train,1554,1554::term::3,"A narrow corridor leads to a tiny space where there are three tiny white tiled counters, a great deal of mess (stacks of bottles, cans) and a small counter holding 12-14 entrees.",counter,counter,negative
train,1554,1554::term::4,"A narrow corridor leads to a tiny space where there are three tiny white tiled counters, a great deal of mess (stacks of bottles, cans) and a small counter holding 12-14 entrees.",entrees,entrees,neutral
train,2306,2306::term::0,The food is great.,food,food,positive
train,1975,1975::term::0,Succulent steaks cooked precisely to your desired 'doneness' accompanied by salads and sides that don't look like leafy road kill.,steaks,steaks,positive
train,1975,1975::term::1,Succulent steaks cooked precisely to your desired 'doneness' accompanied by salads and sides that don't look like leafy road kill.,salads,salads,positive
train,1975,1975::term::2,Succulent steaks cooked precisely to your desired 'doneness' accompanied by salads and sides that don't look like leafy road kill.,sides,sides,positive
train,3699,3699::term::0,"Lunch came with pickels and slaw, no extra charge.",Lunch,lunch,positive
train,3699,3699::term::1,"Lunch came with pickels and slaw, no extra charge.",pickels and slaw,pickels and slaw,neutral
train,2875,2875::term::0,Decent wine at reasonable prices.,wine,wine,positive
train,2875,2875::term::1,Decent wine at reasonable prices.,prices,prices,positive
train,2303,2303::term::0,All conveniently delivered right to the door.,delivered,delivered,positive
train,2513,2513::term::0,even the wine by the glass was good.,wine by the glass,wine by the glass,positive
train,809,809::term::0,would have rather tried terrace in the sky or water club for that price,price,price,negative
train,141,141::term::0,This dish is my favorite and I always get it when I go there and never get tired of it.,dish,dish,positive
train,3655,3655::term::0,"I also ordered the Change Mojito, which was out of this world.",Change Mojito,change mojito,positive
train,2098,2098::term::0,Okay service.,service,service,neutral
train,1624,1624::term::0,The only thing more wonderful than the food (which is exceptional) is the service.,food,food,positive
train,1624,1624::term::1,The only thing more wonderful than the food (which is exceptional) is the service.,service,service,positive
train,2377,2377::term::0,"The food was just awful, ATROCIOUS actually.",food,food,negative
train,338,338::term::0,The soup for the udon was soy sauce and water.,soup for the udon,soup for the udon,negative
train,338,338::term::1,The soup for the udon was soy sauce and water.,soy sauce,soy sauce,neutral
train,338,338::term::2,The soup for the udon was soy sauce and water.,water,water,neutral
train,1630,1630::term::0,"The anti-pasta was excellent, especially the calamari, as were the filling pasta mains.",anti-pasta,anti-pasta,positive
train,1630,1630::term::1,"The anti-pasta was excellent, especially the calamari, as were the filling pasta mains.",calamari,calamari,positive
train,1630,1630::term::2,"The anti-pasta was excellent, especially the calamari, as were the filling pasta mains.",filling pasta mains,filling pasta mains,positive
train,1907,1907::term::0,The waitress suggested glasses of wine that went very well with the food.,waitress,waitress,positive
train,1907,1907::term::1,The waitress suggested glasses of wine that went very well with the food.,food,food,neutral
train,1907,1907::term::2,The waitress suggested glasses of wine that went very well with the food.,glasses of wine,glasses of wine,positive
train,1535,1535::term::0,"They might be all business at the counter when you give your order, but their food says I love you.",food,food,positive
train,1535,1535::term::1,"They might be all business at the counter when you give your order, but their food says I love you.",counter,counter,negative
train,3202,3202::term::0,"We are very particular about sushi and were both please with every choice which included: ceviche mix (special), crab dumplings, assorted sashimi, sushi and rolls, two types of sake, and the banana tempura.",sushi,sushi,positive
train,3202,3202::term::1,"We are very particular about sushi and were both please with every choice which included: ceviche mix (special), crab dumplings, assorted sashimi, sushi and rolls, two types of sake, and the banana tempura.",ceviche mix (special),ceviche mix special ,positive
train,3202,3202::term::2,"We are very particular about sushi and were both please with every choice which included: ceviche mix (special), crab dumplings, assorted sashimi, sushi and rolls, two types of sake, and the banana tempura.",crab dumplings,crab dumplings,positive
train,3202,3202::term::3,"We are very particular about sushi and were both please with every choice which included: ceviche mix (special), crab dumplings, assorted sashimi, sushi and rolls, two types of sake, and the banana tempura.",assorted sashimi,assorted sashimi,positive
train,3202,3202::term::4,"We are very particular about sushi and were both please with every choice which included: ceviche mix (special), crab dumplings, assorted sashimi, sushi and rolls, two types of sake, and the banana tempura.",sushi,sushi,positive
train,3202,3202::term::5,"We are very particular about sushi and were both please with every choice which included: ceviche mix (special), crab dumplings, assorted sashimi, sushi and rolls, two types of sake, and the banana tempura.",rolls,rolls,positive
train,3202,3202::term::6,"We are very particular about sushi and were both please with every choice which included: ceviche mix (special), crab dumplings, assorted sashimi, sushi and rolls, two types of sake, and the banana tempura.",sake,sake,positive
train,3202,3202::term::7,"We are very particular about sushi and were both please with every choice which included: ceviche mix (special), crab dumplings, assorted sashimi, sushi and rolls, two types of sake, and the banana tempura.",banana tempura,banana tempura,positive
train,449,449::term::0,Try their plain pizza with fresh garlic or eggplant.,plain pizza,plain pizza,positive
train,449,449::term::1,Try their plain pizza with fresh garlic or eggplant.,garlic,garlic,positive
train,449,449::term::2,Try their plain pizza with fresh garlic or eggplant.,eggplant,eggplant,positive
train,927,927::term::0,"Ok, so the servers wander around a little clueless, but there's more than enough servers for the crowd they get -- it's fine, you just have to make a small effort to get their attention.",servers,servers,negative
train,927,927::term::1,"Ok, so the servers wander around a little clueless, but there's more than enough servers for the crowd they get -- it's fine, you just have to make a small effort to get their attention.",servers,servers,conflict
train,585,585::term::0,Good luck getting a table.,getting a table,getting a table,negative
train,345,345::term::0,The service is awful.,service,service,negative
train,1494,1494::term::0,"The takeout menu says to keep an eye out for an expanded menu offering more italian dishes, I can't wait!",takeout menu,takeout menu,positive
train,1494,1494::term::1,"The takeout menu says to keep an eye out for an expanded menu offering more italian dishes, I can't wait!",menu,menu,positive
train,1494,1494::term::2,"The takeout menu says to keep an eye out for an expanded menu offering more italian dishes, I can't wait!",italian dishes,italian dishes,positive
train,3194,3194::term::0,"I am not the most experienced person when it comes to Thai food, but my friend who took me there is.",Thai food,thai food,neutral
train,2393,2393::term::0,Regardless of whether there are two people or two hundred people ahead of you the hostess will take your name and tell you Five minutes.,hostess,hostess,positive
train,1278,1278::term::0,The pizza is good though.,pizza,pizza,positive
train,2201,2201::term::0,bottles of wine are cheap and good.,bottles of wine,bottles of wine,positive
train,620,620::term::0,"The have over 100 different beers to offer thier guest so that made my husband very happy and the food was delicious, if I must recommend a dish it must be the pumkin tortelini.",beers,beers,positive
train,620,620::term::1,"The have over 100 different beers to offer thier guest so that made my husband very happy and the food was delicious, if I must recommend a dish it must be the pumkin tortelini.",food,food,positive
train,620,620::term::2,"The have over 100 different beers to offer thier guest so that made my husband very happy and the food was delicious, if I must recommend a dish it must be the pumkin tortelini.",pumkin tortelini,pumkin tortelini,positive
train,620,620::term::3,"The have over 100 different beers to offer thier guest so that made my husband very happy and the food was delicious, if I must recommend a dish it must be the pumkin tortelini.",dish,dish,positive
train,3541,3541::term::0,They didn't give us the dinner special until we asked for it.,dinner special,dinner special,negative
train,865,865::term::0,You must have the crabmeat lasagna which is out of this world and the chocolate bread pudding for dessert.,crabmeat lasagna,crabmeat lasagna,positive
train,865,865::term::1,You must have the crabmeat lasagna which is out of this world and the chocolate bread pudding for dessert.,chocolate bread pudding,chocolate bread pudding,positive
train,865,865::term::2,You must have the crabmeat lasagna which is out of this world and the chocolate bread pudding for dessert.,dessert,dessert,positive
train,375,375::term::0,"word of advice, save room for pasta dishes and never leave until you've had the tiramisu.",pasta dishes,pasta dishes,positive
train,375,375::term::1,"word of advice, save room for pasta dishes and never leave until you've had the tiramisu.",tiramisu,tiramisu,positive
train,2126,2126::term::0,Very good service and very good prices.,service,service,positive
train,2126,2126::term::1,Very good service and very good prices.,prices,prices,positive
train,2078,2078::term::0,I recently went to this restaurant with some co-workers for lunch and had an amazing time.,lunch,lunch,neutral
train,846,846::term::0,"The service was impeccable and unobtrusive -- the staff knows what they are there to do -- to know their menu, present your meal, and attend to your needs.",service,service,positive
train,846,846::term::1,"The service was impeccable and unobtrusive -- the staff knows what they are there to do -- to know their menu, present your meal, and attend to your needs.",staff,staff,positive
train,846,846::term::2,"The service was impeccable and unobtrusive -- the staff knows what they are there to do -- to know their menu, present your meal, and attend to your needs.",menu,menu,neutral
train,846,846::term::3,"The service was impeccable and unobtrusive -- the staff knows what they are there to do -- to know their menu, present your meal, and attend to your needs.",meal,meal,neutral
train,2158,2158::term::0,Ess-A-Bagel (either by Sty-town or midtown) is by far the best bagel in NY.,bagel,bagel,positive
train,1578,1578::term::0,Our food was great too!,food,food,positive
train,1319,1319::term::0,"The most annoying thing, though, is the fact that the servers seem to be trained to drive revenue.",servers,servers,negative
train,1175,1175::term::0,"Get your food to go, find a bench, and kick back with a plate of dumplings.",food,food,neutral
train,1175,1175::term::1,"Get your food to go, find a bench, and kick back with a plate of dumplings.",plate of dumplings,plate of dumplings,positive
train,1115,1115::term::0,"Please try the Filet Mignon, its just the most tender piece ever.",Filet Mignon,filet mignon,positive
train,34,34::term::0,"We were still sitting at the bar while we drank the sangria, but facing away from the bar when we turned back around, the $2 was gone the people next to us said the bartender took it.",sangria,sangria,neutral
train,34,34::term::1,"We were still sitting at the bar while we drank the sangria, but facing away from the bar when we turned back around, the $2 was gone the people next to us said the bartender took it.",bar,bar,neutral
train,34,34::term::2,"We were still sitting at the bar while we drank the sangria, but facing away from the bar when we turned back around, the $2 was gone the people next to us said the bartender took it.",bar,bar,neutral
train,34,34::term::3,"We were still sitting at the bar while we drank the sangria, but facing away from the bar when we turned back around, the $2 was gone the people next to us said the bartender took it.",bartender,bartender,negative
train,395,395::term::0,The sake menu should not be overlooked!,sake menu,sake menu,positive
train,3102,3102::term::0,the drinks are amazing and half off till 8pm.,drinks,drinks,positive
train,984,984::term::0,i've been back to nha trang literally a hundred times for the beef cubes - they're that good.,beef cubes,beef cubes,positive
train,1969,1969::term::0,"The service, wine selection, ambiance are all outstanding and deserve recognition.",service,service,positive
train,1969,1969::term::1,"The service, wine selection, ambiance are all outstanding and deserve recognition.",wine selection,wine selection,positive
train,1969,1969::term::2,"The service, wine selection, ambiance are all outstanding and deserve recognition.",ambiance,ambiance,positive
train,763,763::term::0,"We were seated promptly as we had reservations, however after that the service was slow.",reservations,reservations,positive
train,763,763::term::1,"We were seated promptly as we had reservations, however after that the service was slow.",service,service,negative
train,754,754::term::0,"It's really also the service, is good and the waiters are friendly.",service,service,positive
train,754,754::term::1,"It's really also the service, is good and the waiters are friendly.",waiters,waiters,positive
train,691,691::term::0,"The food was pretty good, but a little flavorless and the portions very small, including dessert.",food,food,conflict
train,691,691::term::1,"The food was pretty good, but a little flavorless and the portions very small, including dessert.",dessert,dessert,negative
train,691,691::term::2,"The food was pretty good, but a little flavorless and the portions very small, including dessert.",portions,portions,negative
train,999,999::term::0,"It is set far from the small street it's on, and there is no traffic noise.",traffic noise,traffic noise,positive
train,247,247::term::0,Lived in Shanghai most of my life and thought the food was comparable to the flagship Green Bo restaurant there.,food,food,positive
train,2823,2823::term::0,"I highly recommend Cafe St. Bart's for their food, the ambience and wonderful service.",food,food,positive
train,2823,2823::term::1,"I highly recommend Cafe St. Bart's for their food, the ambience and wonderful service.",ambience,ambience,positive
train,2823,2823::term::2,"I highly recommend Cafe St. Bart's for their food, the ambience and wonderful service.",service,service,positive
train,2649,2649::term::0,This is a nice restaurant if you are looking for a good place to host an intimate dinner meeting with business associates.,dinner meeting,dinner meeting,neutral
train,2396,2396::term::0,All the NYU students love this place so it makes for a fun young atmosphere.,atmosphere,atmosphere,positive
train,139,139::term::0,The food here does a great service to the name (Cantonese that is...).,food,food,positive
train,139,139::term::1,The food here does a great service to the name (Cantonese that is...).,Cantonese,cantonese,positive
train,841,841::term::0,"But, nothing stands out about the cooking.",cooking,cooking,neutral
train,3477,3477::term::0,Joya used to be a cool spot with decent food and a colorful - if not relaxed - atmosphere.,food,food,positive
train,3477,3477::term::1,Joya used to be a cool spot with decent food and a colorful - if not relaxed - atmosphere.,atmosphere,atmosphere,positive
train,90,90::term::0,The Prix Fixe menu is worth every penny and you get more than enough (both in quantity AND quality).,Prix Fixe menu,prix fixe menu,positive
train,90,90::term::1,The Prix Fixe menu is worth every penny and you get more than enough (both in quantity AND quality).,quantity,quantity,positive
train,90,90::term::2,The Prix Fixe menu is worth every penny and you get more than enough (both in quantity AND quality).,quality,quality,positive
train,298,298::term::0,I've been here 3 times for lunch and it is one of my favorites in the city.,lunch,lunch,neutral
train,1104,1104::term::0,"I had their eggs benedict for brunch, which were the worst in my entire life, I tried removing the hollondaise sauce completely that was how failed it was.",eggs benedict,eggs benedict,negative
train,1104,1104::term::1,"I had their eggs benedict for brunch, which were the worst in my entire life, I tried removing the hollondaise sauce completely that was how failed it was.",hollondaise sauce,hollondaise sauce,negative
train,1104,1104::term::2,"I had their eggs benedict for brunch, which were the worst in my entire life, I tried removing the hollondaise sauce completely that was how failed it was.",brunch,brunch,neutral
train,2563,2563::term::0,"I work near-by, and they have the BEST oatmeal in the neighborhood- not a packaged or quick-cooked item.",oatmeal,oatmeal,positive
train,2790,2790::term::0,Too bad the food wasn't of the same heritage.,food,food,negative
train,323,323::term::0,"The menu looked good, except for offering the Chilean Sea Bass, but the server does not offer up the specials that were written on the board outside.",menu,menu,positive
train,323,323::term::1,"The menu looked good, except for offering the Chilean Sea Bass, but the server does not offer up the specials that were written on the board outside.",Chilean Sea Bass,chilean sea bass,negative
train,323,323::term::2,"The menu looked good, except for offering the Chilean Sea Bass, but the server does not offer up the specials that were written on the board outside.",server,server,negative
train,323,323::term::3,"The menu looked good, except for offering the Chilean Sea Bass, but the server does not offer up the specials that were written on the board outside.",specials,specials,neutral
train,1891,1891::term::0,"The food was really good, I had the onion soup and it was one of the best ever.",food,food,positive
train,1891,1891::term::1,"The food was really good, I had the onion soup and it was one of the best ever.",onion soup,onion soup,positive
train,3451,3451::term::0,"overall, a solid restaurant and at less than $40pp (including wine), a solid deal as well.",wine,wine,neutral
train,1551,1551::term::0,"Since it literally is a complete hole in the wall, it's a bit intimidating at first, but you get over that very quickly as soon as the friendly staff welcomes you - don't hesitate to ask for help with what to get.",staff,staff,positive
train,3146,3146::term::0,"Based on the reviews for dinner, this is a place I would reconsider revisiting for that, but definitely not for Dim Sum again.",Dim Sum,dim sum,negative
train,3146,3146::term::1,"Based on the reviews for dinner, this is a place I would reconsider revisiting for that, but definitely not for Dim Sum again.",dinner,dinner,positive
train,1785,1785::term::0,"It costs $2 extra to turn a regular roll into an inside-out roll, but the roll more than triples in size, and that's not just from the rice.",roll,roll,negative
train,1785,1785::term::1,"It costs $2 extra to turn a regular roll into an inside-out roll, but the roll more than triples in size, and that's not just from the rice.",roll,roll,negative
train,1785,1785::term::2,"It costs $2 extra to turn a regular roll into an inside-out roll, but the roll more than triples in size, and that's not just from the rice.",roll,roll,negative
train,1785,1785::term::3,"It costs $2 extra to turn a regular roll into an inside-out roll, but the roll more than triples in size, and that's not just from the rice.",rice,rice,neutral
train,3650,3650::term::0,"When he finally did, he was unable to make a gin and tonic -- couldn't find tonic.",gin and tonic,gin and tonic,neutral
train,3650,3650::term::1,"When he finally did, he was unable to make a gin and tonic -- couldn't find tonic.",tonic,tonic,neutral
train,2084,2084::term::0,"The dim sum is ok but doesn't taste that fresh, and the little dishes don't look steamy hot as they should (also note lack of Chinese here).",dim sum,dim sum,negative
train,2084,2084::term::1,"The dim sum is ok but doesn't taste that fresh, and the little dishes don't look steamy hot as they should (also note lack of Chinese here).",little dishes,little dishes,negative
train,3193,3193::term::0,"The service is ok, some of the people didn't get what they asked for.",service,service,neutral
train,2212,2212::term::0,If you want good authentic Thai this place is not the place to go.,Thai,thai,negative
train,3426,3426::term::0,I recommend getting a reservation even though we saw people seated without one.,reservation,reservation,neutral
train,1138,1138::term::0,The only thing I moderately enjoyed was their Grilled Chicken special with Edamame Puree.,Grilled Chicken special with Edamame Puree,grilled chicken special with edamame puree,neutral
train,128,128::term::0,"If you want some roast duck, pork or chicken on rice with ginger, try them out!",roast duck,roast duck,positive
train,128,128::term::1,"If you want some roast duck, pork or chicken on rice with ginger, try them out!",pork,pork,positive
train,128,128::term::2,"If you want some roast duck, pork or chicken on rice with ginger, try them out!",chicken on rice with ginger,chicken on rice with ginger,positive
train,1008,1008::term::0,"You order from a menu, so you leave feeling like you missed the full experience.",menu,menu,negative
train,2124,2124::term::0,Staff is very accomodating.,Staff,staff,positive
train,1950,1950::term::0,I went to Del Frisco's Friday night with my boyfriend for an 8:00 reservation.,reservation,reservation,neutral
train,1133,1133::term::0,yourself a favor and have dinner here and see if you dont agree with me.,dinner,dinner,neutral
train,2801,2801::term::0,Very popular style Izakaya (Sake and small portion of sake-friendly dishes ).,Sake,sake,positive
train,2801,2801::term::1,Very popular style Izakaya (Sake and small portion of sake-friendly dishes ).,dishes,dishes,positive
train,2801,2801::term::2,Very popular style Izakaya (Sake and small portion of sake-friendly dishes ).,portion,portion,neutral
train,224,224::term::0,"The food was terrific and the service classy, attentive, without being overbearing.",food,food,positive
train,224,224::term::1,"The food was terrific and the service classy, attentive, without being overbearing.",service,service,positive
train,2434,2434::term::0,This is an amazing place to try some roti rolls.,roti rolls,roti rolls,positive
train,459,459::term::0,Fresh ingredients and everything is made to order.,ingredients,ingredients,positive
train,3042,3042::term::0,"We have never had any problems with charging the meal or the tip, and the food was delivered quickly, but we live only a few minutes walk from them.",meal,meal,positive
train,3042,3042::term::1,"We have never had any problems with charging the meal or the tip, and the food was delivered quickly, but we live only a few minutes walk from them.",food,food,positive
train,3042,3042::term::2,"We have never had any problems with charging the meal or the tip, and the food was delivered quickly, but we live only a few minutes walk from them.",tip,tip,positive
train,152,152::term::0,Quick and friendly service.,service,service,positive
train,2426,2426::term::0,"They are tasty, but I suggest only eating one with meat because they tend not to mesh that well with the average American digestive system.",meat,meat,neutral
train,494,494::term::0,"Try the hot dogs too, they're snappy and delicious.",hot dogs,hot dogs,positive
train,1033,1033::term::0,Delivery is fast too.,Delivery,delivery,positive
train,2486,2486::term::0,"The noise level was unbearable, conversation impossible.",noise level,noise level,negative
train,2307,2307::term::0,Personal pans are the perfect size for those hungry nights.,Personal pans,personal pans,positive
train,1646,1646::term::0,Highly recommended is the Spicy Fried Clam Rolls and Spider Rolls.,Spicy Fried Clam Rolls,spicy fried clam rolls,positive
train,1646,1646::term::1,Highly recommended is the Spicy Fried Clam Rolls and Spider Rolls.,Spider Rolls,spider rolls,positive
train,3255,3255::term::0,One of the earlier people commenting on the restaurant did not get the that some experimenting is going on with the menu in a positive way.,menu,menu,positive
train,318,318::term::0,The atmosphere is great if your looking for a laid back scene and an inexpensive way to spend a weekend afternoon.,atmosphere,atmosphere,positive
train,198,198::term::0,"Odd for Ave B, not just odd, The place attracts an eclectic crowd to say the least.",place,place,positive
train,1269,1269::term::0,Instead of wasting your time here: SUPPORT RESTAURANTS THAT CARE ABOUT FOOD.,FOOD,food,neutral
train,2062,2062::term::0,just got back from lunch at Tamarind and it was excellent.,lunch,lunch,positive
train,3557,3557::term::0,"head and shoulders above its neighboors on east 6 st, taj mahal is also very comparable, in food quality, to the much overpraised (and underdeserving) baluchi's.",food quality,food quality,positive
train,38,38::term::0,"The man that was hosting promised to save a table for our party of 7, then sat a party of 2 at the very table he was saving (mean while there were boths open all around).",man,man,negative
train,38,38::term::1,"The man that was hosting promised to save a table for our party of 7, then sat a party of 2 at the very table he was saving (mean while there were boths open all around).",table,table,neutral
train,38,38::term::2,"The man that was hosting promised to save a table for our party of 7, then sat a party of 2 at the very table he was saving (mean while there were boths open all around).",table,table,negative
train,1957,1957::term::0,Try the cheesecake!,cheesecake,cheesecake,positive
train,1542,1542::term::0,As we were sitting eating the subpar food the manager proceeded to berate a couple of his employees for putting out the wrong containers for condiments and explained to them how expensive these containers were.,food,food,negative
train,1542,1542::term::1,As we were sitting eating the subpar food the manager proceeded to berate a couple of his employees for putting out the wrong containers for condiments and explained to them how expensive these containers were.,employees,employees,negative
train,1542,1542::term::2,As we were sitting eating the subpar food the manager proceeded to berate a couple of his employees for putting out the wrong containers for condiments and explained to them how expensive these containers were.,containers for condiments,containers for condiments,negative
train,1542,1542::term::3,As we were sitting eating the subpar food the manager proceeded to berate a couple of his employees for putting out the wrong containers for condiments and explained to them how expensive these containers were.,containers,containers,neutral
train,1542,1542::term::4,As we were sitting eating the subpar food the manager proceeded to berate a couple of his employees for putting out the wrong containers for condiments and explained to them how expensive these containers were.,manager,manager,negative
train,2328,2328::term::0,Great Indian food and the service is incredible.,Indian food,indian food,positive
train,2328,2328::term::1,Great Indian food and the service is incredible.,service,service,positive
train,504,504::term::0,"Decor is nice and minimalist, food simple yet very well presented and cooked, and the wine list matches the food very well.",Decor,decor,positive
train,504,504::term::1,"Decor is nice and minimalist, food simple yet very well presented and cooked, and the wine list matches the food very well.",food,food,positive
train,504,504::term::2,"Decor is nice and minimalist, food simple yet very well presented and cooked, and the wine list matches the food very well.",wine list,wine list,positive
train,504,504::term::3,"Decor is nice and minimalist, food simple yet very well presented and cooked, and the wine list matches the food very well.",food,food,neutral
train,1853,1853::term::0,"I had the salmon dish and while it was fine, for the price paid, I expected it to have some type of flavor.",salmon dish,salmon dish,conflict
train,1853,1853::term::1,"I had the salmon dish and while it was fine, for the price paid, I expected it to have some type of flavor.",flavor,flavor,negative
train,1853,1853::term::2,"I had the salmon dish and while it was fine, for the price paid, I expected it to have some type of flavor.",price,price,neutral
train,1538,1538::term::0,We ordered a tuna melt - it came with out cheese which just made it a tuna sandwich.,tuna melt,tuna melt,negative
train,1538,1538::term::1,We ordered a tuna melt - it came with out cheese which just made it a tuna sandwich.,cheese,cheese,neutral
train,1538,1538::term::2,We ordered a tuna melt - it came with out cheese which just made it a tuna sandwich.,tuna sandwich,tuna sandwich,negative
train,2482,2482::term::0,"Especially liked chicken tikka and the naan, and the dals.",chicken tikka,chicken tikka,positive
train,2482,2482::term::1,"Especially liked chicken tikka and the naan, and the dals.",naan,naan,positive
train,2482,2482::term::2,"Especially liked chicken tikka and the naan, and the dals.",dals,dals,positive
train,791,791::term::0,The waiters were not attentive except that the bill turned up on the table before we were finished.,waiters,waiters,negative
train,791,791::term::1,The waiters were not attentive except that the bill turned up on the table before we were finished.,bill,bill,negative
train,998,998::term::0,The restaurant looks out over beautiful green lawns to the Hudson River and the Statue of Liberty.,lawns,lawns,positive
train,2872,2872::term::0,"My wife and I always enjoy the young, not always well trained but nevertheless friendly, staff, all of whom have a story.",staff,staff,conflict
train,2607,2607::term::0,The sangria was pretty tasty and good on a hot muggy day.,sangria,sangria,positive
train,1272,1272::term::0,Don't eat here unless you're starving for thai food and you work next door.,thai food,thai food,negative
train,3578,3578::term::0,"For the people who want great food plus great service, Roxy is a place to AVOID!",food,food,negative
train,3578,3578::term::1,"For the people who want great food plus great service, Roxy is a place to AVOID!",service,service,negative
train,572,572::term::0,I had the best ravioli ever.,ravioli,ravioli,positive
train,2500,2500::term::0,"While the menu isn't especially groundbreaking, everything I've tried so far has been well-executed and tasty.",menu,menu,conflict
train,45,45::term::0,Ive been here a bunch of times now and the service is always outstanding.,service,service,positive
train,2445,2445::term::0,The bill is approximately $25 for 2 at lunch without drinks.,bill,bill,neutral
train,2445,2445::term::1,The bill is approximately $25 for 2 at lunch without drinks.,lunch,lunch,neutral
train,2445,2445::term::2,The bill is approximately $25 for 2 at lunch without drinks.,drinks,drinks,neutral
train,3217,3217::term::0,"Quite frankly, this is some of the worst sushi I have ever tried.",sushi,sushi,negative
train,1188,1188::term::0,"The food is great, service is ok.",food,food,positive
train,1188,1188::term::1,"The food is great, service is ok.",service,service,neutral
train,1973,1973::term::0,"The overall price tag was very very expensive, something I did expect.",price tag,price tag,negative
train,2392,2392::term::0,"Spice is great Thai food, love the inexpensive appetizers.",Thai food,thai food,positive
train,2392,2392::term::1,"Spice is great Thai food, love the inexpensive appetizers.",appetizers,appetizers,positive
train,925,925::term::0,The service was attentive.,service,service,positive
train,1828,1828::term::0,"He not only makes his own homemade mozzarella, but every pie is ultra fresh.",mozzarella,mozzarella,positive
train,1828,1828::term::1,"He not only makes his own homemade mozzarella, but every pie is ultra fresh.",pie,pie,positive
train,2363,2363::term::0,Fish was overdone.,Fish,fish,negative
train,2831,2831::term::0,"When you're sitting in their main dining room (which has a spectacular, hand-painted high ceiling) you'd never know there was a world outside.",main dining room,main dining room,positive
train,2831,2831::term::1,"When you're sitting in their main dining room (which has a spectacular, hand-painted high ceiling) you'd never know there was a world outside.",ceiling,ceiling,positive
train,2479,2479::term::0,We visited Bread Bar during January restaurant week and were so pleased with the menu selections and service.,menu selections,menu selections,positive
train,2479,2479::term::1,We visited Bread Bar during January restaurant week and were so pleased with the menu selections and service.,service,service,positive
train,985,985::term::0,also make sure you pay attention to the music being piped in - quite a weird selection.,music,music,neutral
train,1843,1843::term::0,The establishment scores big points in presentation and style.,establishment,establishment,positive
train,2102,2102::term::0,"The rest of the dim sum, though pricey by Chinatown standards, is worth it.",dim sum,dim sum,conflict
train,2149,2149::term::0,Good food.,food,food,positive
train,964,964::term::0,"The wait staff is very friendly, if not overly efficient.",wait staff,wait staff,positive
train,766,766::term::0,The dim sum however was very good.,dim sum,dim sum,positive
train,2501,2501::term::0,Service has always been friendly and efficient.,Service,service,positive
train,2222,2222::term::0,Went there and had a combination of different seafood dishes and appetizers.,seafood dishes,seafood dishes,neutral
train,2222,2222::term::1,Went there and had a combination of different seafood dishes and appetizers.,appetizers,appetizers,neutral
train,2786,2786::term::0,Its a great place for a casual date or to entertain clients for lunch.,lunch,lunch,neutral
train,773,773::term::0,All we received was an apology as we left to see our show without dinner.,dinner,dinner,neutral
train,368,368::term::0,The table next to us asked if he crushed the grapes himself when their long overdue bottle of wine finally arrived.,bottle of wine,bottle of wine,neutral
train,368,368::term::1,The table next to us asked if he crushed the grapes himself when their long overdue bottle of wine finally arrived.,grapes,grapes,neutral
train,994,994::term::0,Prices are very good.,Prices,prices,positive
train,366,366::term::0,"We could not catch our waiter's eye, and he ignored us.",waiter,waiter,negative
train,1270,1270::term::0,Plain and simple it's bad thai food.,thai food,thai food,negative
train,2097,2097::term::0,Usually 3 vs. 4 items per dish.,dish,dish,neutral
train,1705,1705::term::0,"While certain staples are excellent (the burger, some of the pastas), the food is not really the point.",burger,burger,positive
train,1705,1705::term::1,"While certain staples are excellent (the burger, some of the pastas), the food is not really the point.",pastas,pastas,positive
train,1705,1705::term::2,"While certain staples are excellent (the burger, some of the pastas), the food is not really the point.",food,food,neutral
train,1705,1705::term::3,"While certain staples are excellent (the burger, some of the pastas), the food is not really the point.",staples,staples,positive
train,3145,3145::term::0,"The Dim Sum was so-so, but not spectacular.",Dim Sum,dim sum,neutral
train,790,790::term::0,The food was so-so.,food,food,neutral
train,9,9::term::0,"The waitress, seems to be more concerned of looking good than actually waitressing.",waitress,waitress,negative
train,3085,3085::term::0,"The place is larger than most and features adequate seating unlike most joints, and has a bar which deserves a mention.",seating,seating,positive
train,3085,3085::term::1,"The place is larger than most and features adequate seating unlike most joints, and has a bar which deserves a mention.",bar,bar,positive
train,3085,3085::term::2,"The place is larger than most and features adequate seating unlike most joints, and has a bar which deserves a mention.",place,place,positive
train,1933,1933::term::0,Threw my fiance's surprise 30th birthday dinner here couldn't be happier.,dinner,dinner,neutral
train,1817,1817::term::0,Food-awesome.,Food,food,positive
train,2512,2512::term::0,"good music, great food, speedy service affordable prices.",music,music,positive
train,2512,2512::term::1,"good music, great food, speedy service affordable prices.",food,food,positive
train,2512,2512::term::2,"good music, great food, speedy service affordable prices.",service,service,positive
train,2512,2512::term::3,"good music, great food, speedy service affordable prices.",prices,prices,positive
train,1749,1749::term::0,"There was a small wait, but shorter than I expected.",wait,wait,conflict
train,3441,3441::term::0,The lobster sandwich is $24 and although it was good it was not nearly enough to warrant that price.,lobster sandwich,lobster sandwich,conflict
train,3441,3441::term::1,The lobster sandwich is $24 and although it was good it was not nearly enough to warrant that price.,price,price,negative
train,3260,3260::term::0,"May, the owner always has a smile on her and will warmly greet you.",owner,owner,positive
train,1971,1971::term::0,The sides were ok and incredibly salty.,sides,sides,negative
train,797,797::term::0,"For some reason, all the seafood on the menu was unavailable except for the Salmon.",seafood,seafood,negative
train,797,797::term::1,"For some reason, all the seafood on the menu was unavailable except for the Salmon.",menu,menu,negative
train,797,797::term::2,"For some reason, all the seafood on the menu was unavailable except for the Salmon.",Salmon,salmon,neutral
train,2315,2315::term::0,"Not a large place, but it's cute and cozy.",place,place,conflict
train,2900,2900::term::0,"The beverages were excellent, and the dessert was good.",beverages,beverages,positive
train,2900,2900::term::1,"The beverages were excellent, and the dessert was good.",dessert,dessert,positive
train,3122,3122::term::0,The hostess and the waitress were incredibly rude and did everything they could to rush us out.,hostess,hostess,negative
train,3122,3122::term::1,The hostess and the waitress were incredibly rude and did everything they could to rush us out.,waitress,waitress,negative
train,719,719::term::0,"Next time, we wouldn't dare ordering anything else other than some simple Asian appetizers and drinks.",Asian appetizers,asian appetizers,positive
train,719,719::term::1,"Next time, we wouldn't dare ordering anything else other than some simple Asian appetizers and drinks.",drinks,drinks,positive
train,3669,3669::term::0,"Please if your thinking about it go, and stay the wait you won't be disappointed.",wait,wait,negative
train,3295,3295::term::0,I must say the view of NYC is so beautiful!,view,view,positive
train,1130,1130::term::0,"If you'd like to have a nice light meal with an asian accent, Long Tan is a good place on the slope.",meal,meal,positive
train,2896,2896::term::0,"When going out for a nice dinner, I like a nice ambiance as well as very good food.",dinner,dinner,positive
train,2896,2896::term::1,"When going out for a nice dinner, I like a nice ambiance as well as very good food.",ambiance,ambiance,positive
train,2896,2896::term::2,"When going out for a nice dinner, I like a nice ambiance as well as very good food.",food,food,positive
train,1652,1652::term::0,"Otherwise, this place has great service and prices and a nice friendly atmosphere.",service,service,positive
train,1652,1652::term::1,"Otherwise, this place has great service and prices and a nice friendly atmosphere.",prices,prices,positive
train,1652,1652::term::2,"Otherwise, this place has great service and prices and a nice friendly atmosphere.",atmosphere,atmosphere,positive
train,2128,2128::term::0,Highly recommend this as great value for excellent sushi and service.,sushi,sushi,positive
train,2128,2128::term::1,Highly recommend this as great value for excellent sushi and service.,service,service,positive
train,2128,2128::term::2,Highly recommend this as great value for excellent sushi and service.,value,value,positive
train,2835,2835::term::0,This place would be so much better served by being run by a group that actually understands customer service.,service,service,negative
train,2835,2835::term::1,This place would be so much better served by being run by a group that actually understands customer service.,served,served,negative
train,778,778::term::0,A++ The service was good to excellent along with the attitude.,service,service,positive
train,778,778::term::1,A++ The service was good to excellent along with the attitude.,attitude,attitude,positive
train,1672,1672::term::0,The food is awesome - definitely try the striped bass.,food,food,positive
train,1672,1672::term::1,The food is awesome - definitely try the striped bass.,striped bass,striped bass,positive
train,1125,1125::term::0,"The music does get a little loud at times, but it just made me want to lean closer to my beautiful wife, and as I did, I got a whiff of corriander.",music,music,conflict
train,1125,1125::term::1,"The music does get a little loud at times, but it just made me want to lean closer to my beautiful wife, and as I did, I got a whiff of corriander.",corriander,corriander,neutral
train,3694,3694::term::0,black white shakes came out good also.,black white shakes,black white shakes,positive
train,2721,2721::term::0,It's simply the best meal in NYC.,meal,meal,positive
train,954,954::term::0,After passing by this restaurant for sometime I finally decided to go in and have dinner.,dinner,dinner,neutral
train,2452,2452::term::0,"The seating was if they were trying to get the maximum amount of people into the restaurant, so be nice to your neighbor when you dine here.",seating,seating,negative
train,1250,1250::term::0,I ordered the chu chu curry and my friend ordered the pad thai chicken.,chu chu curry,chu chu curry,neutral
train,1250,1250::term::1,I ordered the chu chu curry and my friend ordered the pad thai chicken.,pad thai chicken,pad thai chicken,neutral
train,3234,3234::term::0,We go on Mondays for the prix fixe and our experience with the food has been comparable to Blue Ribbon.,food,food,neutral
train,3234,3234::term::1,We go on Mondays for the prix fixe and our experience with the food has been comparable to Blue Ribbon.,prix fixe,prix fixe,neutral
train,1533,1533::term::0,"However, they've got the most amazing pastrami and the soups hit the spot.",pastrami,pastrami,positive
train,1533,1533::term::1,"However, they've got the most amazing pastrami and the soups hit the spot.",soups,soups,positive
train,1055,1055::term::0,Great bagels made the old-fashioned way.,bagels,bagels,positive
train,1784,1784::term::0,"This is some really good, inexpensive sushi.",sushi,sushi,positive
train,2178,2178::term::0,"my personal favorite is an everything bagel with lox spread, but all the bagles are unbeliavably good.",bagel with lox spread,bagel with lox spread,positive
train,2178,2178::term::1,"my personal favorite is an everything bagel with lox spread, but all the bagles are unbeliavably good.",bagles,bagles,positive
train,1689,1689::term::0,"I wouldn't even have complained at all if the food at least tasted good but the quality of food was crappy, too.",food,food,negative
train,1689,1689::term::1,"I wouldn't even have complained at all if the food at least tasted good but the quality of food was crappy, too.",quality of food,quality of food,negative
train,771,771::term::0,For the next hour and a half we stood in the crowded lobby area of this touristy restaurant listening to all types of explanations of why we were not being seated.,lobby area,lobby area,negative
train,771,771::term::1,For the next hour and a half we stood in the crowded lobby area of this touristy restaurant listening to all types of explanations of why we were not being seated.,seated,seated,negative
train,3370,3370::term::0,The pizza is delicious and the proprietor is one of the nicest in NYC.,pizza,pizza,positive
train,3370,3370::term::1,The pizza is delicious and the proprietor is one of the nicest in NYC.,proprietor,proprietor,positive
train,823,823::term::0,"Also good for client lunch meetings, esp.",lunch meetings,lunch meetings,neutral
train,3535,3535::term::0,"The decor is dark, cool and soothing, while the food's presentation is spectacular, considering the low prices.",decor,decor,positive
train,3535,3535::term::1,"The decor is dark, cool and soothing, while the food's presentation is spectacular, considering the low prices.",prices,prices,positive
train,3535,3535::term::2,"The decor is dark, cool and soothing, while the food's presentation is spectacular, considering the low prices.",food's presentation,food's presentation,positive
train,2449,2449::term::0,The Waitstaff were very nice and suggested swordfish for my husband he enjoyed his meal.,Waitstaff,waitstaff,positive
train,2449,2449::term::1,The Waitstaff were very nice and suggested swordfish for my husband he enjoyed his meal.,swordfish,swordfish,positive
train,2449,2449::term::2,The Waitstaff were very nice and suggested swordfish for my husband he enjoyed his meal.,meal,meal,positive
train,993,993::term::0,The setting is casual and romantic.,setting,setting,positive
train,2840,2840::term::0,"Terrible, terrible management - deserves to be shut-down.",management,management,negative
train,1034,1034::term::0,"Great friendly service, Fast seating, Fast Delivery, Excellent sushi.",service,service,positive
train,1034,1034::term::1,"Great friendly service, Fast seating, Fast Delivery, Excellent sushi.",seating,seating,positive
train,1034,1034::term::2,"Great friendly service, Fast seating, Fast Delivery, Excellent sushi.",Delivery,delivery,positive
train,1034,1034::term::3,"Great friendly service, Fast seating, Fast Delivery, Excellent sushi.",sushi,sushi,positive
train,2709,2709::term::0,The desserts are more appealing then stuffy overpriced French restaurants.,desserts,desserts,positive
train,2734,2734::term::0,"The Italian food has flavor (that can be sort of surprising on the UES), and the service turns from a nightmare to attentive,they sort of remind me of the NY Yankees of the late 90's, no matter how bad it look, you knew that there was a rally just around the corner...",Italian food,italian food,positive
train,2734,2734::term::1,"The Italian food has flavor (that can be sort of surprising on the UES), and the service turns from a nightmare to attentive,they sort of remind me of the NY Yankees of the late 90's, no matter how bad it look, you knew that there was a rally just around the corner...",service,service,conflict
train,3654,3654::term::0,"I found the food to be outstanding, particulary the salmon dish I had.",food,food,positive
train,3654,3654::term::1,"I found the food to be outstanding, particulary the salmon dish I had.",salmon dish,salmon dish,positive
train,1049,1049::term::0,Mizu is home to creative and unique rolls not to found anywhere else.,rolls,rolls,positive
train,3320,3320::term::0,Baluchi's has solid food and a nice decor at reasonable prices.,food,food,positive
train,3320,3320::term::1,Baluchi's has solid food and a nice decor at reasonable prices.,decor,decor,positive
train,3320,3320::term::2,Baluchi's has solid food and a nice decor at reasonable prices.,prices,prices,positive
train,102,102::term::0,"Emilio, the owner, is often sitting in the front table greeting guests as they come and go.",owner,owner,positive
train,2397,2397::term::0,I have been to spice three times- twice during lunch and once at dinner.,lunch,lunch,neutral
train,2397,2397::term::1,I have been to spice three times- twice during lunch and once at dinner.,dinner,dinner,neutral
train,511,511::term::0,"Moules were excellent, lobster ravioli was VERY salty!",Moules,moules,positive
train,511,511::term::1,"Moules were excellent, lobster ravioli was VERY salty!",lobster ravioli,lobster ravioli,negative
train,1077,1077::term::0,"A cheap eat for NYC, but not for dosa.",dosa,dosa,negative
train,1077,1077::term::1,"A cheap eat for NYC, but not for dosa.",eat,eat,positive
train,133,133::term::0,The atmosphere is noisy and the waiters are literally walking around doing things as fast as they can.,atmosphere,atmosphere,negative
train,133,133::term::1,The atmosphere is noisy and the waiters are literally walking around doing things as fast as they can.,waiters,waiters,conflict
train,3230,3230::term::0,"The seafood is amazing, there's a good wine list, and the ever-changing menu always offers some great surprises.",seafood,seafood,positive
train,3230,3230::term::1,"The seafood is amazing, there's a good wine list, and the ever-changing menu always offers some great surprises.",wine list,wine list,positive
train,3230,3230::term::2,"The seafood is amazing, there's a good wine list, and the ever-changing menu always offers some great surprises.",menu,menu,positive
train,2905,2905::term::0,i don't usually order wine with indian so i can't comment on their wine list or their wines.,wine,wine,neutral
train,2905,2905::term::1,i don't usually order wine with indian so i can't comment on their wine list or their wines.,indian,indian,neutral
train,2905,2905::term::2,i don't usually order wine with indian so i can't comment on their wine list or their wines.,wine list,wine list,neutral
train,2905,2905::term::3,i don't usually order wine with indian so i can't comment on their wine list or their wines.,wines,wines,neutral
train,491,491::term::0,Pastrami or corned beef are juicy and piled high (ask for extra rye bread).,Pastrami or corned beef,pastrami or corned beef,positive
train,491,491::term::1,Pastrami or corned beef are juicy and piled high (ask for extra rye bread).,rye bread,rye bread,positive
train,2001,2001::term::0,"($200 for 2 glasses of champagne, not too expensive bottle of wine and 2 after dinner drinks).",glasses of champagne,glasses of champagne,negative
train,2001,2001::term::1,"($200 for 2 glasses of champagne, not too expensive bottle of wine and 2 after dinner drinks).",bottle of wine,bottle of wine,negative
train,2001,2001::term::2,"($200 for 2 glasses of champagne, not too expensive bottle of wine and 2 after dinner drinks).",after dinner drinks,after dinner drinks,negative
train,1362,1362::term::0,"Really though, where's the seasoning?",seasoning,seasoning,negative
train,796,796::term::0,"The food was just OK, at least for what food was available.",food,food,neutral
train,796,796::term::1,"The food was just OK, at least for what food was available.",food,food,negative
train,178,178::term::0,The waitress was very patient with us and the food is phenomenal!,waitress,waitress,positive
train,178,178::term::1,The waitress was very patient with us and the food is phenomenal!,food,food,positive
train,2627,2627::term::0,"The ambience was nice, but service wasn't so great.",ambience,ambience,positive
train,2627,2627::term::1,"The ambience was nice, but service wasn't so great.",service,service,negative
train,2946,2946::term::0,"Solid wine list, knowledgeable staff, friendly owners and an adventurous, ever-changing menu keep us coming back.",wine list,wine list,positive
train,2946,2946::term::1,"Solid wine list, knowledgeable staff, friendly owners and an adventurous, ever-changing menu keep us coming back.",staff,staff,positive
train,2946,2946::term::2,"Solid wine list, knowledgeable staff, friendly owners and an adventurous, ever-changing menu keep us coming back.",owners,owners,positive
train,2946,2946::term::3,"Solid wine list, knowledgeable staff, friendly owners and an adventurous, ever-changing menu keep us coming back.",menu,menu,positive
train,554,554::term::0,The people that work there are always so friendly you forget you are in New York sometimes.,people,people,positive
train,1616,1616::term::0,"We didn't even see a menu, as our waiter described both the specials and the main dishes.",menu,menu,neutral
train,1616,1616::term::1,"We didn't even see a menu, as our waiter described both the specials and the main dishes.",main dishes,main dishes,neutral
train,1616,1616::term::2,"We didn't even see a menu, as our waiter described both the specials and the main dishes.",waiter,waiter,positive
train,1616,1616::term::3,"We didn't even see a menu, as our waiter described both the specials and the main dishes.",specials,specials,neutral
train,3189,3189::term::0,The location and ambience is Ok but the food is what makes up for it.,location,location,neutral
train,3189,3189::term::1,The location and ambience is Ok but the food is what makes up for it.,ambience,ambience,neutral
train,3189,3189::term::2,The location and ambience is Ok but the food is what makes up for it.,food,food,positive
train,3693,3693::term::0,"otherwise, good stuff for late nite eats.",stuff,stuff,positive
train,3693,3693::term::1,"otherwise, good stuff for late nite eats.",eats,eats,positive
train,1103,1103::term::0,"The dinner was ok, nothing I would have again.",dinner,dinner,negative
train,1994,1994::term::0,I love and I know gourmet food by excellence!,gourmet food,gourmet food,positive
train,541,541::term::0,"I plan to come here again and look forward to trying their assortment of bruschetta, panini's.....",bruschetta,bruschetta,positive
train,541,541::term::1,"I plan to come here again and look forward to trying their assortment of bruschetta, panini's.....",panini,panini,positive
train,1617,1617::term::0,"Two people in our party felt like something else, and Volare immediately obliged with two great dishes that were not in their regular menu.",dishes,dishes,positive
train,1617,1617::term::1,"Two people in our party felt like something else, and Volare immediately obliged with two great dishes that were not in their regular menu.",menu,menu,neutral
train,3322,3322::term::0,He offers subpar service and has no personality.,service,service,negative
train,1022,1022::term::0,"The waitress remembers me and is very friendly, she knows what my regular is and that's the fried mini buns with the condensed milk and the assorted fruits on beancurd.",waitress,waitress,positive
train,1022,1022::term::1,"The waitress remembers me and is very friendly, she knows what my regular is and that's the fried mini buns with the condensed milk and the assorted fruits on beancurd.",fried mini buns with the condensed milk and the assorted fruits on beancurd,fried mini buns with the condensed milk and the assorted fruits on beancurd,positive
train,1711,1711::term::0,Diner food at bistro prices is a bummer....,food,food,negative
train,1711,1711::term::1,Diner food at bistro prices is a bummer....,prices,prices,negative
train,2012,2012::term::0,"While we thoroughly enjoyed the food, it was annoying to scream across the table for conversation.",food,food,positive
train,3024,3024::term::0,"The first time the sushi was outstanding, the second time it was a little bland.",sushi,sushi,conflict
train,1622,1622::term::0,The portions are large and the servers always surprise us with a different starter.,portions,portions,positive
train,1622,1622::term::1,The portions are large and the servers always surprise us with a different starter.,servers,servers,positive
train,1622,1622::term::2,The portions are large and the servers always surprise us with a different starter.,starter,starter,positive
train,1059,1059::term::0,"delicious bagels, especially when right out of the oven.",bagels,bagels,positive
train,3067,3067::term::0,All the food was hot tasty.,food,food,positive
train,447,447::term::0,This is one great place to eat pizza more out but not a good place for take-out pizza.,pizza,pizza,positive
train,447,447::term::1,This is one great place to eat pizza more out but not a good place for take-out pizza.,take-out pizza,take-out pizza,negative
train,1592,1592::term::0,Our server was very helpful and friendly.,server,server,positive
train,3191,3191::term::0,Try green curry with vegetables.,green curry with vegetables,green curry with vegetables,positive
train,2770,2770::term::0,"First of all, this place is *not* romantic, as claimed by Citysearch's editorial review.",place,place,negative
train,1989,1989::term::0,"The second you walk through the heavy vault like door, with people anticipating your arrival you get the sense that you are going to have the dining ride of a lifetime.",door,door,neutral
train,445,445::term::0,Much more reasonably priced too!,priced,priced,positive
train,3278,3278::term::0,"The food was not very tasty, the portioins were tiny even for such a high quality restaurant.",food,food,negative
train,3278,3278::term::1,"The food was not very tasty, the portioins were tiny even for such a high quality restaurant.",portioins,portioins,negative
train,1331,1331::term::0,Why make a reservation if you aren't going to keep it?,reservation,reservation,negative
train,2497,2497::term::0,"The Pad Thai is excellent here, as well.",Pad Thai,pad thai,positive
train,3039,3039::term::0,I do not recommend lunch specials just because it tasts the same with other regular chinese restaurant.,lunch specials,lunch specials,negative
train,3637,3637::term::0,"We parked on the block of Nina's the place looked nice, with people obviously enjoying their pizzas.",place,place,positive
train,3637,3637::term::1,"We parked on the block of Nina's the place looked nice, with people obviously enjoying their pizzas.",pizzas,pizzas,positive
train,1316,1316::term::0,"The food is o.k., but not any better than what you get at a good neighborhood restaurant.",food,food,neutral
train,2450,2450::term::0,We had the pot-stickers which were great and a tempura dish that was great.,pot-stickers,pot-stickers,positive
train,2450,2450::term::1,We had the pot-stickers which were great and a tempura dish that was great.,tempura dish,tempura dish,positive
train,1577,1577::term::0,I think the stuff was better than Disney.,stuff,stuff,positive
train,2901,2901::term::0,"While the $20 entree range is not overly expensive, in New York City, there is definitely better food in that range, and so Sapphire, despite it's lovely atmosphere, will most likely not be a restaurant to which I will return.",food,food,negative
train,2901,2901::term::1,"While the $20 entree range is not overly expensive, in New York City, there is definitely better food in that range, and so Sapphire, despite it's lovely atmosphere, will most likely not be a restaurant to which I will return.",atmosphere,atmosphere,positive
train,2901,2901::term::2,"While the $20 entree range is not overly expensive, in New York City, there is definitely better food in that range, and so Sapphire, despite it's lovely atmosphere, will most likely not be a restaurant to which I will return.",entree range,entree range,positive
train,908,908::term::0,"Orsay, is without a doubt one of the best values for authentic French food in NYC.",French food,french food,positive
train,2523,2523::term::0,"Well, their deliveries take for ever and the food is usually cold.",deliveries,deliveries,negative
train,2523,2523::term::1,"Well, their deliveries take for ever and the food is usually cold.",food,food,negative
train,2170,2170::term::0,The staff is no nonsense.,staff,staff,positive
train,1579,1579::term::0,And really large portions.,portions,portions,positive
train,3515,3515::term::0,This is a great Thai restaurant with a very friendly staff.,staff,staff,positive
train,1873,1873::term::0,I ordered the smoked salmon and roe appetizer and it was off flavor.,smoked salmon and roe appetizer,smoked salmon and roe appetizer,negative
train,2592,2592::term::0,"We went here for lunch a couple of weeks ago on a Saturday, and I was thoroughly impressed with the food.",lunch,lunch,neutral
train,2592,2592::term::1,"We went here for lunch a couple of weeks ago on a Saturday, and I was thoroughly impressed with the food.",food,food,positive
train,3081,3081::term::0,"I recommend the garlic shrimp, okra (bindi), and anything with lamb.",garlic shrimp,garlic shrimp,positive
train,3081,3081::term::1,"I recommend the garlic shrimp, okra (bindi), and anything with lamb.",lamb,lamb,positive
train,3081,3081::term::2,"I recommend the garlic shrimp, okra (bindi), and anything with lamb.",okra (bindi),okra bindi ,positive
train,3575,3575::term::0,"As we were leaving, the couple standing by the door said to another waiter, we're not in a hurry.",waiter,waiter,neutral
train,1884,1884::term::0,"The menu was impressive with selections ranging from a burger, to steak, to escargot.",menu,menu,positive
train,1884,1884::term::1,"The menu was impressive with selections ranging from a burger, to steak, to escargot.",burger,burger,neutral
train,1884,1884::term::2,"The menu was impressive with selections ranging from a burger, to steak, to escargot.",steak,steak,neutral
train,1884,1884::term::3,"The menu was impressive with selections ranging from a burger, to steak, to escargot.",escargot,escargot,neutral
train,3381,3381::term::0,"In fact, two people could really share one plate.",plate,plate,positive
train,2507,2507::term::0,The food is great and authentic.,food,food,positive
train,2802,2802::term::0,Good for casual dinner with jeans and sneakers.,casual dinner,casual dinner,positive
train,201,201::term::0,"Anyway, the food is good, the price is right and they have a decent wine list.",food,food,positive
train,201,201::term::1,"Anyway, the food is good, the price is right and they have a decent wine list.",price,price,positive
train,201,201::term::2,"Anyway, the food is good, the price is right and they have a decent wine list.",wine list,wine list,positive
train,2335,2335::term::0,Prices are higher to dine in and their chicken tikka marsala is quite good.,Prices,prices,negative
train,2335,2335::term::1,Prices are higher to dine in and their chicken tikka marsala is quite good.,chicken tikka marsala,chicken tikka marsala,positive
train,3631,3631::term::0,This place has many different styles of pizza and they are all amazing.,styles of pizza,styles of pizza,positive
train,901,901::term::0,The photos of the restaurant in its web site are way better than the real look.,look,look,negative
train,3049,3049::term::0,The food was lousy - too sweet or too salty and the portions tiny.,food,food,negative
train,3049,3049::term::1,The food was lousy - too sweet or too salty and the portions tiny.,portions,portions,negative
train,1242,1242::term::0,But the coconut rice was good.,coconut rice,coconut rice,positive
train,932,932::term::0,It took them 25 minutes to bring our appetizer.,appetizer,appetizer,neutral
train,776,776::term::0,The food was great.,food,food,positive
train,272,272::term::0,Pair you food with the excellent beers on tap or their well priced wine list.,food,food,neutral
train,272,272::term::1,Pair you food with the excellent beers on tap or their well priced wine list.,beers on tap,beers on tap,positive
train,272,272::term::2,Pair you food with the excellent beers on tap or their well priced wine list.,wine list,wine list,positive
train,272,272::term::3,Pair you food with the excellent beers on tap or their well priced wine list.,priced,priced,positive
train,1152,1152::term::0,If you like your music blasted and the system isnt that great and if you want to pay at least 100 dollar bottle minimun then you'll love it here.,music,music,negative
train,1152,1152::term::1,If you like your music blasted and the system isnt that great and if you want to pay at least 100 dollar bottle minimun then you'll love it here.,bottle minimun,bottle minimun,negative
train,2894,2894::term::0,All of my co-workers stated that the food was amazing and wondered why they hadn't heard about this place.,food,food,positive
train,833,833::term::0,Metrazur has a beautiful spot overlooking the main terminal.,spot,spot,positive
train,461,461::term::0,Friendly staff that actually lets you enjoy your meal and the company you're with.,staff,staff,positive
train,461,461::term::1,Friendly staff that actually lets you enjoy your meal and the company you're with.,meal,meal,positive
train,539,539::term::0,The restaurant is rather small but we were lucky to get a table quickly.,table,table,positive
train,1435,1435::term::0,"Quality of food is excellent and price is cheap, stick to pork, fish, chicken, lamb and vegetables.",Quality of food,quality of food,positive
train,1435,1435::term::1,"Quality of food is excellent and price is cheap, stick to pork, fish, chicken, lamb and vegetables.",price,price,positive
train,1435,1435::term::2,"Quality of food is excellent and price is cheap, stick to pork, fish, chicken, lamb and vegetables.",pork,pork,positive
train,1435,1435::term::3,"Quality of food is excellent and price is cheap, stick to pork, fish, chicken, lamb and vegetables.",fish,fish,positive
train,1435,1435::term::4,"Quality of food is excellent and price is cheap, stick to pork, fish, chicken, lamb and vegetables.",chicken,chicken,positive
train,1435,1435::term::5,"Quality of food is excellent and price is cheap, stick to pork, fish, chicken, lamb and vegetables.",lamb,lamb,positive
train,1435,1435::term::6,"Quality of food is excellent and price is cheap, stick to pork, fish, chicken, lamb and vegetables.",vegetables,vegetables,positive
train,2225,2225::term::0,"The place is a little tight and on a cold day, the seating by the entranceway can be pretty drafty.",seating,seating,negative
train,2225,2225::term::1,"The place is a little tight and on a cold day, the seating by the entranceway can be pretty drafty.",place,place,negative
train,1056,1056::term::0,The appetizing is excellent - just as good as Zabars Barney Greengrass at a reasonable price (if bought by the pound).,appetizing,appetizing,positive
train,1056,1056::term::1,The appetizing is excellent - just as good as Zabars Barney Greengrass at a reasonable price (if bought by the pound).,price,price,positive
train,3582,3582::term::0,"But, they were too big for the bun.",bun,bun,neutral
train,2708,2708::term::0,"The food is fresh, delicious, and reasonably priced.",food,food,positive
train,2708,2708::term::1,"The food is fresh, delicious, and reasonably priced.",priced,priced,positive
train,275,275::term::0,Raga stands out with an interesting fusion of French and Indian cooking.,fusion of French and Indian cooking,fusion of french and indian cooking,positive
train,2105,2105::term::0,"A few tips: skip the turnip cake, roast pork buns and egg custards.",turnip cake,turnip cake,negative
train,2105,2105::term::1,"A few tips: skip the turnip cake, roast pork buns and egg custards.",roast pork buns,roast pork buns,negative
train,2105,2105::term::2,"A few tips: skip the turnip cake, roast pork buns and egg custards.",egg custards,egg custards,negative
train,2152,2152::term::0,The bagels are fabulous.,bagels,bagels,positive
train,191,191::term::0,"Oh yes, and they lie on the phone, claiming they have seating in the garden, then of course the seats are not available.",seating in the garden,seating in the garden,neutral
train,191,191::term::1,"Oh yes, and they lie on the phone, claiming they have seating in the garden, then of course the seats are not available.",seats,seats,neutral
train,3319,3319::term::0,Although they do the typical what kind of water would you like questions the service was good and overall very relaxing to place to eat.,service,service,positive
train,3319,3319::term::1,Although they do the typical what kind of water would you like questions the service was good and overall very relaxing to place to eat.,place,place,positive
train,3319,3319::term::2,Although they do the typical what kind of water would you like questions the service was good and overall very relaxing to place to eat.,water,water,neutral
train,3681,3681::term::0,"The food was very good, a great deal, and the place its self was great.",food,food,positive
train,3681,3681::term::1,"The food was very good, a great deal, and the place its self was great.",place,place,positive
train,2171,2171::term::0,The food options rule.,food options,food options,positive
train,3462,3462::term::0,A great choice at any cost and a great deal.,cost,cost,positive
train,1865,1865::term::0,"We ate here in March, 2006 and ordered the pre-theatre 3-course dinner with wine flight.",pre-theatre 3-course dinner,pre-theatre 3-course dinner,neutral
train,1865,1865::term::1,"We ate here in March, 2006 and ordered the pre-theatre 3-course dinner with wine flight.",wine flight,wine flight,neutral
train,3421,3421::term::0,"Probably much busier for lunch, it's seldom crowded for dinner (too close to downtown).",lunch,lunch,neutral
train,3421,3421::term::1,"Probably much busier for lunch, it's seldom crowded for dinner (too close to downtown).",dinner,dinner,neutral
train,1293,1293::term::0,"Their calzones are horrific, bad, vomit-inducing, YUCK.",calzones,calzones,negative
train,3475,3475::term::0,It takes forever to get a drink and they almost always forget to bring something (although they dont forget to charge you for it.,drink,drink,neutral
train,818,818::term::0,The place itself is beautiful the bar scene seems to be happening.,place,place,positive
train,818,818::term::1,The place itself is beautiful the bar scene seems to be happening.,bar scene,bar scene,positive
train,2893,2893::term::0,"Saturday, Nov. 6th I had a group from work come in with about 35 people and the staff was amazing to accomodate us.",staff,staff,positive
train,3170,3170::term::0,"Good spreads, great beverage selections and bagels really tasty.",spreads,spreads,positive
train,3170,3170::term::1,"Good spreads, great beverage selections and bagels really tasty.",beverage selections,beverage selections,positive
train,3170,3170::term::2,"Good spreads, great beverage selections and bagels really tasty.",bagels,bagels,positive
train,2932,2932::term::0,"First, the waiter who served us neglected to fill us in on the specials, which I would have chosen had I known about them.",waiter,waiter,negative
train,2932,2932::term::1,"First, the waiter who served us neglected to fill us in on the specials, which I would have chosen had I known about them.",specials,specials,positive
train,2932,2932::term::2,"First, the waiter who served us neglected to fill us in on the specials, which I would have chosen had I known about them.",served,served,negative
train,451,451::term::0,"Also, top the meal with a delicious and perfect slice of tiramisu.",tiramisu,tiramisu,positive
train,451,451::term::1,"Also, top the meal with a delicious and perfect slice of tiramisu.",meal,meal,neutral
train,119,119::term::0,Check out the secret back room.,secret back room,secret back room,positive
train,2817,2817::term::0,"It's also attached to Angel's Share, which is a cool, more romantic bar...",bar,bar,positive
train,2517,2517::term::0,"Authentic food and they have REAL service, not just the rush you get sometimes when they try to push you out the door.",food,food,positive
train,2517,2517::term::1,"Authentic food and they have REAL service, not just the rush you get sometimes when they try to push you out the door.",service,service,positive
train,2883,2883::term::0,Stick to the gulab jamun.,gulab jamun,gulab jamun,positive
train,556,556::term::0,"I am amazed by the poor reviews- I find this place to be standout Italian in an area flooded with Italian- great prices, great atmosphere, good service and a wonderful wine list.",prices,prices,positive
train,556,556::term::1,"I am amazed by the poor reviews- I find this place to be standout Italian in an area flooded with Italian- great prices, great atmosphere, good service and a wonderful wine list.",atmosphere,atmosphere,positive
train,556,556::term::2,"I am amazed by the poor reviews- I find this place to be standout Italian in an area flooded with Italian- great prices, great atmosphere, good service and a wonderful wine list.",service,service,positive
train,556,556::term::3,"I am amazed by the poor reviews- I find this place to be standout Italian in an area flooded with Italian- great prices, great atmosphere, good service and a wonderful wine list.",wine list,wine list,positive
train,563,563::term::0,I was back-to-back with the diner at the table behind me and wait staff had to hoist trays over our heads as they squeezed past us again and again.,diner,diner,neutral
train,563,563::term::1,I was back-to-back with the diner at the table behind me and wait staff had to hoist trays over our heads as they squeezed past us again and again.,wait staff,wait staff,negative
train,563,563::term::2,I was back-to-back with the diner at the table behind me and wait staff had to hoist trays over our heads as they squeezed past us again and again.,table,table,negative
train,924,924::term::0,With the theater 2 blocks away we had a delicious meal in a beautiful room.,meal,meal,positive
train,924,924::term::1,With the theater 2 blocks away we had a delicious meal in a beautiful room.,room,room,positive
train,3041,3041::term::0,"We've only eaten in the restaurant once, but we have ordered many times for dinner.",dinner,dinner,neutral
train,1013,1013::term::0,By far this is the only chinese desserts place I know in NY or anywhere close in the Northeastern America that serves desserts with frog jelly in a couple of varieties and pig feet ginger simmered in black vinegar.,pig feet ginger simmered in black vinegar,pig feet ginger simmered in black vinegar,positive
train,1013,1013::term::1,By far this is the only chinese desserts place I know in NY or anywhere close in the Northeastern America that serves desserts with frog jelly in a couple of varieties and pig feet ginger simmered in black vinegar.,desserts with frog jelly,desserts with frog jelly,positive
train,193,193::term::0,The food is great and reasonably priced.,food,food,positive
train,193,193::term::1,The food is great and reasonably priced.,priced,priced,positive
train,2217,2217::term::0,I would definitely recommend SEA if you like thai cuisine!,thai cuisine,thai cuisine,positive
train,78,78::term::0,"Over the years the host, Vittorio, and his crew, have always treated me as family--although with all the business this not-so-little gem does, it amazing he's even able to remember a consistent but not-so-frequent visitor.",crew,crew,positive
train,78,78::term::1,"Over the years the host, Vittorio, and his crew, have always treated me as family--although with all the business this not-so-little gem does, it amazing he's even able to remember a consistent but not-so-frequent visitor.",host,host,positive
train,2280,2280::term::0,"The restuarant itself is not large, but seems to have several round tables to accomodate large groups hoping to save a buck to eat authentic Taiwanese.",round tables,round tables,positive
train,2280,2280::term::1,"The restuarant itself is not large, but seems to have several round tables to accomodate large groups hoping to save a buck to eat authentic Taiwanese.",Taiwanese,taiwanese,positive
train,3424,3424::term::0,"My husband said he could've eaten several more, the portion was fine for me he even exclaimed that the french fries were the best he has had.",portion,portion,conflict
train,3424,3424::term::1,"My husband said he could've eaten several more, the portion was fine for me he even exclaimed that the french fries were the best he has had.",french fries,french fries,positive
train,1707,1707::term::0,"It is the type of place to run into old friends and have a late, raucus dinner.",dinner,dinner,positive
train,2766,2766::term::0,"The food is delicious - from the specials to the regular menu-fare, the dishes are never a disappointment.",food,food,positive
train,2766,2766::term::1,"The food is delicious - from the specials to the regular menu-fare, the dishes are never a disappointment.",dishes,dishes,positive
train,2766,2766::term::2,"The food is delicious - from the specials to the regular menu-fare, the dishes are never a disappointment.",specials,specials,positive
train,2766,2766::term::3,"The food is delicious - from the specials to the regular menu-fare, the dishes are never a disappointment.",regular menu-fare,regular menu-fare,positive
train,667,667::term::0,Prices are in line.,Prices,prices,neutral
train,1600,1600::term::0,"The combination of fresh tomato sauce, fresh mozz cheese, basil and the dough they make with imported flour, makes this is one of the better pizza's in NY.",fresh tomato sauce,fresh tomato sauce,positive
train,1600,1600::term::1,"The combination of fresh tomato sauce, fresh mozz cheese, basil and the dough they make with imported flour, makes this is one of the better pizza's in NY.",fresh mozz cheese,fresh mozz cheese,positive
train,1600,1600::term::2,"The combination of fresh tomato sauce, fresh mozz cheese, basil and the dough they make with imported flour, makes this is one of the better pizza's in NY.",basil,basil,positive
train,1600,1600::term::3,"The combination of fresh tomato sauce, fresh mozz cheese, basil and the dough they make with imported flour, makes this is one of the better pizza's in NY.",dough,dough,positive
train,1600,1600::term::4,"The combination of fresh tomato sauce, fresh mozz cheese, basil and the dough they make with imported flour, makes this is one of the better pizza's in NY.",pizza,pizza,positive
train,1600,1600::term::5,"The combination of fresh tomato sauce, fresh mozz cheese, basil and the dough they make with imported flour, makes this is one of the better pizza's in NY.",flour,flour,positive
train,134,134::term::0,The food is prepared quickly and efficiently.,food,food,positive
train,2421,2421::term::0,"For all of you new to Indian food, try the Paneer Roll, it is a piece of heaven.",Indian food,indian food,positive
train,2421,2421::term::1,"For all of you new to Indian food, try the Paneer Roll, it is a piece of heaven.",Paneer Roll,paneer roll,positive
train,159,159::term::0,The food looked very appetizing and delicious since it came on a variety of fancy plates.,food,food,positive
train,159,159::term::1,The food looked very appetizing and delicious since it came on a variety of fancy plates.,plates,plates,positive
train,1490,1490::term::0,Both the fresh mozzerella slices and the Plain Cheese slice are phenomenal.,fresh mozzerella slices,fresh mozzerella slices,positive
train,1490,1490::term::1,Both the fresh mozzerella slices and the Plain Cheese slice are phenomenal.,Plain Cheese slice,plain cheese slice,positive
train,1548,1548::term::0,"The food is terrible and overall, I would have to say avoid at all costs.",food,food,negative
train,1709,1709::term::0,"Unfortunately, the food was NOT something to get worked up about.",food,food,negative
train,1550,1550::term::0,"It's constantly open, catering to the Pakistani cabbies lined up on Crosby St., so there's more turnover with the food than you'd expect (i.e., surprisingly fresh).",food,food,positive
train,3305,3305::term::0,I had Filet Mignon with garlic mash.,Filet Mignon with garlic mash,filet mignon with garlic mash,neutral
train,874,874::term::0,"I went at 6:00 PM specifically for the pre-theater menu ($19.95 for roasted tomato soup with chevre, steak frites, creme brulee) and it was marvelous.",pre-theater menu,pre-theater menu,positive
train,874,874::term::1,"I went at 6:00 PM specifically for the pre-theater menu ($19.95 for roasted tomato soup with chevre, steak frites, creme brulee) and it was marvelous.",roasted tomato soup with chevre,roasted tomato soup with chevre,positive
train,874,874::term::2,"I went at 6:00 PM specifically for the pre-theater menu ($19.95 for roasted tomato soup with chevre, steak frites, creme brulee) and it was marvelous.",steak frites,steak frites,positive
train,874,874::term::3,"I went at 6:00 PM specifically for the pre-theater menu ($19.95 for roasted tomato soup with chevre, steak frites, creme brulee) and it was marvelous.",creme brulee,creme brulee,positive
train,3116,3116::term::0,"The waitstaff were attentive, polite and helpful - an impressive feat in such close quarters.",waitstaff,waitstaff,positive
train,3353,3353::term::0,"- the bread at the beginning is super tasty and makes you want more - the pizza is delicious and comes in personal sizes, however be warned that the Peter's Favourite pizza with prosciutto and baby arugula is actually a margarite pizza with cold prosciutto and baby arugula on top, like a salad.",bread,bread,positive
train,3353,3353::term::1,"- the bread at the beginning is super tasty and makes you want more - the pizza is delicious and comes in personal sizes, however be warned that the Peter's Favourite pizza with prosciutto and baby arugula is actually a margarite pizza with cold prosciutto and baby arugula on top, like a salad.",pizza,pizza,positive
train,3353,3353::term::2,"- the bread at the beginning is super tasty and makes you want more - the pizza is delicious and comes in personal sizes, however be warned that the Peter's Favourite pizza with prosciutto and baby arugula is actually a margarite pizza with cold prosciutto and baby arugula on top, like a salad.",margarite pizza with cold prosciutto and baby arugula on top,margarite pizza with cold prosciutto and baby arugula on top,neutral
train,3353,3353::term::3,"- the bread at the beginning is super tasty and makes you want more - the pizza is delicious and comes in personal sizes, however be warned that the Peter's Favourite pizza with prosciutto and baby arugula is actually a margarite pizza with cold prosciutto and baby arugula on top, like a salad.",salad,salad,neutral
train,3353,3353::term::4,"- the bread at the beginning is super tasty and makes you want more - the pizza is delicious and comes in personal sizes, however be warned that the Peter's Favourite pizza with prosciutto and baby arugula is actually a margarite pizza with cold prosciutto and baby arugula on top, like a salad.",Peter's Favourite pizza with prosciutto and baby arugula,peter's favourite pizza with prosciutto and baby arugula,neutral
train,2081,2081::term::0,"Yes, the prices are high, but I felt it was worth it.",prices,prices,conflict
train,533,533::term::0,"The large selection of bruschettas, paninis, tramezzinis keep the palate from stagnating.",bruschettas,bruschettas,positive
train,533,533::term::1,"The large selection of bruschettas, paninis, tramezzinis keep the palate from stagnating.",paninis,paninis,positive
train,533,533::term::2,"The large selection of bruschettas, paninis, tramezzinis keep the palate from stagnating.",tramezzinis,tramezzinis,positive
train,972,972::term::0,"Have always found that the waiters will go out of their way to be helpful, despite the fact they are often busy with lots of diners.",waiters,waiters,positive
train,972,972::term::1,"Have always found that the waiters will go out of their way to be helpful, despite the fact they are often busy with lots of diners.",diners,diners,neutral
train,3420,3420::term::0,"While this isn't classical restaurant fare, the chef has given new life to an old cuisine with some really innovative and tasty dishes that are genuinely Indian without being heavy or same old restaurant burn-outs.",chef,chef,positive
train,3420,3420::term::1,"While this isn't classical restaurant fare, the chef has given new life to an old cuisine with some really innovative and tasty dishes that are genuinely Indian without being heavy or same old restaurant burn-outs.",dishes,dishes,positive
train,3420,3420::term::2,"While this isn't classical restaurant fare, the chef has given new life to an old cuisine with some really innovative and tasty dishes that are genuinely Indian without being heavy or same old restaurant burn-outs.",cuisine,cuisine,neutral
train,3420,3420::term::3,"While this isn't classical restaurant fare, the chef has given new life to an old cuisine with some really innovative and tasty dishes that are genuinely Indian without being heavy or same old restaurant burn-outs.",Indian,indian,positive
train,2329,2329::term::0,The owner truly caters to all your needs.,owner,owner,positive
train,1827,1827::term::0,He takes real pride in his food and his business.,food,food,positive
train,878,878::term::0,"So if you want a nice, enjoyable meal at Montparnasse, go early for the pre-theater prix-fixe.",meal,meal,positive
train,878,878::term::1,"So if you want a nice, enjoyable meal at Montparnasse, go early for the pre-theater prix-fixe.",pre-theater prix-fixe,pre-theater prix-fixe,positive
train,2891,2891::term::0,"Over the years, it has always provided a pleasurable dining experience with quality food and wine.",food,food,positive
train,2891,2891::term::1,"Over the years, it has always provided a pleasurable dining experience with quality food and wine.",wine,wine,positive
train,2891,2891::term::2,"Over the years, it has always provided a pleasurable dining experience with quality food and wine.",dining,dining,positive
train,2276,2276::term::0,"The photobook menu was a cute touch, certainly helped my group and I pick the fried chicken, pork chop, and noodle dishes that we all ordered.",menu,menu,positive
train,2276,2276::term::1,"The photobook menu was a cute touch, certainly helped my group and I pick the fried chicken, pork chop, and noodle dishes that we all ordered.",fried chicken,fried chicken,neutral
train,2276,2276::term::2,"The photobook menu was a cute touch, certainly helped my group and I pick the fried chicken, pork chop, and noodle dishes that we all ordered.",pork chop,pork chop,neutral
train,2276,2276::term::3,"The photobook menu was a cute touch, certainly helped my group and I pick the fried chicken, pork chop, and noodle dishes that we all ordered.",noodle dishes,noodle dishes,neutral
train,3414,3414::term::0,I cannot imagine better Indian food in all of the city.,Indian food,indian food,positive
train,209,209::term::0,Great romantic place for a date (try to get the corner booth table for a little privacy and to sit close!).,privacy,privacy,positive
train,209,209::term::1,Great romantic place for a date (try to get the corner booth table for a little privacy and to sit close!).,corner booth table,corner booth table,positive
train,209,209::term::2,Great romantic place for a date (try to get the corner booth table for a little privacy and to sit close!).,place,place,positive
train,1228,1228::term::0,I asked for an open faced cheese sandwich and the manager basically told me to take my business elsewhere!,manager,manager,negative
train,1228,1228::term::1,I asked for an open faced cheese sandwich and the manager basically told me to take my business elsewhere!,open faced cheese sandwich,open faced cheese sandwich,neutral
train,2077,2077::term::0,very good breads as well.,breads,breads,positive
train,3554,3554::term::0,"if this happens, just ask for real naan.",naan,naan,neutral
train,410,410::term::0,We were fans of the half-price Saturday night option until some inedible squid during a recent visit.,squid,squid,negative
train,410,410::term::1,We were fans of the half-price Saturday night option until some inedible squid during a recent visit.,half-price Saturday night option,half-price saturday night option,positive
train,3492,3492::term::0,"Pizza is terrific, as is homemade pasta.",Pizza,pizza,positive
train,3492,3492::term::1,"Pizza is terrific, as is homemade pasta.",homemade pasta,homemade pasta,positive
train,2439,2439::term::0,This is a wonderful place on all stand points especially value ofr money.,value ofr money,value ofr money,positive
train,3280,3280::term::0,Example is the soup which was about 6 oz for $12 dollars and the mushrooms where $12 for about 1oz.,soup,soup,positive
train,3280,3280::term::1,Example is the soup which was about 6 oz for $12 dollars and the mushrooms where $12 for about 1oz.,mushrooms,mushrooms,positive
train,2189,2189::term::0,"Service is not exactly five star, but thats not really a big deal.",Service,service,conflict
train,3573,3573::term::0,There are other people waiting!,waiting,waiting,negative
train,277,277::term::0,"From beginning appetizers, the scallops were incredible, to the delicious chocolate souffle with rasberry mint sorbet, we were delighted by the taste sensations.",beginning appetizers,beginning appetizers,positive
train,277,277::term::1,"From beginning appetizers, the scallops were incredible, to the delicious chocolate souffle with rasberry mint sorbet, we were delighted by the taste sensations.",scallops,scallops,positive
train,277,277::term::2,"From beginning appetizers, the scallops were incredible, to the delicious chocolate souffle with rasberry mint sorbet, we were delighted by the taste sensations.",chocolate souffle with rasberry mint sorbet,chocolate souffle with rasberry mint sorbet,positive
train,277,277::term::3,"From beginning appetizers, the scallops were incredible, to the delicious chocolate souffle with rasberry mint sorbet, we were delighted by the taste sensations.",taste,taste,positive
train,2811,2811::term::0,Consistently good Japanese Tapas.,Japanese Tapas,japanese tapas,positive
train,3020,3020::term::0,"My goodness, everything from the fish to the rice to the seaweed was absolutely amazing.",fish,fish,positive
train,3020,3020::term::1,"My goodness, everything from the fish to the rice to the seaweed was absolutely amazing.",rice,rice,positive
train,3020,3020::term::2,"My goodness, everything from the fish to the rice to the seaweed was absolutely amazing.",seaweed,seaweed,positive
train,2912,2912::term::0,"The dishes offered were unique, very tasty and fresh from the lamb sausages, sardines with biscuits, large whole shrimp to the amazing pistachio ice cream (the best and freshest I've ever had).",dishes,dishes,positive
train,2912,2912::term::1,"The dishes offered were unique, very tasty and fresh from the lamb sausages, sardines with biscuits, large whole shrimp to the amazing pistachio ice cream (the best and freshest I've ever had).",lamb sausages,lamb sausages,positive
train,2912,2912::term::2,"The dishes offered were unique, very tasty and fresh from the lamb sausages, sardines with biscuits, large whole shrimp to the amazing pistachio ice cream (the best and freshest I've ever had).",sardines with biscuits,sardines with biscuits,positive
train,2912,2912::term::3,"The dishes offered were unique, very tasty and fresh from the lamb sausages, sardines with biscuits, large whole shrimp to the amazing pistachio ice cream (the best and freshest I've ever had).",large whole shrimp,large whole shrimp,positive
train,2912,2912::term::4,"The dishes offered were unique, very tasty and fresh from the lamb sausages, sardines with biscuits, large whole shrimp to the amazing pistachio ice cream (the best and freshest I've ever had).",pistachio ice cream,pistachio ice cream,positive
train,1702,1702::term::0,The food is reliable and the price is moderate.,food,food,positive
train,1702,1702::term::1,The food is reliable and the price is moderate.,price,price,neutral
train,882,882::term::0,"While the ambiance and atmosphere were great, the food and service could have been a lot better.",ambiance,ambiance,positive
train,882,882::term::1,"While the ambiance and atmosphere were great, the food and service could have been a lot better.",atmosphere,atmosphere,positive
train,882,882::term::2,"While the ambiance and atmosphere were great, the food and service could have been a lot better.",food,food,negative
train,882,882::term::3,"While the ambiance and atmosphere were great, the food and service could have been a lot better.",service,service,negative
train,628,628::term::0,The server was really cool and served us our food and drinks with a smile.,server,server,positive
train,628,628::term::1,The server was really cool and served us our food and drinks with a smile.,food,food,neutral
train,628,628::term::2,The server was really cool and served us our food and drinks with a smile.,drinks,drinks,neutral
train,628,628::term::3,The server was really cool and served us our food and drinks with a smile.,served,served,positive
train,3563,3563::term::0,We were in search of food and stumbled on this block of Indian restaurants on East Sixth Street.,food,food,neutral
train,727,727::term::0,"Planet Thailand has always been a hit with me , I go there usually for the sushi, which is great , the thai food is excellent too .",sushi,sushi,positive
train,727,727::term::1,"Planet Thailand has always been a hit with me , I go there usually for the sushi, which is great , the thai food is excellent too .",thai food,thai food,positive
train,1925,1925::term::0,"Very excited to hear that short-term Chef Jason Narone has moved on, he truly was a low point of their Sterling track record.",Chef,chef,negative
train,3144,3144::term::0,I had to share my table with a loud group of kids and the service was rude an unattentive.,service,service,negative
train,3144,3144::term::1,I had to share my table with a loud group of kids and the service was rude an unattentive.,table,table,negative
train,1487,1487::term::0,The sauce on the pizza is sooo good with garlic and fresh tomatoes and they don't skimp.,garlic,garlic,positive
train,1487,1487::term::1,The sauce on the pizza is sooo good with garlic and fresh tomatoes and they don't skimp.,fresh tomatoes,fresh tomatoes,positive
train,1487,1487::term::2,The sauce on the pizza is sooo good with garlic and fresh tomatoes and they don't skimp.,sauce on the pizza,sauce on the pizza,positive
train,2120,2120::term::0,"We recently decided to try this location, and to our delight, they have outdoor seating, perfect since I had my yorkie with me.",outdoor seating,outdoor seating,positive
train,1868,1868::term::0,"My husband had the mesclun, salmon, and ice cream and he enjoyed all 3 courses.",mesclun,mesclun,positive
train,1868,1868::term::1,"My husband had the mesclun, salmon, and ice cream and he enjoyed all 3 courses.",salmon,salmon,positive
train,1868,1868::term::2,"My husband had the mesclun, salmon, and ice cream and he enjoyed all 3 courses.",ice cream,ice cream,positive
train,1868,1868::term::3,"My husband had the mesclun, salmon, and ice cream and he enjoyed all 3 courses.",courses,courses,positive
train,770,770::term::0,We were told that the wait was about twenty minutes and there would be no problem for our 8:00 pm curtain call.,wait,wait,neutral
train,2205,2205::term::0,The food is usually good but it certainly isn't a relaxing place to go.,food,food,positive
train,2205,2205::term::1,The food is usually good but it certainly isn't a relaxing place to go.,place,place,negative
train,1940,1940::term::0,"Super friendly and knowledgable staff, fabulous bistro fare and a wonderful jazz brunch with great live jazz (the chilaquiles were awesome!",staff,staff,positive
train,1940,1940::term::1,"Super friendly and knowledgable staff, fabulous bistro fare and a wonderful jazz brunch with great live jazz (the chilaquiles were awesome!",bistro fare,bistro fare,positive
train,1940,1940::term::2,"Super friendly and knowledgable staff, fabulous bistro fare and a wonderful jazz brunch with great live jazz (the chilaquiles were awesome!",chilaquiles,chilaquiles,positive
train,1940,1940::term::3,"Super friendly and knowledgable staff, fabulous bistro fare and a wonderful jazz brunch with great live jazz (the chilaquiles were awesome!",jazz brunch,jazz brunch,positive
train,1940,1940::term::4,"Super friendly and knowledgable staff, fabulous bistro fare and a wonderful jazz brunch with great live jazz (the chilaquiles were awesome!",live jazz,live jazz,positive
train,2451,2451::term::0,The prices were fantastic.,prices,prices,positive
train,1632,1632::term::0,"Still, any quibbles about the bill were off-set by the pour-your-own measures of liquers which were courtesey of the house...",bill,bill,conflict
train,1632,1632::term::1,"Still, any quibbles about the bill were off-set by the pour-your-own measures of liquers which were courtesey of the house...",measures of liquers,measures of liquers,positive
train,1961,1961::term::0,"The table service could have been a little more attentive but as someone who also works in the service industry, I understood they were busy.",table service,table service,conflict
train,1961,1961::term::1,"The table service could have been a little more attentive but as someone who also works in the service industry, I understood they were busy.",service,service,neutral
train,710,710::term::0,"It's not mind-blowing, but to me, thai food never is and never will be.",thai food,thai food,neutral
train,911,911::term::0,"Food was very good as well, considering that we tried the budget selection (though I wish the pork belly that I ordered was roasted a bit longer, so that fat was more of a melt-in-your-mouth experience).",Food,food,positive
train,911,911::term::1,"Food was very good as well, considering that we tried the budget selection (though I wish the pork belly that I ordered was roasted a bit longer, so that fat was more of a melt-in-your-mouth experience).",pork belly,pork belly,negative
train,911,911::term::2,"Food was very good as well, considering that we tried the budget selection (though I wish the pork belly that I ordered was roasted a bit longer, so that fat was more of a melt-in-your-mouth experience).",fat,fat,negative
train,2903,2903::term::0,"i've been to sapphire twice and both times the food was fine, if not good.",food,food,positive
train,1887,1887::term::0,It is kinda nosiy and the tables are close together but it's still a beautiful place to enjoy a nice dinner.,tables,tables,negative
train,1887,1887::term::1,It is kinda nosiy and the tables are close together but it's still a beautiful place to enjoy a nice dinner.,dinner,dinner,positive
train,1887,1887::term::2,It is kinda nosiy and the tables are close together but it's still a beautiful place to enjoy a nice dinner.,place,place,positive
train,1273,1273::term::0,I love the fact that the pizza tastes so good and is so cheap.,pizza,pizza,positive
train,590,590::term::0,Nicky the Nose at the bar is a treat.,bar,bar,neutral
train,179,179::term::0,"Service was prompt, friendly and great.",Service,service,positive
train,109,109::term::0,"I haven't eat a lamb chop as delicious as that,the salads are really nice dressed with lemon and extra virgnin olive oil.",lamb chop,lamb chop,positive
train,109,109::term::1,"I haven't eat a lamb chop as delicious as that,the salads are really nice dressed with lemon and extra virgnin olive oil.",salads,salads,positive
train,109,109::term::2,"I haven't eat a lamb chop as delicious as that,the salads are really nice dressed with lemon and extra virgnin olive oil.",lemon,lemon,positive
train,109,109::term::3,"I haven't eat a lamb chop as delicious as that,the salads are really nice dressed with lemon and extra virgnin olive oil.",extra virgnin olive oil,extra virgnin olive oil,positive
train,339,339::term::0,The sushi was awful!,sushi,sushi,negative
train,2487,2487::term::0,You can get an excellent meal at most of the many Indian restaurants on nearby Lexington Avenue for the cost of one the dainty dishes here.,meal,meal,positive
train,2487,2487::term::1,You can get an excellent meal at most of the many Indian restaurants on nearby Lexington Avenue for the cost of one the dainty dishes here.,cost,cost,conflict
train,2487,2487::term::2,You can get an excellent meal at most of the many Indian restaurants on nearby Lexington Avenue for the cost of one the dainty dishes here.,dishes,dishes,positive
train,499,499::term::0,"The Pastrami sandwich was like buttah and with pickles and an icy cold beer to wash it down, it was a pleasurable experience.",Pastrami sandwich,pastrami sandwich,positive
train,499,499::term::1,"The Pastrami sandwich was like buttah and with pickles and an icy cold beer to wash it down, it was a pleasurable experience.",beer,beer,positive
train,499,499::term::2,"The Pastrami sandwich was like buttah and with pickles and an icy cold beer to wash it down, it was a pleasurable experience.",pickles,pickles,positive
train,2589,2589::term::0,The plain pizza was soggy and the creative wild mushroom(third generation-Fornini) pizza we had was drenched with truffle oil in the middle( again making it soggy) and nothingon the rest.,plain pizza,plain pizza,negative
train,2589,2589::term::1,The plain pizza was soggy and the creative wild mushroom(third generation-Fornini) pizza we had was drenched with truffle oil in the middle( again making it soggy) and nothingon the rest.,truffle oil,truffle oil,neutral
train,2589,2589::term::2,The plain pizza was soggy and the creative wild mushroom(third generation-Fornini) pizza we had was drenched with truffle oil in the middle( again making it soggy) and nothingon the rest.,wild mushroom(third generation-Fornini) pizza,wild mushroom third generation-fornini pizza,positive
train,3701,3701::term::0,"Late nite omelletes are not good here, there is no variety!",omelletes,omelletes,negative
train,3050,3050::term::0,"After all that, they complained to me about the small tip.",tip,tip,negative
train,1185,1185::term::0,It's a great place to pick up a cheap lunch or dinner.,lunch,lunch,positive
train,1185,1185::term::1,It's a great place to pick up a cheap lunch or dinner.,dinner,dinner,positive
train,1555,1555::term::0,"Behind this counter, two men are squeezed in.",counter,counter,negative
train,1032,1032::term::0,"Whenever you need a Sushi fix, Mizu will be there with quality fish and great service.",fish,fish,positive
train,1032,1032::term::1,"Whenever you need a Sushi fix, Mizu will be there with quality fish and great service.",service,service,positive
train,1032,1032::term::2,"Whenever you need a Sushi fix, Mizu will be there with quality fish and great service.",Sushi fix,sushi fix,positive
train,1124,1124::term::0,"Our waitress was sweet and accomodating, not overbearing.",waitress,waitress,positive
train,1663,1663::term::0,Went there with my wife and we had to wait for a table even though you could see there many that were empty with not reservation sigh on them.,reservation sigh,reservation sigh,neutral
train,1663,1663::term::1,Went there with my wife and we had to wait for a table even though you could see there many that were empty with not reservation sigh on them.,table,table,negative
train,1690,1690::term::0,I was really disappointed ant wanted to tell everyone not to go eat or even take out food from there.,food,food,negative
train,788,788::term::0,The website and rating makes this place look wonderful but in reality it was very disappointing.,place,place,conflict
train,1780,1780::term::0,"Despite a slightly limited menu, everything prepared is done to perfection, ultra fresh and a work of food art.",menu,menu,negative
train,1780,1780::term::1,"Despite a slightly limited menu, everything prepared is done to perfection, ultra fresh and a work of food art.",food art,food art,positive
train,742,742::term::0,The outdoor atmosphere of sitting on the sidewalk watching the world go by 50 feet away on 6th avenue on a cool evening was wonderful.,outdoor atmosphere,outdoor atmosphere,positive
train,1471,1471::term::0,"A large is $20, and toppings are about $3 each.",toppings,toppings,neutral
train,3352,3352::term::0,brick oven gallery is My pick for best pizza restaurant anywhere.,pizza,pizza,positive
train,3315,3315::term::0,Add to that great service and great food at a reasonable price and you have yourself the beginning of a great evening.,service,service,positive
train,3315,3315::term::1,Add to that great service and great food at a reasonable price and you have yourself the beginning of a great evening.,food,food,positive
train,3315,3315::term::2,Add to that great service and great food at a reasonable price and you have yourself the beginning of a great evening.,price,price,positive
train,3393,3393::term::0,"For many people, this may not seem like Aunthentic Thai food because most places in NYC arent quite authentic.",Thai food,thai food,negative
train,2157,2157::term::0,"Growing up in NY, I have eaten my share of bagels.",bagels,bagels,neutral
train,3018,3018::term::0,"Oh, don't even let me start with how expensive the bills were!",bills,bills,negative
train,257,257::term::0,The scallion pancakes and fried dumplings were nothing out of the ordinary.,scallion pancakes,scallion pancakes,neutral
train,257,257::term::1,The scallion pancakes and fried dumplings were nothing out of the ordinary.,fried dumplings,fried dumplings,neutral
train,813,813::term::0,"All the appetizers and salads were fabulous, the steak was mouth watering and the pasta was delicious!!!",appetizers,appetizers,positive
train,813,813::term::1,"All the appetizers and salads were fabulous, the steak was mouth watering and the pasta was delicious!!!",salads,salads,positive
train,813,813::term::2,"All the appetizers and salads were fabulous, the steak was mouth watering and the pasta was delicious!!!",steak,steak,positive
train,813,813::term::3,"All the appetizers and salads were fabulous, the steak was mouth watering and the pasta was delicious!!!",pasta,pasta,positive
train,2862,2862::term::0,"Besides having the table we had been promised given to other restaurant patrons twice before we were actually seated, we were served dishes we hadn't ordered three times, received one of our orders 20 minutes after the rest of the table had been served (and that order was undercooked), and charged $45 more than we should have been on our bill.",table,table,negative
train,2862,2862::term::1,"Besides having the table we had been promised given to other restaurant patrons twice before we were actually seated, we were served dishes we hadn't ordered three times, received one of our orders 20 minutes after the rest of the table had been served (and that order was undercooked), and charged $45 more than we should have been on our bill.",served,served,negative
train,2862,2862::term::2,"Besides having the table we had been promised given to other restaurant patrons twice before we were actually seated, we were served dishes we hadn't ordered three times, received one of our orders 20 minutes after the rest of the table had been served (and that order was undercooked), and charged $45 more than we should have been on our bill.",dishes,dishes,negative
train,2862,2862::term::3,"Besides having the table we had been promised given to other restaurant patrons twice before we were actually seated, we were served dishes we hadn't ordered three times, received one of our orders 20 minutes after the rest of the table had been served (and that order was undercooked), and charged $45 more than we should have been on our bill.",table,table,negative
train,2862,2862::term::4,"Besides having the table we had been promised given to other restaurant patrons twice before we were actually seated, we were served dishes we hadn't ordered three times, received one of our orders 20 minutes after the rest of the table had been served (and that order was undercooked), and charged $45 more than we should have been on our bill.",served,served,negative
train,2862,2862::term::5,"Besides having the table we had been promised given to other restaurant patrons twice before we were actually seated, we were served dishes we hadn't ordered three times, received one of our orders 20 minutes after the rest of the table had been served (and that order was undercooked), and charged $45 more than we should have been on our bill.",bill,bill,negative
train,3292,3292::term::0,Service is top notch.,Service,service,positive
train,3343,3343::term::0,The food now is inconsistent.,food,food,negative
train,3135,3135::term::0,"You can also special order any kind of dumpling,etc.",dumpling,dumpling,positive
train,2018,2018::term::0,I was pretty much full after our fondue appetizer.,fondue appetizer,fondue appetizer,neutral
train,3551,3551::term::0,BE CAREFUL before you request extra spice.,spice,spice,neutral
train,2355,2355::term::0,The octopus eaters were floored by the Octopus salad.,Octopus salad,octopus salad,positive
train,3178,3178::term::0,We thought that this place is using too much of MSG cooking in the foods.,foods,foods,negative
train,3178,3178::term::1,We thought that this place is using too much of MSG cooking in the foods.,MSG cooking,msg cooking,negative
train,2211,2211::term::0,And the Tom Kha soup was pathetic.,Tom Kha soup,tom kha soup,negative
train,2317,2317::term::0,I started out with a Bombay beer which was big enough for two.,Bombay beer,bombay beer,positive
train,175,175::term::0,"The decor is vibrant and eye-pleasing with several semi-private boths on the right side of the dining hall, which are great for a date.",decor,decor,positive
train,175,175::term::1,"The decor is vibrant and eye-pleasing with several semi-private boths on the right side of the dining hall, which are great for a date.",dining hall,dining hall,positive
train,175,175::term::2,"The decor is vibrant and eye-pleasing with several semi-private boths on the right side of the dining hall, which are great for a date.",semi-private boths,semi-private boths,positive
train,1609,1609::term::0,Service was quick.,Service,service,positive
train,1057,1057::term::0,Drawbacks: service is slow and they don't toast!,service,service,negative
train,3188,3188::term::0,Went there for an office lunch.,office lunch,office lunch,neutral
train,2882,2882::term::0,The sweet lassi was excellent as was the lamb chettinad and the garlic naan but the rasamalai was forgettable.,sweet lassi,sweet lassi,positive
train,2882,2882::term::1,The sweet lassi was excellent as was the lamb chettinad and the garlic naan but the rasamalai was forgettable.,lamb chettinad,lamb chettinad,positive
train,2882,2882::term::2,The sweet lassi was excellent as was the lamb chettinad and the garlic naan but the rasamalai was forgettable.,garlic naan,garlic naan,positive
train,2882,2882::term::3,The sweet lassi was excellent as was the lamb chettinad and the garlic naan but the rasamalai was forgettable.,rasamalai,rasamalai,negative
train,1948,1948::term::0,"We've been following chef Lyle's food around New York for 15 years and while remaining classic, his innovations with bistro fare have made us return and return.",bistro fare,bistro fare,positive
train,1948,1948::term::1,"We've been following chef Lyle's food around New York for 15 years and while remaining classic, his innovations with bistro fare have made us return and return.",chef,chef,positive
train,1948,1948::term::2,"We've been following chef Lyle's food around New York for 15 years and while remaining classic, his innovations with bistro fare have made us return and return.",food,food,positive
train,2041,2041::term::0,The best thing I tasted were the lambchops.,lambchops,lambchops,positive
train,1656,1656::term::0,The spicy tuna and salmon are the best we've ever had.,spicy tuna,spicy tuna,positive
train,1656,1656::term::1,The spicy tuna and salmon are the best we've ever had.,salmon,salmon,positive
train,3440,3440::term::0,"Even though its good seafood, the prices are too high.",seafood,seafood,positive
train,3440,3440::term::1,"Even though its good seafood, the prices are too high.",prices,prices,negative
train,870,870::term::0,"In addition, the food is very good and the prices are reasonable.",food,food,positive
train,870,870::term::1,"In addition, the food is very good and the prices are reasonable.",prices,prices,positive
train,2986,2986::term::0,"Upon entering, we were greeted by the owners, Steven and Frederick, who went out of their way to be more than gracious hosts.",owners,owners,positive
train,2986,2986::term::1,"Upon entering, we were greeted by the owners, Steven and Frederick, who went out of their way to be more than gracious hosts.",hosts,hosts,positive
train,284,284::term::0,Been going here since it opened have seen the quality value decrease considerably.,quality value,quality value,negative
train,3418,3418::term::0,"Meat dishes now adorn the selections, although there's still a large number of vegetarian-friendly choices.",Meat dishes,meat dishes,neutral
train,3418,3418::term::1,"Meat dishes now adorn the selections, although there's still a large number of vegetarian-friendly choices.",vegetarian-friendly choices,vegetarian-friendly choices,positive
train,83,83::term::0,Reasonable prices.,prices,prices,positive
train,2940,2940::term::0,they bring service up a notch by offerng complementary amuse bouche to all tables and gave us a small dessert for our celebration.,amuse bouche,amuse bouche,positive
train,2940,2940::term::1,they bring service up a notch by offerng complementary amuse bouche to all tables and gave us a small dessert for our celebration.,dessert,dessert,positive
train,2940,2940::term::2,they bring service up a notch by offerng complementary amuse bouche to all tables and gave us a small dessert for our celebration.,tables,tables,positive
train,2940,2940::term::3,they bring service up a notch by offerng complementary amuse bouche to all tables and gave us a small dessert for our celebration.,service,service,positive
train,2141,2141::term::0,"Try the crunchy tuna, it is to die for.",crunchy tuna,crunchy tuna,positive
train,1854,1854::term::0,It won't break the bank but I also wouldnt come back for the food.,food,food,negative
train,396,396::term::0,"All in all, this midtown gem instantly became one of my favorite sushi restaurants in the city.",sushi,sushi,positive
train,614,614::term::0,It is a lot of fun with live entertainment and all kinds of Disney type special effects.,live entertainment,live entertainment,positive
train,614,614::term::1,It is a lot of fun with live entertainment and all kinds of Disney type special effects.,special effects,special effects,positive
train,3012,3012::term::0,"if you're looking for perfect traditional sushi, go here - if you're looking for interesting combinations, try sushi of gari's (east side).",sushi,sushi,positive
train,3012,3012::term::1,"if you're looking for perfect traditional sushi, go here - if you're looking for interesting combinations, try sushi of gari's (east side).",sushi,sushi,positive
train,2621,2621::term::0,"No refills on fountain drinks, though.",fountain drinks,fountain drinks,negative
train,605,605::term::0,Wow over 100 beers to choose from.,beers,beers,positive
train,2017,2017::term::0,Be careful of portions - they're HUGE.,portions,portions,positive
train,2974,2974::term::0,"The Steak Tartare is a great bet, they fix it for you at the table.",Steak Tartare,steak tartare,positive
train,2456,2456::term::0,My first time there I happened not to like the Crab Croquette apt that i ordered and they were happy to change it for me without making no big deal.,Crab Croquette apt,crab croquette apt,negative
train,25,25::term::0,Great for large groups and celebrations - our SUPER HAPPY waiter was the entertainment of the evening.,waiter,waiter,positive
train,520,520::term::0,Did I mention the wine?,wine,wine,neutral
train,3383,3383::term::0,"Plus, on Wednesday nights the house wine is unlimited!",house wine,house wine,positive
train,2522,2522::term::0,like saying her bread comes from a special bakery when we have seen her buying it dowtown manhathan.,bread,bread,negative
train,2386,2386::term::0,The dim sum servings here are a bit larger than I'm used to.,dim sum servings,dim sum servings,neutral
train,3332,3332::term::0,"However, in the summer of 2003, it seems the management has changed and the great big door has been replaced for a glass front ridding itself of the dark romantic getup.",management,management,neutral
train,3332,3332::term::1,"However, in the summer of 2003, it seems the management has changed and the great big door has been replaced for a glass front ridding itself of the dark romantic getup.",door,door,positive
train,3332,3332::term::2,"However, in the summer of 2003, it seems the management has changed and the great big door has been replaced for a glass front ridding itself of the dark romantic getup.",glass front,glass front,negative
train,717,717::term::0,We won't go to this place again for a good meal.,meal,meal,negative
train,1345,1345::term::0,"Barbecued codfish was gorgeously moist - as if poached - yet the fabulous texture was let down by curiously bland seasoning - a spice rub might have overwhelmed, however herb mix or other sauce would have done much to enhance.",Barbecued codfish,barbecued codfish,positive
train,1345,1345::term::1,"Barbecued codfish was gorgeously moist - as if poached - yet the fabulous texture was let down by curiously bland seasoning - a spice rub might have overwhelmed, however herb mix or other sauce would have done much to enhance.",seasoning,seasoning,negative
train,1345,1345::term::2,"Barbecued codfish was gorgeously moist - as if poached - yet the fabulous texture was let down by curiously bland seasoning - a spice rub might have overwhelmed, however herb mix or other sauce would have done much to enhance.",texture,texture,conflict
train,1345,1345::term::3,"Barbecued codfish was gorgeously moist - as if poached - yet the fabulous texture was let down by curiously bland seasoning - a spice rub might have overwhelmed, however herb mix or other sauce would have done much to enhance.",spice rub,spice rub,negative
train,1345,1345::term::4,"Barbecued codfish was gorgeously moist - as if poached - yet the fabulous texture was let down by curiously bland seasoning - a spice rub might have overwhelmed, however herb mix or other sauce would have done much to enhance.",herb mix,herb mix,negative
train,1345,1345::term::5,"Barbecued codfish was gorgeously moist - as if poached - yet the fabulous texture was let down by curiously bland seasoning - a spice rub might have overwhelmed, however herb mix or other sauce would have done much to enhance.",sauce,sauce,negative
train,1159,1159::term::0,"After dinner, take your date to the HUGE dance floor, probably one of the biggest you'll see in NY.",dance floor,dance floor,positive
train,1159,1159::term::1,"After dinner, take your date to the HUGE dance floor, probably one of the biggest you'll see in NY.",dinner,dinner,neutral
train,3547,3547::term::0,Taj Mahal offeres gret value and great food.,value,value,positive
train,3547,3547::term::1,Taj Mahal offeres gret value and great food.,food,food,positive
train,792,792::term::0,Has the chef and owner changed???,chef,chef,neutral
train,792,792::term::1,Has the chef and owner changed???,owner,owner,neutral
train,2015,2015::term::0,My boyfriend and I recently had an early dinner at Artisanal and was satisfied with our experience.,dinner,dinner,positive
train,3692,3692::term::0,"But don't ever order bacon late at nite (either platter or in sandwiches, for that matter don't from any take out place) as it is from the morning frying turns out hard almost like bacos, hurt my molars.",bacon,bacon,negative
train,3692,3692::term::1,"But don't ever order bacon late at nite (either platter or in sandwiches, for that matter don't from any take out place) as it is from the morning frying turns out hard almost like bacos, hurt my molars.",platter,platter,negative
train,3692,3692::term::2,"But don't ever order bacon late at nite (either platter or in sandwiches, for that matter don't from any take out place) as it is from the morning frying turns out hard almost like bacos, hurt my molars.",in sandwiches,in sandwiches,negative
train,3692,3692::term::3,"But don't ever order bacon late at nite (either platter or in sandwiches, for that matter don't from any take out place) as it is from the morning frying turns out hard almost like bacos, hurt my molars.",frying,frying,negative
train,3692,3692::term::4,"But don't ever order bacon late at nite (either platter or in sandwiches, for that matter don't from any take out place) as it is from the morning frying turns out hard almost like bacos, hurt my molars.",bacos,bacos,negative
train,1209,1209::term::0,"Outstanding Bagels, but you get what you pay for.",Bagels,bagels,positive
train,443,443::term::0,"Pizza - the only pizza in NYC that should not have additional toppings - the crust tastes like the best, freshly baked bread!",Pizza,pizza,positive
train,443,443::term::1,"Pizza - the only pizza in NYC that should not have additional toppings - the crust tastes like the best, freshly baked bread!",crust,crust,positive
train,443,443::term::2,"Pizza - the only pizza in NYC that should not have additional toppings - the crust tastes like the best, freshly baked bread!",pizza,pizza,positive
train,443,443::term::3,"Pizza - the only pizza in NYC that should not have additional toppings - the crust tastes like the best, freshly baked bread!",toppings,toppings,neutral
train,443,443::term::4,"Pizza - the only pizza in NYC that should not have additional toppings - the crust tastes like the best, freshly baked bread!",bread,bread,positive
train,1377,1377::term::0,"I found it on a cold night, the perfect spot to warm up.",spot,spot,positive
train,1439,1439::term::0,They even have a section in the menu called American Chinese food!,menu,menu,negative
train,1439,1439::term::1,They even have a section in the menu called American Chinese food!,American Chinese food,american chinese food,negative
train,2741,2741::term::0,"Service was warm and attentive, beef carpaachio was exellent (huge portion) and pasta was fresh and well-prepared.",Service,service,positive
train,2741,2741::term::1,"Service was warm and attentive, beef carpaachio was exellent (huge portion) and pasta was fresh and well-prepared.",beef carpaachio,beef carpaachio,positive
train,2741,2741::term::2,"Service was warm and attentive, beef carpaachio was exellent (huge portion) and pasta was fresh and well-prepared.",pasta,pasta,positive
train,2741,2741::term::3,"Service was warm and attentive, beef carpaachio was exellent (huge portion) and pasta was fresh and well-prepared.",portion,portion,positive
train,370,370::term::0,kalbi and nebbiolo do work together.,kalbi,kalbi,neutral
train,370,370::term::1,kalbi and nebbiolo do work together.,nebbiolo,nebbiolo,neutral
train,599,599::term::0,"Best Italian food I ever had (and being Italian, that means alot).",Italian food,italian food,positive
train,803,803::term::0,I will recommend Scopa to all of my friends for a place to go for wonderful Italian food.,Italian food,italian food,positive
train,1750,1750::term::0,Located at the end of a magnificent block.,Located,located,positive
train,847,847::term::0,"Looking around, I saw a room full of New Yorkers enjoying a real meal in a real restaurant, not a clubhouse of the fabulous trying to be seen.",meal,meal,positive
train,847,847::term::1,"Looking around, I saw a room full of New Yorkers enjoying a real meal in a real restaurant, not a clubhouse of the fabulous trying to be seen.",room,room,neutral
train,847,847::term::2,"Looking around, I saw a room full of New Yorkers enjoying a real meal in a real restaurant, not a clubhouse of the fabulous trying to be seen.",clubhouse,clubhouse,negative
train,1007,1007::term::0,They don't walk around with the trays of Dim Sum.,trays of Dim Sum,trays of dim sum,neutral
train,1161,1161::term::0,"Great bar, most gorgeous bartenders you've ever seen (specifically the blond lady).",bar,bar,positive
train,1161,1161::term::1,"Great bar, most gorgeous bartenders you've ever seen (specifically the blond lady).",bartenders,bartenders,positive
train,3123,3123::term::0,We were planning to get dessert but the waitress basically through the bill at us before we had a chance to order.,dessert,dessert,neutral
train,3123,3123::term::1,We were planning to get dessert but the waitress basically through the bill at us before we had a chance to order.,waitress,waitress,negative
train,3123,3123::term::2,We were planning to get dessert but the waitress basically through the bill at us before we had a chance to order.,bill,bill,neutral
train,3405,3405::term::0,I really loved the different and inovated touch that's the cheff gives to the food.,cheff,cheff,positive
train,3405,3405::term::1,I really loved the different and inovated touch that's the cheff gives to the food.,food,food,positive
train,3702,3702::term::0,They came out over cooked and the cheese was almost non existant.,cheese,cheese,negative
train,1911,1911::term::0,"I had a terrific meal, and our server guided us toward a very nice wine in our price range, instead of allowing us to purchase a similarly priced wine that wasn't as good.",meal,meal,positive
train,1911,1911::term::1,"I had a terrific meal, and our server guided us toward a very nice wine in our price range, instead of allowing us to purchase a similarly priced wine that wasn't as good.",server,server,positive
train,1911,1911::term::2,"I had a terrific meal, and our server guided us toward a very nice wine in our price range, instead of allowing us to purchase a similarly priced wine that wasn't as good.",wine,wine,positive
train,1911,1911::term::3,"I had a terrific meal, and our server guided us toward a very nice wine in our price range, instead of allowing us to purchase a similarly priced wine that wasn't as good.",wine,wine,negative
train,1911,1911::term::4,"I had a terrific meal, and our server guided us toward a very nice wine in our price range, instead of allowing us to purchase a similarly priced wine that wasn't as good.",price range,price range,positive
train,1911,1911::term::5,"I had a terrific meal, and our server guided us toward a very nice wine in our price range, instead of allowing us to purchase a similarly priced wine that wasn't as good.",priced,priced,neutral
train,703,703::term::0,"The svc can be a bit rude at times, esp if you have big group, but overall the restaurant is a must!",svc,svc,negative
train,1000,1000::term::0,"The food is good, especially their more basic dishes, and the drinks are delicious.",food,food,positive
train,1000,1000::term::1,"The food is good, especially their more basic dishes, and the drinks are delicious.",dishes,dishes,positive
train,1000,1000::term::2,"The food is good, especially their more basic dishes, and the drinks are delicious.",drinks,drinks,positive
train,3241,3241::term::0,But the main hit was the whole grilled fish.,whole grilled fish,whole grilled fish,positive
train,1866,1866::term::0,"I had the tuna tartare with sake, mushroom ravioli with pinot noir, and the chocolate sampler with a dessert wine for $49.",tuna tartare,tuna tartare,positive
train,1866,1866::term::1,"I had the tuna tartare with sake, mushroom ravioli with pinot noir, and the chocolate sampler with a dessert wine for $49.",sake,sake,positive
train,1866,1866::term::2,"I had the tuna tartare with sake, mushroom ravioli with pinot noir, and the chocolate sampler with a dessert wine for $49.",mushroom ravioli,mushroom ravioli,positive
train,1866,1866::term::3,"I had the tuna tartare with sake, mushroom ravioli with pinot noir, and the chocolate sampler with a dessert wine for $49.",pinot noir,pinot noir,positive
train,1866,1866::term::4,"I had the tuna tartare with sake, mushroom ravioli with pinot noir, and the chocolate sampler with a dessert wine for $49.",chocolate sampler,chocolate sampler,positive
train,1866,1866::term::5,"I had the tuna tartare with sake, mushroom ravioli with pinot noir, and the chocolate sampler with a dessert wine for $49.",dessert wine,dessert wine,positive
train,2570,2570::term::0,On a hot day it was fabulous to stop in and enjoy lunch.,lunch,lunch,positive
train,280,280::term::0,The food is delicious and beautifully prepared along with the friendly and personable service.,food,food,positive
train,280,280::term::1,The food is delicious and beautifully prepared along with the friendly and personable service.,service,service,positive
train,1021,1021::term::0,I usually go there later at night when I get off work so I don't have to deal with crowds or lines.,lines,lines,negative
train,1021,1021::term::1,I usually go there later at night when I get off work so I don't have to deal with crowds or lines.,crowds,crowds,negative
train,1729,1729::term::0,Pizza here is consistently good.,Pizza,pizza,positive
train,610,610::term::0,We had a great tiem watching the shows and characters and ar food was just what we were looking for.,shows,shows,positive
train,610,610::term::1,We had a great tiem watching the shows and characters and ar food was just what we were looking for.,food,food,positive
train,610,610::term::2,We had a great tiem watching the shows and characters and ar food was just what we were looking for.,characters,characters,positive
train,3211,3211::term::0,"After 2 tries by the waiter to take it away (we hadn't even looked at it yet, we had full beers yet to drink), the manager approached and told us they needed the table for people with reservations.",waiter,waiter,negative
train,3211,3211::term::1,"After 2 tries by the waiter to take it away (we hadn't even looked at it yet, we had full beers yet to drink), the manager approached and told us they needed the table for people with reservations.",beers,beers,neutral
train,3211,3211::term::2,"After 2 tries by the waiter to take it away (we hadn't even looked at it yet, we had full beers yet to drink), the manager approached and told us they needed the table for people with reservations.",manager,manager,negative
train,3211,3211::term::3,"After 2 tries by the waiter to take it away (we hadn't even looked at it yet, we had full beers yet to drink), the manager approached and told us they needed the table for people with reservations.",reservations,reservations,positive
train,2984,2984::term::0,Wouldn't recomend it for dinner!,dinner,dinner,negative
train,1429,1429::term::0,Sauce was watery and the food didn't have much flavor.,Sauce,sauce,negative
train,1429,1429::term::1,Sauce was watery and the food didn't have much flavor.,food,food,negative
train,1429,1429::term::2,Sauce was watery and the food didn't have much flavor.,flavor,flavor,negative
train,1855,1855::term::0,My husband and I enjoy Sangria.,Sangria,sangria,positive
train,3409,3409::term::0,"But after last night, Spice Grill is the only place I'm eating indian cuisine.",indian cuisine,indian cuisine,positive
train,579,579::term::0,We both opted for a pasta dish and they were served timely and fresh.,pasta dish,pasta dish,positive
train,579,579::term::1,We both opted for a pasta dish and they were served timely and fresh.,served,served,positive
train,3670,3670::term::0,"First the wrong bread came out with the appetizer, then when i tried to order a second glass of wine for my main course...",bread,bread,negative
train,3670,3670::term::1,"First the wrong bread came out with the appetizer, then when i tried to order a second glass of wine for my main course...",appetizer,appetizer,neutral
train,3670,3670::term::2,"First the wrong bread came out with the appetizer, then when i tried to order a second glass of wine for my main course...",glass of wine,glass of wine,neutral
train,3670,3670::term::3,"First the wrong bread came out with the appetizer, then when i tried to order a second glass of wine for my main course...",main course,main course,neutral
train,685,685::term::0,"Not sure where the previous reviewer, lonk, dined, but Saul is in a great neighborhood and has great food!",neighborhood,neighborhood,positive
train,685,685::term::1,"Not sure where the previous reviewer, lonk, dined, but Saul is in a great neighborhood and has great food!",food,food,positive
train,428,428::term::0,"In an area sadly lacking in decent Thai food, this is one of the best spots.",Thai food,thai food,positive
train,3378,3378::term::0,Tell them Herky sent you and get a free confused look from the waiter.,waiter,waiter,negative
train,779,779::term::0,Make reservations but expect to be delayed 15-20 minutes as the hosting staff was having difficulty seating guests who arrived with a reservation because they probably had a lot of walk ins being so close to Time Square.,hosting staff,hosting staff,negative
train,779,779::term::1,Make reservations but expect to be delayed 15-20 minutes as the hosting staff was having difficulty seating guests who arrived with a reservation because they probably had a lot of walk ins being so close to Time Square.,reservations,reservations,negative
train,779,779::term::2,Make reservations but expect to be delayed 15-20 minutes as the hosting staff was having difficulty seating guests who arrived with a reservation because they probably had a lot of walk ins being so close to Time Square.,reservation,reservation,neutral
train,779,779::term::3,Make reservations but expect to be delayed 15-20 minutes as the hosting staff was having difficulty seating guests who arrived with a reservation because they probably had a lot of walk ins being so close to Time Square.,seating,seating,negative
train,916,916::term::0,The food was average or above including some surprising tasty dishes.,food,food,positive
train,916,916::term::1,The food was average or above including some surprising tasty dishes.,dishes,dishes,positive
train,2194,2194::term::0,They don't seem to place an emphasis on specials or fresh ingredients which to me is necessary for good thai.,specials,specials,negative
train,2194,2194::term::1,They don't seem to place an emphasis on specials or fresh ingredients which to me is necessary for good thai.,ingredients,ingredients,negative
train,2194,2194::term::2,They don't seem to place an emphasis on specials or fresh ingredients which to me is necessary for good thai.,thai,thai,neutral
train,1066,1066::term::0,Other apetizers and food,apetizers,apetizers,neutral
train,1066,1066::term::1,Other apetizers and food,food,food,neutral
train,127,127::term::0,The noodle and rices dishes taste great.,noodle and rices dishes,noodle and rices dishes,positive
train,427,427::term::0,The food's as good as ever.,food,food,positive
train,2298,2298::term::0,"The crust is thin, the ingredients are fresh and the staff is friendly.",crust,crust,positive
train,2298,2298::term::1,"The crust is thin, the ingredients are fresh and the staff is friendly.",staff,staff,positive
train,2298,2298::term::2,"The crust is thin, the ingredients are fresh and the staff is friendly.",ingredients,ingredients,positive
train,3169,3169::term::0,Also a little more expensive than your average bagel place.,bagel,bagel,neutral
train,3335,3335::term::0,"the food was undercooked-the sauce watery, and the vegetables raw.",food,food,negative
train,3335,3335::term::1,"the food was undercooked-the sauce watery, and the vegetables raw.",vegetables,vegetables,negative
train,3335,3335::term::2,"the food was undercooked-the sauce watery, and the vegetables raw.",sauce,sauce,negative
train,2356,2356::term::0,And the fried clams had just enough kick to them to make 'em worth eating.,fried clams,fried clams,positive
train,1199,1199::term::0,The sauces used are also not that exciting.,sauces,sauces,negative
train,2444,2444::term::0,The secret is the lunch menu which offers a complimentary appetizer with every entree ordered.,lunch menu,lunch menu,positive
train,2444,2444::term::1,The secret is the lunch menu which offers a complimentary appetizer with every entree ordered.,appetizer,appetizer,positive
train,2444,2444::term::2,The secret is the lunch menu which offers a complimentary appetizer with every entree ordered.,entree,entree,positive
train,340,340::term::0,The rice was poor quality and was cooked so badly it was hard.,rice,rice,negative
train,340,340::term::1,The rice was poor quality and was cooked so badly it was hard.,quality,quality,negative
train,340,340::term::2,The rice was poor quality and was cooked so badly it was hard.,cooked,cooked,negative
train,228,228::term::0,We had champagne and caviar and felt like princesses!,champagne,champagne,positive
train,228,228::term::1,We had champagne and caviar and felt like princesses!,caviar,caviar,positive
train,651,651::term::0,The shrimp scampi was excellent and the antipasti were plentiful.,shrimp scampi,shrimp scampi,positive
train,651,651::term::1,The shrimp scampi was excellent and the antipasti were plentiful.,antipasti,antipasti,positive
train,1930,1930::term::0,"When my dessert came, there was a candle in it - not because anyone asked for one - but because the waiter must have seen me opening my birthday card and gift, and said he knew it was a special occassion of some sort.",dessert,dessert,neutral
train,1930,1930::term::1,"When my dessert came, there was a candle in it - not because anyone asked for one - but because the waiter must have seen me opening my birthday card and gift, and said he knew it was a special occassion of some sort.",waiter,waiter,positive
train,2090,2090::term::0,"I got the $10 10-piece dim sum combo, every bite of which was great.",dim sum combo,dim sum combo,positive
train,2433,2433::term::0,There is also very limited seating and there can be a substantial wait in getting food at peak times.,seating,seating,negative
train,2433,2433::term::1,There is also very limited seating and there can be a substantial wait in getting food at peak times.,food,food,neutral
train,2433,2433::term::2,There is also very limited seating and there can be a substantial wait in getting food at peak times.,wait,wait,negative
train,1949,1949::term::0,"If it's just a quick martini at the bar (which I recommend Jeffery's) or a mind blowing Roast Chicken, go to Village!",martini,martini,neutral
train,1949,1949::term::1,"If it's just a quick martini at the bar (which I recommend Jeffery's) or a mind blowing Roast Chicken, go to Village!",bar,bar,neutral
train,1949,1949::term::2,"If it's just a quick martini at the bar (which I recommend Jeffery's) or a mind blowing Roast Chicken, go to Village!",Roast Chicken,roast chicken,positive
train,301,301::term::0,"There was a long wait for a table outside, but it was a little too hot in the sun anyway so our insde table was very nice.",table,table,neutral
train,301,301::term::1,"There was a long wait for a table outside, but it was a little too hot in the sun anyway so our insde table was very nice.",insde table,insde table,positive
train,301,301::term::2,"There was a long wait for a table outside, but it was a little too hot in the sun anyway so our insde table was very nice.",wait,wait,negative
train,942,942::term::0,The prices are wonderfully low.,prices,prices,positive
train,2887,2887::term::0,If you like spicy food get the chicken vindaloo.,chicken vindaloo,chicken vindaloo,neutral
train,2887,2887::term::1,If you like spicy food get the chicken vindaloo.,spicy food,spicy food,neutral
train,2398,2398::term::0,I have never been disappointed but their true strength lays in their amazingly delicious and cheap lunch specials.,lunch specials,lunch specials,positive
train,53,53::term::0,"So much more than the usual bar food, go there to enjoy the menu while sampling one of their hand-crafted beers.",bar food,bar food,positive
train,53,53::term::1,"So much more than the usual bar food, go there to enjoy the menu while sampling one of their hand-crafted beers.",menu,menu,positive
train,53,53::term::2,"So much more than the usual bar food, go there to enjoy the menu while sampling one of their hand-crafted beers.",hand-crafted beers,hand-crafted beers,positive
train,2025,2025::term::0,No free drink.,drink,drink,neutral
train,259,259::term::0,This is my first time writing a review for a restaurant because the food and service was excellent.,food,food,positive
train,259,259::term::1,This is my first time writing a review for a restaurant because the food and service was excellent.,service,service,positive
train,1211,1211::term::0,"While they keep the capex to a minimum, they do put some cash into the bagels, because they among the best in the city.",capex,capex,positive
train,1211,1211::term::1,"While they keep the capex to a minimum, they do put some cash into the bagels, because they among the best in the city.",bagels,bagels,neutral
train,1312,1312::term::0,The two star chefs left quite some time ago to open their own place.,chefs,chefs,neutral
train,1565,1565::term::0,Don't waste money on decor.,decor,decor,neutral
train,2959,2959::term::0,They also have a back garden open in the summer - cute and French with outdoor seating - what more could you ask for?,back garden,back garden,positive
train,2959,2959::term::1,They also have a back garden open in the summer - cute and French with outdoor seating - what more could you ask for?,outdoor seating,outdoor seating,positive
train,1659,1659::term::0,I have never before eaten 40 pieces of relatively good nigiri.,nigiri,nigiri,neutral
train,839,839::term::0,"Given the incredible architecture surrounding it, this place has no character.",architecture,architecture,positive
train,839,839::term::1,"Given the incredible architecture surrounding it, this place has no character.",place,place,negative
train,457,457::term::0,I'd call it an 'italian dinner'.,dinner,dinner,neutral
train,3086,3086::term::0,"While the place is not a hotspot hangout, the drinks are unique and pack a lot of bang for the buck.",drinks,drinks,positive
train,3086,3086::term::1,"While the place is not a hotspot hangout, the drinks are unique and pack a lot of bang for the buck.",place,place,negative
train,531,531::term::0,Have frequented 'ino for several years and the food remains excellent.,food,food,positive
train,450,450::term::0,"Their eggplant is so delicate, sweet tender!",eggplant,eggplant,positive
train,3263,3263::term::0,"Each bite of food at Kai was indeed delicious, fresh, and elegant.",food,food,positive
train,2939,2939::term::0,all the food was excellent - considering the quality of food in most moderately priced restaurants is mediocre this was slightly more pricey and well worth it.,food,food,positive
train,2939,2939::term::1,all the food was excellent - considering the quality of food in most moderately priced restaurants is mediocre this was slightly more pricey and well worth it.,quality of food,quality of food,positive
train,2939,2939::term::2,all the food was excellent - considering the quality of food in most moderately priced restaurants is mediocre this was slightly more pricey and well worth it.,priced,priced,neutral
train,2606,2606::term::0,My friend got the mushroom pizza which tasted better.,mushroom pizza,mushroom pizza,positive
train,2019,2019::term::0,"I had the cod with paella (spicy and very filling, I'm a big eater and could only eat half) while my boyfriend had the classic fish and chips (again, a big serving - at least 5 pieces of fish and a basketful of fries).",cod with paella,cod with paella,negative
train,2019,2019::term::1,"I had the cod with paella (spicy and very filling, I'm a big eater and could only eat half) while my boyfriend had the classic fish and chips (again, a big serving - at least 5 pieces of fish and a basketful of fries).",fish and chips,fish and chips,negative
train,2019,2019::term::2,"I had the cod with paella (spicy and very filling, I'm a big eater and could only eat half) while my boyfriend had the classic fish and chips (again, a big serving - at least 5 pieces of fish and a basketful of fries).",serving,serving,negative
train,2019,2019::term::3,"I had the cod with paella (spicy and very filling, I'm a big eater and could only eat half) while my boyfriend had the classic fish and chips (again, a big serving - at least 5 pieces of fish and a basketful of fries).",fish,fish,neutral
train,2019,2019::term::4,"I had the cod with paella (spicy and very filling, I'm a big eater and could only eat half) while my boyfriend had the classic fish and chips (again, a big serving - at least 5 pieces of fish and a basketful of fries).",fries,fries,neutral
train,1797,1797::term::0,"It's a shame that a nice, convenient place like the Pink Pony can be so ruined by lousy service.",place,place,positive
train,1797,1797::term::1,"It's a shame that a nice, convenient place like the Pink Pony can be so ruined by lousy service.",service,service,negative
train,1731,1731::term::0,You should pass on the calamari.,calamari,calamari,negative
train,2791,2791::term::0,"The porcini mushroom pasta special was tasteless, so was the seafood tagliatelle.",porcini mushroom pasta special,porcini mushroom pasta special,negative
train,2791,2791::term::1,"The porcini mushroom pasta special was tasteless, so was the seafood tagliatelle.",seafood tagliatelle,seafood tagliatelle,negative
train,3261,3261::term::0,Try the spicy wontons and the salt pepper shrimps.,spicy wontons,spicy wontons,positive
train,3261,3261::term::1,Try the spicy wontons and the salt pepper shrimps.,salt pepper shrimps,salt pepper shrimps,positive
train,1586,1586::term::0,THE FOOD PORTIONS ARE REALLY LARGE.,FOOD PORTIONS,food portions,positive
train,1893,1893::term::0,The fries are yummy.,fries,fries,positive
train,309,309::term::0,"Friendly and informative staff, very attentive and prompt raw bar service.",staff,staff,positive
train,309,309::term::1,"Friendly and informative staff, very attentive and prompt raw bar service.",bar service,bar service,positive
train,2290,2290::term::0,Best Taiwanese food in NY!,Taiwanese food,taiwanese food,positive
train,736,736::term::0,This place is a great stop for great food.,food,food,positive
train,2784,2784::term::0,All the pastas are fantastic and the homemade lasagna is some of the best that I have had in the City.,pastas,pastas,positive
train,2784,2784::term::1,All the pastas are fantastic and the homemade lasagna is some of the best that I have had in the City.,homemade lasagna,homemade lasagna,positive
train,369,369::term::0,"We laughed when he finally offered us a dessert menu and we left a 10 percent tip, which was generous, I feel.",dessert menu,dessert menu,neutral
train,369,369::term::1,"We laughed when he finally offered us a dessert menu and we left a 10 percent tip, which was generous, I feel.",tip,tip,positive
train,3279,3279::term::0,And the prices were way to high for what you get.,prices,prices,negative
train,1792,1792::term::0,The staff ignored my friends and I the entire time we were there.,staff,staff,negative
train,166,166::term::0,"Yet paired with such rude service, would never recommend for anyone interested in carrying any kind of conversation while there.",service,service,negative
train,1727,1727::term::0,"The in-house lady DJ on Saturday nights has outrageously good taste in music, and moreover, takes requests.",music,music,positive
train,1727,1727::term::1,"The in-house lady DJ on Saturday nights has outrageously good taste in music, and moreover, takes requests.",in-house lady DJ,in-house lady dj,positive
train,2425,2425::term::0,"I need at least three rolls to be full, and that's at least $14.00!",rolls,rolls,neutral
train,3508,3508::term::0,"Great wine list, reasonably priced.--Sara",wine list,wine list,positive
train,3508,3508::term::1,"Great wine list, reasonably priced.--Sara",priced,priced,positive
train,1541,1541::term::0,The hot dogs were cold in the middle and the buns were stale.,hot dogs,hot dogs,negative
train,1541,1541::term::1,The hot dogs were cold in the middle and the buns were stale.,buns,buns,negative
train,1037,1037::term::0,"While the food was excellent, it wasn't cheap (though not extremely expensive either).",food,food,positive
train,2288,2288::term::0,Beef noodle soup is good as well.,Beef noodle soup,beef noodle soup,positive
train,2585,2585::term::0,Delivery service is great too.,Delivery service,delivery service,positive
train,1386,1386::term::0,"The food's dazzling flavors overwhelm the palate, truly embracing the beauty of authentic Thai cuisine.",food,food,positive
train,1386,1386::term::1,"The food's dazzling flavors overwhelm the palate, truly embracing the beauty of authentic Thai cuisine.",Thai cuisine,thai cuisine,positive
train,1386,1386::term::2,"The food's dazzling flavors overwhelm the palate, truly embracing the beauty of authentic Thai cuisine.",flavors,flavors,positive
train,1378,1378::term::0,I recieved prompt service with a smile.,service,service,positive
train,438,438::term::0,They pray to their Food Gods to make them into a good pizza like VT's.,pizza,pizza,negative
train,232,232::term::0,The place was quiet and delightful.,place,place,positive
train,3621,3621::term::0,The food is a diamond in rough -- the food is delicious and homemade with the perfect balance of herbs and tomatoes.,food,food,positive
train,3621,3621::term::1,The food is a diamond in rough -- the food is delicious and homemade with the perfect balance of herbs and tomatoes.,food,food,positive
train,3621,3621::term::2,The food is a diamond in rough -- the food is delicious and homemade with the perfect balance of herbs and tomatoes.,herbs,herbs,positive
train,3621,3621::term::3,The food is a diamond in rough -- the food is delicious and homemade with the perfect balance of herbs and tomatoes.,tomatoes,tomatoes,positive
train,3489,3489::term::0,"As much as I like the food there, I can't bring myself to go back.",food,food,positive
train,3600,3600::term::0,It looked like shredded cheese partly done - still in strips.,shredded cheese,shredded cheese,negative
train,3519,3519::term::0,The prices and ambience are especially great considering it's in the West Village.,prices,prices,positive
train,3519,3519::term::1,The prices and ambience are especially great considering it's in the West Village.,ambience,ambience,positive
train,1183,1183::term::0,The soup is pretty good too.,soup,soup,positive
train,2663,2663::term::0,It is so easy to get a reservation at a top place in NYC with a week's notice.,reservation,reservation,positive
train,857,857::term::0,I have never better enjoyed humble root vegetables or a mushroom consomme - and this chef accomplishes without fats.,root vegetables,root vegetables,positive
train,857,857::term::1,I have never better enjoyed humble root vegetables or a mushroom consomme - and this chef accomplishes without fats.,mushroom consomme,mushroom consomme,positive
train,857,857::term::2,I have never better enjoyed humble root vegetables or a mushroom consomme - and this chef accomplishes without fats.,chef,chef,positive
train,1118,1118::term::0,"If you go to Roth's try to be served by Mike, he is GREAT!!",served,served,positive
train,2915,2915::term::0,"not the food ,not the ambiance , not the service, I agree with the previous reviews you wait and wait , the wait staff are very rude and when you get in they are looking to get you right out .",food,food,neutral
train,2915,2915::term::1,"not the food ,not the ambiance , not the service, I agree with the previous reviews you wait and wait , the wait staff are very rude and when you get in they are looking to get you right out .",ambiance,ambiance,neutral
train,2915,2915::term::2,"not the food ,not the ambiance , not the service, I agree with the previous reviews you wait and wait , the wait staff are very rude and when you get in they are looking to get you right out .",service,service,neutral
train,2915,2915::term::3,"not the food ,not the ambiance , not the service, I agree with the previous reviews you wait and wait , the wait staff are very rude and when you get in they are looking to get you right out .",wait staff,wait staff,negative
train,662,662::term::0,I always get the Shabu-Shabu dinner and the beef is always fresh.,Shabu-Shabu dinner,shabu-shabu dinner,neutral
train,662,662::term::1,I always get the Shabu-Shabu dinner and the beef is always fresh.,beef,beef,positive
train,3599,3599::term::0,The pizza was delivered cold and the cheese wasn't even fully melted!,pizza,pizza,negative
train,3599,3599::term::1,The pizza was delivered cold and the cheese wasn't even fully melted!,cheese,cheese,negative
train,502,502::term::0,We were very surprised by how good the food was on our first visit here on a Sunday night.,food,food,positive
train,981,981::term::0,"Nha Trang, while being notorious for utter lack of comfort and decor, horribly slow wait staff and horribly quick meals, is one of the best vietnamese restaurants i've ever been to. the pho is delicious and comes with very fresh vegtables.",comfort,comfort,negative
train,981,981::term::1,"Nha Trang, while being notorious for utter lack of comfort and decor, horribly slow wait staff and horribly quick meals, is one of the best vietnamese restaurants i've ever been to. the pho is delicious and comes with very fresh vegtables.",decor,decor,negative
train,981,981::term::2,"Nha Trang, while being notorious for utter lack of comfort and decor, horribly slow wait staff and horribly quick meals, is one of the best vietnamese restaurants i've ever been to. the pho is delicious and comes with very fresh vegtables.",wait staff,wait staff,negative
train,981,981::term::3,"Nha Trang, while being notorious for utter lack of comfort and decor, horribly slow wait staff and horribly quick meals, is one of the best vietnamese restaurants i've ever been to. the pho is delicious and comes with very fresh vegtables.",meals,meals,negative
train,981,981::term::4,"Nha Trang, while being notorious for utter lack of comfort and decor, horribly slow wait staff and horribly quick meals, is one of the best vietnamese restaurants i've ever been to. the pho is delicious and comes with very fresh vegtables.",pho,pho,positive
train,981,981::term::5,"Nha Trang, while being notorious for utter lack of comfort and decor, horribly slow wait staff and horribly quick meals, is one of the best vietnamese restaurants i've ever been to. the pho is delicious and comes with very fresh vegtables.",vegtables,vegtables,positive
train,1987,1987::term::0,"On the other hand, if you are not fooled easily, you will find hundreds of restaurants that will give you service and ambiance that is on par with Alain Ducasse, and food that will outshine in presentaion, taste, choice, quality and quantity.",service,service,neutral
train,1987,1987::term::1,"On the other hand, if you are not fooled easily, you will find hundreds of restaurants that will give you service and ambiance that is on par with Alain Ducasse, and food that will outshine in presentaion, taste, choice, quality and quantity.",ambiance,ambiance,neutral
train,1987,1987::term::2,"On the other hand, if you are not fooled easily, you will find hundreds of restaurants that will give you service and ambiance that is on par with Alain Ducasse, and food that will outshine in presentaion, taste, choice, quality and quantity.",food,food,negative
train,1987,1987::term::3,"On the other hand, if you are not fooled easily, you will find hundreds of restaurants that will give you service and ambiance that is on par with Alain Ducasse, and food that will outshine in presentaion, taste, choice, quality and quantity.",presentaion,presentaion,negative
train,1987,1987::term::4,"On the other hand, if you are not fooled easily, you will find hundreds of restaurants that will give you service and ambiance that is on par with Alain Ducasse, and food that will outshine in presentaion, taste, choice, quality and quantity.",taste,taste,negative
train,1987,1987::term::5,"On the other hand, if you are not fooled easily, you will find hundreds of restaurants that will give you service and ambiance that is on par with Alain Ducasse, and food that will outshine in presentaion, taste, choice, quality and quantity.",choice,choice,negative
train,1987,1987::term::6,"On the other hand, if you are not fooled easily, you will find hundreds of restaurants that will give you service and ambiance that is on par with Alain Ducasse, and food that will outshine in presentaion, taste, choice, quality and quantity.",quality,quality,negative
train,1987,1987::term::7,"On the other hand, if you are not fooled easily, you will find hundreds of restaurants that will give you service and ambiance that is on par with Alain Ducasse, and food that will outshine in presentaion, taste, choice, quality and quantity.",quantity,quantity,negative
train,1287,1287::term::0,I live in the neighborhood and my friends meet me down here not only for the bar scene but also the promise of The Pizza Place at 3am.,bar scene,bar scene,positive
train,3626,3626::term::0,"If I could rate the people this place would be off the charts - unfortunately - the pizza, sorry - not the best in NYC.",people,people,positive
train,3626,3626::term::1,"If I could rate the people this place would be off the charts - unfortunately - the pizza, sorry - not the best in NYC.",pizza,pizza,negative
train,1094,1094::term::0,The food is amazing!!!!,food,food,positive
train,2881,2881::term::0,"Having not been home in the last 2 years may skew this reviewer a bit, but the food was tasty and spicy sans the oil that comes floating along at similar venues.",food,food,positive
train,2881,2881::term::1,"Having not been home in the last 2 years may skew this reviewer a bit, but the food was tasty and spicy sans the oil that comes floating along at similar venues.",oil,oil,neutral
train,285,285::term::0,"The portions are now very small, the sauces are overly-ambitious usually inedible while the service is still good, the restaurant, due to its popularity, seems frantic.",portions,portions,negative
train,285,285::term::1,"The portions are now very small, the sauces are overly-ambitious usually inedible while the service is still good, the restaurant, due to its popularity, seems frantic.",sauces,sauces,negative
train,285,285::term::2,"The portions are now very small, the sauces are overly-ambitious usually inedible while the service is still good, the restaurant, due to its popularity, seems frantic.",service,service,positive
train,700,700::term::0,"For the price, you cannot eat this well in Manhattan.",price,price,positive
train,1493,1493::term::0,"The owner is very friendly and a great guy, go try his pizza, you'll like it!",owner,owner,positive
train,1493,1493::term::1,"The owner is very friendly and a great guy, go try his pizza, you'll like it!",pizza,pizza,positive
train,1014,1014::term::0,The atmosphere is great!!!,atmosphere,atmosphere,positive
train,953,953::term::0,"With so many good restaurants on the UWS, I don't need overpriced food, absurdly arrogant wait-staff who don't recognize they work at a glorified diner, clumsy service, and management that doesn't care.",food,food,negative
train,953,953::term::1,"With so many good restaurants on the UWS, I don't need overpriced food, absurdly arrogant wait-staff who don't recognize they work at a glorified diner, clumsy service, and management that doesn't care.",wait-staff,wait-staff,negative
train,953,953::term::2,"With so many good restaurants on the UWS, I don't need overpriced food, absurdly arrogant wait-staff who don't recognize they work at a glorified diner, clumsy service, and management that doesn't care.",service,service,negative
train,953,953::term::3,"With so many good restaurants on the UWS, I don't need overpriced food, absurdly arrogant wait-staff who don't recognize they work at a glorified diner, clumsy service, and management that doesn't care.",management,management,negative
train,953,953::term::4,"With so many good restaurants on the UWS, I don't need overpriced food, absurdly arrogant wait-staff who don't recognize they work at a glorified diner, clumsy service, and management that doesn't care.",diner,diner,negative
train,405,405::term::0,"I tend to judge a sushi restaurant by its sea urchin, which was heavenly at sushi rose.",sea urchin,sea urchin,positive
train,3141,3141::term::0,The service is a little scatty at times but all is forgiven when the food arrives.,service,service,negative
train,3141,3141::term::1,The service is a little scatty at times but all is forgiven when the food arrives.,food,food,positive
train,466,466::term::0,"The bruscetta is a bit soggy, but the salads were fresh, included a nice mix of greens (not iceberg) all dishes are served piping hot from the kitchen.",bruscetta,bruscetta,negative
train,466,466::term::1,"The bruscetta is a bit soggy, but the salads were fresh, included a nice mix of greens (not iceberg) all dishes are served piping hot from the kitchen.",salads,salads,positive
train,466,466::term::2,"The bruscetta is a bit soggy, but the salads were fresh, included a nice mix of greens (not iceberg) all dishes are served piping hot from the kitchen.",dishes,dishes,positive
train,466,466::term::3,"The bruscetta is a bit soggy, but the salads were fresh, included a nice mix of greens (not iceberg) all dishes are served piping hot from the kitchen.",mix of greens,mix of greens,positive
train,466,466::term::4,"The bruscetta is a bit soggy, but the salads were fresh, included a nice mix of greens (not iceberg) all dishes are served piping hot from the kitchen.",iceberg,iceberg,neutral
train,466,466::term::5,"The bruscetta is a bit soggy, but the salads were fresh, included a nice mix of greens (not iceberg) all dishes are served piping hot from the kitchen.",served,served,positive
train,729,729::term::0,"The atmosphere isn't the greatest , but I suppose that's how they keep the prices down .",atmosphere,atmosphere,neutral
train,729,729::term::1,"The atmosphere isn't the greatest , but I suppose that's how they keep the prices down .",prices,prices,positive
train,487,487::term::0,The pickles were great addition.,pickles,pickles,positive
train,1434,1434::term::0,"If your favorite Chinese food is General Tao chicken, then this is NOT your place.",General Tao chicken,general tao chicken,negative
train,1434,1434::term::1,"If your favorite Chinese food is General Tao chicken, then this is NOT your place.",Chinese food,chinese food,neutral
train,3410,3410::term::0,You must try the shrimp appetizers.,shrimp appetizers,shrimp appetizers,positive
train,1050,1050::term::0,"Not only is the cuisine the best around, the service has always been attentive and charming.",cuisine,cuisine,positive
train,1050,1050::term::1,"Not only is the cuisine the best around, the service has always been attentive and charming.",service,service,positive
train,1991,1991::term::0,"The production is a symphony, alot of fun to experience.The food sublime for the most part.",food,food,positive
train,2035,2035::term::0,"Waiters tend to forget drinks completely, food portions are so tiny, two people have trouble sharing one entree.",Waiters,waiters,negative
train,2035,2035::term::1,"Waiters tend to forget drinks completely, food portions are so tiny, two people have trouble sharing one entree.",food portions,food portions,negative
train,2035,2035::term::2,"Waiters tend to forget drinks completely, food portions are so tiny, two people have trouble sharing one entree.",drinks,drinks,neutral
train,2035,2035::term::3,"Waiters tend to forget drinks completely, food portions are so tiny, two people have trouble sharing one entree.",entree,entree,negative
train,3587,3587::term::0,"my wife and i have been going to nyc for years and wouldn't miss roxy,s food is expensive but it's new york!",food,food,conflict
train,2294,2294::term::0,The cold appetizer dishes taste like the way I remember them to taste when I was growing up in Taiwan.,cold appetizer dishes,cold appetizer dishes,positive
train,1680,1680::term::0,"The restaurant was packed at first, so we waited at the bar for about 20 minutes before we were seated.",bar,bar,neutral
train,3605,3605::term::0,"Interesting selection, good wines, service fine, fun decor.",wines,wines,positive
train,3605,3605::term::1,"Interesting selection, good wines, service fine, fun decor.",service,service,positive
train,3605,3605::term::2,"Interesting selection, good wines, service fine, fun decor.",decor,decor,positive
train,1671,1671::term::0,Any if you have a reservation you'll wait for max 5 minutes - so have a drink at the bar.,reservation,reservation,positive
train,1671,1671::term::1,Any if you have a reservation you'll wait for max 5 minutes - so have a drink at the bar.,drink,drink,neutral
train,1671,1671::term::2,Any if you have a reservation you'll wait for max 5 minutes - so have a drink at the bar.,bar,bar,neutral
train,2767,2767::term::0,"Whether it's the parmesean porcini souffle or the lamb glazed with balsamic vinegar, you will surely be transported to Northern Italy with one bite.",parmesean porcini souffle,parmesean porcini souffle,positive
train,2767,2767::term::1,"Whether it's the parmesean porcini souffle or the lamb glazed with balsamic vinegar, you will surely be transported to Northern Italy with one bite.",lamb glazed with balsamic vinegar,lamb glazed with balsamic vinegar,positive
train,3327,3327::term::0,The food at this place is 'gourmet' Indian cuisine.,food,food,neutral
train,3327,3327::term::1,The food at this place is 'gourmet' Indian cuisine.,'gourmet' Indian cuisine,'gourmet' indian cuisine,neutral
train,898,898::term::0,But the thing that my wife and I hated was it was so loud and it felt like 'bar' or 'pub'.,bar,bar,negative
train,898,898::term::1,But the thing that my wife and I hated was it was so loud and it felt like 'bar' or 'pub'.,pub,pub,negative
train,483,483::term::0,"While there are plenty of places to go for a good corned beef sandwich, Katz's has a charm about it.",corned beef sandwich,corned beef sandwich,positive
train,359,359::term::0,"However, looking at the table next to ours, we both sort of wished we had ordered pizza, which looked PERRRRRRRRRFECT.",pizza,pizza,positive
train,2795,2795::term::0,Priced at upper intermediate range.,Priced,priced,negative
train,342,342::term::0,"The fish was adequate, but inexpertly sliced.",fish,fish,conflict
train,767,767::term::0,"If you live in new york city, you'll find better food at small restaurants outside of time square and spend half the amount.",food,food,negative
train,767,767::term::1,"If you live in new york city, you'll find better food at small restaurants outside of time square and spend half the amount.",amount,amount,negative
train,3157,3157::term::0,Try the olive cream cheese or the lox spread on a whole wheat everything bagel.,olive cream cheese,olive cream cheese,positive
train,3157,3157::term::1,Try the olive cream cheese or the lox spread on a whole wheat everything bagel.,lox spread,lox spread,positive
train,3157,3157::term::2,Try the olive cream cheese or the lox spread on a whole wheat everything bagel.,bagel,bagel,neutral
train,2938,2938::term::0,"they didn't disappoint, service from the second i arrived at the door was extremely pleasant and attentive with almost one server per table.",service,service,positive
train,2938,2938::term::1,"they didn't disappoint, service from the second i arrived at the door was extremely pleasant and attentive with almost one server per table.",server,server,positive
train,2938,2938::term::2,"they didn't disappoint, service from the second i arrived at the door was extremely pleasant and attentive with almost one server per table.",table,table,neutral
train,2544,2544::term::0,I don't know who they think they are but they have no respect for the residents of the neighborhood ever since they opened their cabaret next door and blasts loud music till three in the morning every weekend during the summer.,music,music,negative
train,408,408::term::0,The rice to fish ration was also good--they didn't try to overpack the rice.,rice to fish ration,rice to fish ration,positive
train,408,408::term::1,The rice to fish ration was also good--they didn't try to overpack the rice.,rice,rice,positive
train,3703,3703::term::0,They used shredded cheese on top!,shredded cheese,shredded cheese,neutral
train,529,529::term::0,The food is great and they have a good selecion of wines at reasonable prices.,food,food,positive
train,529,529::term::1,The food is great and they have a good selecion of wines at reasonable prices.,selecion of wines,selecion of wines,positive
train,529,529::term::2,The food is great and they have a good selecion of wines at reasonable prices.,prices,prices,positive
train,1677,1677::term::0,"The only positive was the wait staff, which was prompt, knowledgable, and likeable.",wait staff,wait staff,positive
train,2554,2554::term::0,I couldn't reccommend their Godmother pizza any higher.,Godmother pizza,godmother pizza,positive
train,1412,1412::term::0,"I am not a vegetarian but, almost all the dishes were great.",dishes,dishes,positive
train,2251,2251::term::0,I was very impressed by this low-key upper eastsider and their authentically thai cuisine!!!,thai cuisine,thai cuisine,positive
train,991,991::term::0,"For the location, the prices are very reasonable.",prices,prices,positive
train,991,991::term::1,"For the location, the prices are very reasonable.",location,location,neutral
train,2284,2284::term::0,The food is okay and the prices here are mediocre.,food,food,neutral
train,2284,2284::term::1,The food is okay and the prices here are mediocre.,prices,prices,neutral
train,3531,3531::term::0,My friend's food was also the complete opposite of what it's supposed to taste like (aND look like).,food,food,negative
train,2654,2654::term::0,I ordered the crab cocktail and it was soaked in a lime juice concoction where all you could taste was the lime.,crab cocktail,crab cocktail,negative
train,2654,2654::term::1,I ordered the crab cocktail and it was soaked in a lime juice concoction where all you could taste was the lime.,lime juice concoction,lime juice concoction,neutral
train,2654,2654::term::2,I ordered the crab cocktail and it was soaked in a lime juice concoction where all you could taste was the lime.,lime,lime,neutral
train,1869,1869::term::0,I would like to return and try some of the other menu items when I don't have to rush off to a show.,menu items,menu items,positive
train,550,550::term::0,"We have been to this place many times, and always have great food, wine, and service.",food,food,positive
train,550,550::term::1,"We have been to this place many times, and always have great food, wine, and service.",wine,wine,positive
train,550,550::term::2,"We have been to this place many times, and always have great food, wine, and service.",service,service,positive
train,3243,3243::term::0,"Hopefully next time, I will save room for dessert.",dessert,dessert,neutral
train,2316,2316::term::0,"Not a typical pizza joint, but good for a low key and fairly cheap nice sit down dinner.",dinner,dinner,positive
train,486,486::term::0,The corned beef was tender and melted in my mouth.,corned beef,corned beef,positive
train,3469,3469::term::0,"The best Chicken pad tai, I've ever had.",Chicken pad tai,chicken pad tai,positive
train,1662,1662::term::0,$20 for all you can eat sushi cannot be beaten.,sushi,sushi,neutral
train,3205,3205::term::0,"Haru serves very fresh fish, has a trendy, modern ambiance, prime location on Park Avenue South and friendly service.",fish,fish,positive
train,3205,3205::term::1,"Haru serves very fresh fish, has a trendy, modern ambiance, prime location on Park Avenue South and friendly service.",service,service,positive
train,3205,3205::term::2,"Haru serves very fresh fish, has a trendy, modern ambiance, prime location on Park Avenue South and friendly service.",ambiance,ambiance,positive
train,3205,3205::term::3,"Haru serves very fresh fish, has a trendy, modern ambiance, prime location on Park Avenue South and friendly service.",location,location,positive
train,528,528::term::0,Warm and friendly in the winter and terrific outdoor seating in the warmer months.,outdoor seating,outdoor seating,positive
train,82,82::term::0,"Very romantic fires - I've literally spent hours at Lanterna, drinking wine from their extensive wine and enjoying the ambience.",wine,wine,positive
train,82,82::term::1,"Very romantic fires - I've literally spent hours at Lanterna, drinking wine from their extensive wine and enjoying the ambience.",ambience,ambience,positive
train,82,82::term::2,"Very romantic fires - I've literally spent hours at Lanterna, drinking wine from their extensive wine and enjoying the ambience.",wine,wine,positive
train,2640,2640::term::0,We got a little tipsy from the sake but isn't that what Saturday nights with the girlfriends are all about?,sake,sake,neutral
train,1176,1176::term::0,"I almost wanted to write a bad review, so no one would ever go here and I could have all the dumplings to myself!",dumplings,dumplings,positive
train,3643,3643::term::0,"Always a nice crowd, but never loud.",crowd,crowd,positive
train,40,40::term::0,"My turkey burger was not cooked at all, my friends salmon was completely raw.",turkey burger,turkey burger,negative
train,40,40::term::1,"My turkey burger was not cooked at all, my friends salmon was completely raw.",salmon,salmon,negative
train,3111,3111::term::0,"The service is spotty, sometimes really friendly and sometimes barely there.",service,service,conflict
train,1340,1340::term::0,Decor is minimalist and clean - nothing to distract or commend.,Decor,decor,neutral
train,1111,1111::term::0,"His drinks are very inventive, delicious and classy.",drinks,drinks,positive
train,2622,2622::term::0,"Great food, great prices, great service.",food,food,positive
train,2622,2622::term::1,"Great food, great prices, great service.",prices,prices,positive
train,2622,2622::term::2,"Great food, great prices, great service.",service,service,positive
train,3259,3259::term::0,This isn't your corner Chinese food takeout.,Chinese food,chinese food,neutral
train,1279,1279::term::0,Awsome Pizza especially the Margheritta slice.,Pizza,pizza,positive
train,1279,1279::term::1,Awsome Pizza especially the Margheritta slice.,Margheritta,margheritta,positive
train,2495,2495::term::0,"This place, however, has a lot less pretension than Joya and the Thai food is still above-average.",place,place,positive
train,2495,2495::term::1,"This place, however, has a lot less pretension than Joya and the Thai food is still above-average.",Thai food,thai food,positive
train,3040,3040::term::0,"Try ordering from the regular menu, then you would not regret!",menu,menu,positive
train,513,513::term::0,"Told us to sit anywhere, and when we sat he said the table was reserved.",table,table,negative
train,3011,3011::term::0,"uni from maine vs california, sea vs freshwater eel) to get a good taste comparison.",eel,eel,neutral
train,3454,3454::term::0,"We started with lox and mussels (the best ive ever had, ever) and had the cod and trout for dinner.",lox,lox,positive
train,3454,3454::term::1,"We started with lox and mussels (the best ive ever had, ever) and had the cod and trout for dinner.",mussels,mussels,positive
train,3454,3454::term::2,"We started with lox and mussels (the best ive ever had, ever) and had the cod and trout for dinner.",cod,cod,neutral
train,3454,3454::term::3,"We started with lox and mussels (the best ive ever had, ever) and had the cod and trout for dinner.",trout,trout,neutral
train,3454,3454::term::4,"We started with lox and mussels (the best ive ever had, ever) and had the cod and trout for dinner.",dinner,dinner,neutral
train,3248,3248::term::0,"The crispy chicken wasn't for us, though.",crispy chicken,crispy chicken,negative
train,3291,3291::term::0,Food is great.,Food,food,positive
train,2693,2693::term::0,I recommend the meatballs and caprese salad and the beans on toast were a wonderful start to the meal!,meatballs,meatballs,positive
train,2693,2693::term::1,I recommend the meatballs and caprese salad and the beans on toast were a wonderful start to the meal!,caprese salad,caprese salad,positive
train,2693,2693::term::2,I recommend the meatballs and caprese salad and the beans on toast were a wonderful start to the meal!,beans on toast,beans on toast,positive
train,2693,2693::term::3,I recommend the meatballs and caprese salad and the beans on toast were a wonderful start to the meal!,meal,meal,neutral
train,3127,3127::term::0,This place is incredibly tiny.,place,place,negative
train,1904,1904::term::0,"I didn't complain, I liked the atmosphere so much.",atmosphere,atmosphere,positive
train,772,772::term::0,In reality (to maximize potential diners) they were still taking phone reservations and reallocating tables of those waiting in the lobby.,diners,diners,neutral
train,772,772::term::1,In reality (to maximize potential diners) they were still taking phone reservations and reallocating tables of those waiting in the lobby.,reservations,reservations,negative
train,772,772::term::2,In reality (to maximize potential diners) they were still taking phone reservations and reallocating tables of those waiting in the lobby.,tables,tables,negative
train,772,772::term::3,In reality (to maximize potential diners) they were still taking phone reservations and reallocating tables of those waiting in the lobby.,lobby,lobby,neutral
train,772,772::term::4,In reality (to maximize potential diners) they were still taking phone reservations and reallocating tables of those waiting in the lobby.,waiting,waiting,negative
train,3676,3676::term::0,"The wine is always good, the tapas are always yummy, especially with the warm pita bread.",wine,wine,positive
train,3676,3676::term::1,"The wine is always good, the tapas are always yummy, especially with the warm pita bread.",tapas,tapas,positive
train,3676,3676::term::2,"The wine is always good, the tapas are always yummy, especially with the warm pita bread.",pita bread,pita bread,positive
train,3667,3667::term::0,"But when you are seated the waitresses are great, they explain everything on the menu, and the price of the food is really cheap for the service you get.",waitresses,waitresses,positive
train,3667,3667::term::1,"But when you are seated the waitresses are great, they explain everything on the menu, and the price of the food is really cheap for the service you get.",price,price,positive
train,3667,3667::term::2,"But when you are seated the waitresses are great, they explain everything on the menu, and the price of the food is really cheap for the service you get.",service,service,positive
train,3667,3667::term::3,"But when you are seated the waitresses are great, they explain everything on the menu, and the price of the food is really cheap for the service you get.",menu,menu,neutral
train,3667,3667::term::4,"But when you are seated the waitresses are great, they explain everything on the menu, and the price of the food is really cheap for the service you get.",food,food,neutral
train,1006,1006::term::0,I've been to several places for Dim Sum and this has got to be the WORST.,Dim Sum,dim sum,negative
train,3460,3460::term::0,"The freshest, best variety, and the fastest delivery.",variety,variety,positive
train,3460,3460::term::1,"The freshest, best variety, and the fastest delivery.",delivery,delivery,positive
train,1621,1621::term::0,Go to Volare for 1st class service and terrific food.,service,service,positive
train,1621,1621::term::1,Go to Volare for 1st class service and terrific food.,food,food,positive
train,2204,2204::term::0,"It's super-trendy and there's always someone to take that empty seat, so it seems that customer service has been deemed not of the essence.",service,service,positive
train,2204,2204::term::1,"It's super-trendy and there's always someone to take that empty seat, so it seems that customer service has been deemed not of the essence.",seat,seat,neutral
train,2003,2003::term::0,Dinner took almost 4 hours without any lag time.,Dinner,dinner,negative
train,1041,1041::term::0,The people in the restaurant were pretty obnoxious and loud.,people,people,negative
train,1089,1089::term::0,"The sandwiches are dry, tasteless and way overpriced.",sandwiches,sandwiches,negative
train,3710,3710::term::0,Price no more than a Jersey deli but way better.,Price,price,positive
train,663,663::term::0,The fried rice is really good too.,fried rice,fried rice,positive
train,276,276::term::0,We were well attended to by the enthusiastic staff especially the manager Tony Gaskin who made excellent suggestions for our menu selections.,staff,staff,positive
train,276,276::term::1,We were well attended to by the enthusiastic staff especially the manager Tony Gaskin who made excellent suggestions for our menu selections.,manager,manager,positive
train,276,276::term::2,We were well attended to by the enthusiastic staff especially the manager Tony Gaskin who made excellent suggestions for our menu selections.,menu selections,menu selections,positive
train,1532,1532::term::0,Made my dining experience uncomfortable.,dining experience,dining experience,negative
train,1509,1509::term::0,"still stay away, the table next to us walked out after my table and aanother were serves eventhough they were there much longer...",serves,serves,negative
train,2220,2220::term::0,I was with a party of 7 (close but not next the the front doors) and we were eating with our coats on.,front doors,front doors,neutral
train,518,518::term::0,"A very inviting restaurant, with friendly service.",service,service,positive
train,2595,2595::term::0,"THe back garden sitting area is very pleasant, where you can see their personal herb garden.",back garden sitting area,back garden sitting area,positive
train,2595,2595::term::1,"THe back garden sitting area is very pleasant, where you can see their personal herb garden.",personal herb garden,personal herb garden,positive
train,2967,2967::term::0,"Good French restaurant in an area devoid of decent restaurants unless you're into eating 4 pound pastrami sandwiches at Katz' Deli, or Mexican food which is supplied by capable restaurants.",pastrami sandwiches,pastrami sandwiches,neutral
train,2967,2967::term::1,"Good French restaurant in an area devoid of decent restaurants unless you're into eating 4 pound pastrami sandwiches at Katz' Deli, or Mexican food which is supplied by capable restaurants.",Mexican food,mexican food,neutral
train,2187,2187::term::0,The drinks are always welll made and wine selection is fairly priced.,drinks,drinks,positive
train,2187,2187::term::1,The drinks are always welll made and wine selection is fairly priced.,wine selection,wine selection,neutral
train,2187,2187::term::2,The drinks are always welll made and wine selection is fairly priced.,priced,priced,positive
train,3639,3639::term::0,We also had shared a house salad that was fresh.,house salad,house salad,positive
train,2852,2852::term::0,The ceiling is amazing!,ceiling,ceiling,positive
train,297,297::term::0,And at the conclusion of this culinary nightmare the check was given to our table by knocking over a glass of water.,check,check,neutral
train,297,297::term::1,And at the conclusion of this culinary nightmare the check was given to our table by knocking over a glass of water.,table,table,neutral
train,297,297::term::2,And at the conclusion of this culinary nightmare the check was given to our table by knocking over a glass of water.,glass of water,glass of water,neutral
train,2964,2964::term::0,Not a small feat for good french food in the area.,french food,french food,positive
train,2502,2502::term::0,"The space is a bit too small for live music, so on jazz nights, it can be loud and cramped.",live music,live music,neutral
train,2502,2502::term::1,"The space is a bit too small for live music, so on jazz nights, it can be loud and cramped.",space,space,negative
train,2502,2502::term::2,"The space is a bit too small for live music, so on jazz nights, it can be loud and cramped.",jazz nights,jazz nights,neutral
train,28,28::term::0,Food was average but tasty.,Food,food,positive
train,131,131::term::0,Big Wong gets big Ups for a fine establishment.,establishment,establishment,positive
train,1874,1874::term::0,"The entree was bland and small, dessert was not inspired.",entree,entree,negative
train,1874,1874::term::1,"The entree was bland and small, dessert was not inspired.",dessert,dessert,negative
train,1580,1580::term::0,The staff was the friendliest that have seen in New York.,staff,staff,positive
train,2924,2924::term::0,"With the exception of our lemon salad that had so much pepper on it that our eyes started watering, the food here was decent, not great.",food,food,neutral
train,2924,2924::term::1,"With the exception of our lemon salad that had so much pepper on it that our eyes started watering, the food here was decent, not great.",lemon salad,lemon salad,negative
train,2924,2924::term::2,"With the exception of our lemon salad that had so much pepper on it that our eyes started watering, the food here was decent, not great.",pepper,pepper,negative
train,2414,2414::term::0,"The Pad thai, lad nar and various other dishes all look good on paper but, I've had better thai food in less asthetically pleasing places.",Pad thai,pad thai,conflict
train,2414,2414::term::1,"The Pad thai, lad nar and various other dishes all look good on paper but, I've had better thai food in less asthetically pleasing places.",lad nar,lad nar,conflict
train,2414,2414::term::2,"The Pad thai, lad nar and various other dishes all look good on paper but, I've had better thai food in less asthetically pleasing places.",dishes,dishes,conflict
train,2414,2414::term::3,"The Pad thai, lad nar and various other dishes all look good on paper but, I've had better thai food in less asthetically pleasing places.",places,places,negative
train,2414,2414::term::4,"The Pad thai, lad nar and various other dishes all look good on paper but, I've had better thai food in less asthetically pleasing places.",thai food,thai food,neutral
train,2218,2218::term::0,Delicious food at a great price but do not go here on a cold day and sit by the front door.,food,food,positive
train,2218,2218::term::1,Delicious food at a great price but do not go here on a cold day and sit by the front door.,price,price,positive
train,2218,2218::term::2,Delicious food at a great price but do not go here on a cold day and sit by the front door.,front door,front door,neutral
train,1436,1436::term::0,"my picks: Guizhou chicken, fish with hot bean source, fish fillet in spicy source (special menu).",Guizhou chicken,guizhou chicken,positive
train,1436,1436::term::1,"my picks: Guizhou chicken, fish with hot bean source, fish fillet in spicy source (special menu).",fish with hot bean source,fish with hot bean source,positive
train,1436,1436::term::2,"my picks: Guizhou chicken, fish with hot bean source, fish fillet in spicy source (special menu).",fish fillet in spicy source,fish fillet in spicy source,positive
train,1436,1436::term::3,"my picks: Guizhou chicken, fish with hot bean source, fish fillet in spicy source (special menu).",special menu,special menu,positive
train,2279,2279::term::0,"Overall, I'm still impressed that the place even exists and the prices are quite decent but then again, its Chinatown.",prices,prices,positive
train,2975,2975::term::0,"Admittedly some nights inside the restaurant were rather warm, but the open kitchen is part of the charm.",open kitchen,open kitchen,positive
train,3496,3496::term::0,Pizza was a little soggy.,Pizza,pizza,negative
train,3084,3084::term::0,"The food inludes famous scrumptious bombay style chaat such as bhelpuri, sevpuri and samosa chaats, as well as other great indian appetizers.",food,food,positive
train,3084,3084::term::1,"The food inludes famous scrumptious bombay style chaat such as bhelpuri, sevpuri and samosa chaats, as well as other great indian appetizers.",bhelpuri,bhelpuri,positive
train,3084,3084::term::2,"The food inludes famous scrumptious bombay style chaat such as bhelpuri, sevpuri and samosa chaats, as well as other great indian appetizers.",sevpuri,sevpuri,positive
train,3084,3084::term::3,"The food inludes famous scrumptious bombay style chaat such as bhelpuri, sevpuri and samosa chaats, as well as other great indian appetizers.",samosa chaats,samosa chaats,positive
train,3084,3084::term::4,"The food inludes famous scrumptious bombay style chaat such as bhelpuri, sevpuri and samosa chaats, as well as other great indian appetizers.",indian appetizers,indian appetizers,positive
train,3084,3084::term::5,"The food inludes famous scrumptious bombay style chaat such as bhelpuri, sevpuri and samosa chaats, as well as other great indian appetizers.",bombay style chaat,bombay style chaat,positive
train,3033,3033::term::0,The Singapore Mai Fun had NO curry flavor whatsoever.,Singapore Mai Fun,singapore mai fun,negative
train,3033,3033::term::1,The Singapore Mai Fun had NO curry flavor whatsoever.,curry flavor,curry flavor,negative
train,3321,3321::term::0,The only problem is that the manager is a complete incompetent.,manager,manager,negative
train,699,699::term::0,The wine list is interesting and has many good values.,wine list,wine list,positive
train,1370,1370::term::0,I'm still mad that i had to pay for lousy food.,food,food,negative
train,3340,3340::term::0,This restaurant used to be our regular Thursday night dinner location.,dinner location,dinner location,neutral
train,3334,3334::term::0,Definite go if you're used to good Indian restaurant food from abroad.,Indian restaurant food,indian restaurant food,positive
train,2463,2463::term::0,"THR AT MOSHPHERE IS COMPACT, MODERN, YET COZY.",AT MOSHPHERE,at moshphere,positive
train,2297,2297::term::0,"By far, the best pizza in Manhattan.",pizza,pizza,positive
train,1353,1353::term::0,"Decent Thai food in cute - though a bit dank - little Nolita hangout, BUT service terrible.",Thai food,thai food,positive
train,1353,1353::term::1,"Decent Thai food in cute - though a bit dank - little Nolita hangout, BUT service terrible.",service,service,negative
train,2668,2668::term::0,The waiter actually poured water on my hand and walked away.,waiter,waiter,negative
train,2668,2668::term::1,The waiter actually poured water on my hand and walked away.,water,water,neutral
train,2538,2538::term::0,"The food is mostly made from scratch, fresh and well prepared.",food,food,positive
train,3060,3060::term::0,"Worse of all, $60 was erroneously added to our $80 bill.",bill,bill,negative
train,2582,2582::term::0,"NO more reservations, expensive tips and annoying stuff.",reservations,reservations,positive
train,2582,2582::term::1,"NO more reservations, expensive tips and annoying stuff.",tips,tips,positive
train,2582,2582::term::2,"NO more reservations, expensive tips and annoying stuff.",stuff,stuff,positive
train,2071,2071::term::0,Try the sea bass.,sea bass,sea bass,positive
train,1645,1645::term::0,$20 gets you unlimited sushi of a very high quality- I even took a friend here from Japan who said it was one of the best sushi places in the US that he has been to.,sushi,sushi,positive
train,1645,1645::term::1,$20 gets you unlimited sushi of a very high quality- I even took a friend here from Japan who said it was one of the best sushi places in the US that he has been to.,sushi places,sushi places,positive
train,1645,1645::term::2,$20 gets you unlimited sushi of a very high quality- I even took a friend here from Japan who said it was one of the best sushi places in the US that he has been to.,quality,quality,positive
train,765,765::term::0,Sushi wasn't anything spectacular for the price.,Sushi,sushi,neutral
train,765,765::term::1,Sushi wasn't anything spectacular for the price.,price,price,negative
train,2133,2133::term::0,"During our meal, the management came over and checked on us and even bought us a round of drinks.",management,management,positive
train,2133,2133::term::1,"During our meal, the management came over and checked on us and even bought us a round of drinks.",meal,meal,neutral
train,2133,2133::term::2,"During our meal, the management came over and checked on us and even bought us a round of drinks.",round of drinks,round of drinks,neutral
train,1054,1054::term::0,"But they don't have a toaster, which is strange.",toaster,toaster,negative
train,1040,1040::term::0,"So, for good food i'd recommend it, but not for a fun night out.",food,food,positive
train,2278,2278::term::0,The menu choices are similar but the taste lacked more flavor than it looked.,taste,taste,negative
train,2278,2278::term::1,The menu choices are similar but the taste lacked more flavor than it looked.,menu choices,menu choices,neutral
train,2278,2278::term::2,The menu choices are similar but the taste lacked more flavor than it looked.,flavor,flavor,negative
train,1324,1324::term::0,A must for all the Dosa lovers.,Dosa,dosa,positive
train,1477,1477::term::0,"The portions are HUGE, so it might be good to order three things to split (rather than one appetizer and entree per person) for two people.",portions,portions,positive
train,1477,1477::term::1,"The portions are HUGE, so it might be good to order three things to split (rather than one appetizer and entree per person) for two people.",appetizer,appetizer,neutral
train,1477,1477::term::2,"The portions are HUGE, so it might be good to order three things to split (rather than one appetizer and entree per person) for two people.",entree,entree,neutral
train,3059,3059::term::0,The appetizers are just OK and the main courses were decidedly subpar.,appetizers,appetizers,neutral
train,3059,3059::term::1,The appetizers are just OK and the main courses were decidedly subpar.,main courses,main courses,negative
train,2365,2365::term::0,Someone else recommended the dessert - we also left that.,dessert,dessert,negative
train,264,264::term::0,The exotic food is beautifully presented and is a delight in delicious combinations.,exotic food,exotic food,positive
train,3525,3525::term::0,The staff is very attentive and we can almost always get a table.,staff,staff,positive
train,3525,3525::term::1,The staff is very attentive and we can almost always get a table.,table,table,positive
train,731,731::term::0,"Try the mediterranean salad, it is a true experience for your taste buds!!",mediterranean salad,mediterranean salad,positive
train,1564,1564::term::0,People are always friendly.,People,people,positive
train,1069,1069::term::0,The cream cheeses are out of this world and I love that coffee!!,cream cheeses,cream cheeses,positive
train,1069,1069::term::1,The cream cheeses are out of this world and I love that coffee!!,coffee,coffee,positive
train,3118,3118::term::0,"From the entrees to the sides to the drinks, everything was creatively prepared yet still simple.",entrees,entrees,positive
train,3118,3118::term::1,"From the entrees to the sides to the drinks, everything was creatively prepared yet still simple.",sides,sides,positive
train,3118,3118::term::2,"From the entrees to the sides to the drinks, everything was creatively prepared yet still simple.",drinks,drinks,positive
train,744,744::term::0,Service was prompt and courteous.,Service,service,positive
train,1382,1382::term::0,It was not above ordinary and the beef version had cheap (undercooked) beef.,beef version,beef version,negative
train,1382,1382::term::1,It was not above ordinary and the beef version had cheap (undercooked) beef.,beef,beef,negative
train,3665,3665::term::0,"Chance is a small cozy restaurant, with a romantic feel to it, the decor is great.",decor,decor,positive
train,1128,1128::term::0,"It was nice and fresh, but I can't give it high scores on being authentic thai.",thai,thai,negative
train,566,566::term::0,"Got club soda, filled with ice, no lime.","club soda, filled with ice, no lime",club soda filled with ice no lime,neutral
train,2646,2646::term::0,"Only wine and beer are served, but the house varities are actually quite good.",wine,wine,neutral
train,2646,2646::term::1,"Only wine and beer are served, but the house varities are actually quite good.",beer,beer,neutral
train,2646,2646::term::2,"Only wine and beer are served, but the house varities are actually quite good.",house varities,house varities,positive
train,2646,2646::term::3,"Only wine and beer are served, but the house varities are actually quite good.",served,served,negative
train,1576,1576::term::0,This place must have cost the owners afortune to build.,owners,owners,neutral
train,1576,1576::term::1,This place must have cost the owners afortune to build.,cost,cost,negative
train,3434,3434::term::0,"Oh, and the complimentary pudding dessert was just enough- yummy!",pudding dessert,pudding dessert,positive
train,2064,2064::term::0,we split a tasty vegetable samosa and the malai tikka wrap.,vegetable samosa,vegetable samosa,positive
train,2064,2064::term::1,we split a tasty vegetable samosa and the malai tikka wrap.,malai tikka wrap,malai tikka wrap,positive
train,1191,1191::term::0,Knowledge of the chef and the waitress are below average.,chef,chef,negative
train,1191,1191::term::1,Knowledge of the chef and the waitress are below average.,waitress,waitress,negative
train,626,626::term::0,We were walking around the village and went into this place just for some drinks.,drinks,drinks,neutral
train,1673,1673::term::0,Decent wine selection too.,wine selection,wine selection,positive
train,1879,1879::term::0,"It saves walking in and waiting for a table in the often noisy, crowded bar at dinnertime.",bar,bar,negative
train,1879,1879::term::1,"It saves walking in and waiting for a table in the often noisy, crowded bar at dinnertime.",waiting,waiting,negative
train,1879,1879::term::2,"It saves walking in and waiting for a table in the often noisy, crowded bar at dinnertime.",table,table,negative
train,2637,2637::term::0,I have to say I have never had a disapointing meal here.,meal,meal,positive
train,2605,2605::term::0,Mine was a little burnt but still delicious with goat cheese and panchetta (raddichio was kind of bitter though).,goat cheese,goat cheese,positive
train,2605,2605::term::1,Mine was a little burnt but still delicious with goat cheese and panchetta (raddichio was kind of bitter though).,panchetta,panchetta,positive
train,2605,2605::term::2,Mine was a little burnt but still delicious with goat cheese and panchetta (raddichio was kind of bitter though).,raddichio,raddichio,negative
train,1415,1415::term::0,"Disappointing food, lousy service.",food,food,negative
train,1415,1415::term::1,"Disappointing food, lousy service.",service,service,negative
train,1945,1945::term::0,"If you want a casual neighborhood bistro that has great food and excellent service, this is the place.",food,food,positive
train,1945,1945::term::1,"If you want a casual neighborhood bistro that has great food and excellent service, this is the place.",service,service,positive
train,612,612::term::0,great place to go for a drink too because they have 100 kinds of beer.,kinds of beer,kinds of beer,positive
train,612,612::term::1,great place to go for a drink too because they have 100 kinds of beer.,drink,drink,neutral
train,2916,2916::term::0,"Over price, and small portions .",price,price,negative
train,2916,2916::term::1,"Over price, and small portions .",portions,portions,negative
train,859,859::term::0,"Meanwhile, the bartender continued to pour champagne from his reserve after we had finished our bottle and we enjoyed an amuse of turnip soup with pureed basil, gratis.",bartender,bartender,positive
train,859,859::term::1,"Meanwhile, the bartender continued to pour champagne from his reserve after we had finished our bottle and we enjoyed an amuse of turnip soup with pureed basil, gratis.",champagne,champagne,neutral
train,859,859::term::2,"Meanwhile, the bartender continued to pour champagne from his reserve after we had finished our bottle and we enjoyed an amuse of turnip soup with pureed basil, gratis.",turnip soup with pureed basil,turnip soup with pureed basil,positive
train,750,750::term::0,The food was well prepared and the service impecable.,food,food,positive
train,750,750::term::1,The food was well prepared and the service impecable.,service,service,positive
train,2645,2645::term::0,"BUt their best dish is thh Thai spiced curry noodles with shrimp - a dish that would cost $23.95 is most places, but it is $16 here.",dish,dish,positive
train,2645,2645::term::1,"BUt their best dish is thh Thai spiced curry noodles with shrimp - a dish that would cost $23.95 is most places, but it is $16 here.",Thai spiced curry noodles with shrimp,thai spiced curry noodles with shrimp,positive
train,2645,2645::term::2,"BUt their best dish is thh Thai spiced curry noodles with shrimp - a dish that would cost $23.95 is most places, but it is $16 here.",dish,dish,positive
train,2645,2645::term::3,"BUt their best dish is thh Thai spiced curry noodles with shrimp - a dish that would cost $23.95 is most places, but it is $16 here.",cost,cost,positive
train,2267,2267::term::0,"Good, dark atmosphere and the music is a nice touch.",atmosphere,atmosphere,positive
train,2267,2267::term::1,"Good, dark atmosphere and the music is a nice touch.",music,music,positive
train,2453,2453::term::0,"My husband said the portions were very small, but if my main course was good to eat the portion would've been fine for me.",portions,portions,negative
train,2453,2453::term::1,"My husband said the portions were very small, but if my main course was good to eat the portion would've been fine for me.",portion,portion,positive
train,2453,2453::term::2,"My husband said the portions were very small, but if my main course was good to eat the portion would've been fine for me.",main course,main course,negative
train,2193,2193::term::0,But the thai is definitely not great -- bland and indistinguished.,thai,thai,negative
train,4,4::term::0,"Great for groups, great for a date, great for early brunch or a nightcap.",brunch,brunch,positive
train,4,4::term::1,"Great for groups, great for a date, great for early brunch or a nightcap.",nightcap,nightcap,positive
train,2030,2030::term::0,Our friendly server made great food suggestions and also sent both the sommelier and the fromager to the table to help suggest different pairings for wine and cheese.,food suggestions,food suggestions,positive
train,2030,2030::term::1,Our friendly server made great food suggestions and also sent both the sommelier and the fromager to the table to help suggest different pairings for wine and cheese.,server,server,positive
train,2030,2030::term::2,Our friendly server made great food suggestions and also sent both the sommelier and the fromager to the table to help suggest different pairings for wine and cheese.,sommelier,sommelier,positive
train,2030,2030::term::3,Our friendly server made great food suggestions and also sent both the sommelier and the fromager to the table to help suggest different pairings for wine and cheese.,fromager,fromager,positive
train,2030,2030::term::4,Our friendly server made great food suggestions and also sent both the sommelier and the fromager to the table to help suggest different pairings for wine and cheese.,wine,wine,neutral
train,2030,2030::term::5,Our friendly server made great food suggestions and also sent both the sommelier and the fromager to the table to help suggest different pairings for wine and cheese.,cheese,cheese,neutral
train,3239,3239::term::0,"Because we didn't have a reservation, we could only sit in the back garden, but it was great, secluded and perfect in nice weather.",back garden,back garden,positive
train,3239,3239::term::1,"Because we didn't have a reservation, we could only sit in the back garden, but it was great, secluded and perfect in nice weather.",reservation,reservation,negative
train,1660,1660::term::0,Stuffing yourself with Japanese food is a rare thing.,Japanese food,japanese food,neutral
train,2855,2855::term::0,While the food was good (certainly no Il Mulino) the service was horrendous.,food,food,positive
train,2855,2855::term::1,While the food was good (certainly no Il Mulino) the service was horrendous.,service,service,negative
train,2774,2774::term::0,Service is not what one would expect from a joint in this price category.,Service,service,negative
train,2774,2774::term::1,Service is not what one would expect from a joint in this price category.,price category,price category,negative
train,1575,1575::term::0,Our family never expected such incredible entertainment in a restaurant.,entertainment,entertainment,positive
train,2908,2908::term::0,i would recommend reservations on weekends though.,reservations,reservations,neutral
train,1608,1608::term::0,Great pizza for lunch place.,pizza,pizza,positive
train,835,835::term::0,The food was very expensive (we spent $160 for lunch for two) but extremely tasty.,food,food,conflict
train,835,835::term::1,The food was very expensive (we spent $160 for lunch for two) but extremely tasty.,lunch,lunch,negative
train,377,377::term::0,We were a group of 8 and well seved.,seved,seved,positive
train,2808,2808::term::0,"The signs, the specials menus, food, and even all the waitstaff are ALL TOTALLY Japanese.",signs,signs,positive
train,2808,2808::term::1,"The signs, the specials menus, food, and even all the waitstaff are ALL TOTALLY Japanese.",specials menus,specials menus,positive
train,2808,2808::term::2,"The signs, the specials menus, food, and even all the waitstaff are ALL TOTALLY Japanese.",food,food,positive
train,2808,2808::term::3,"The signs, the specials menus, food, and even all the waitstaff are ALL TOTALLY Japanese.",waitstaff,waitstaff,positive
train,2183,2183::term::0,"I LOVE their spicy scallop roll, and my boyfriend consistently gets the sesame chicken.",scallop roll,scallop roll,positive
train,2183,2183::term::1,"I LOVE their spicy scallop roll, and my boyfriend consistently gets the sesame chicken.",sesame chicken,sesame chicken,positive
train,2841,2841::term::0,"I'm no food critic, but I'd like to think I have a tiny bit of experience under my belt having lived in NY for the last 11 years.",food,food,neutral
train,1418,1418::term::0,I noted it was crossed off on the bill.,bill,bill,neutral
train,287,287::term::0,Best dish is nori-wrapped tuna.,nori-wrapped tuna,nori-wrapped tuna,positive
train,287,287::term::1,Best dish is nori-wrapped tuna.,dish,dish,positive
train,814,814::term::0,The food was absolutely amazing!!,food,food,positive
train,3112,3112::term::0,Some servers make you feel like they are doing you a favor to bring you the food.,servers,servers,negative
train,3112,3112::term::1,Some servers make you feel like they are doing you a favor to bring you the food.,food,food,neutral
train,2413,2413::term::0,"An excellent alternative to fast food joints and ordering in but, the food was slightly disappointing.",fast food,fast food,negative
train,2413,2413::term::1,"An excellent alternative to fast food joints and ordering in but, the food was slightly disappointing.",food,food,negative
train,3435,3435::term::0,Mermaid Inn is an overall good restaurant with really good seafood.,seafood,seafood,positive
train,664,664::term::0,The staff is also attentive and friendly.,staff,staff,positive
train,1644,1644::term::0,The all you can eat deal is truly amazing here.,all you can eat deal,all you can eat deal,positive
train,2036,2036::term::0,"That is a problem since we paid about 20 bucks a dish, and had to order 5 dishes to get a decent taste.",dish,dish,negative
train,2036,2036::term::1,"That is a problem since we paid about 20 bucks a dish, and had to order 5 dishes to get a decent taste.",taste,taste,neutral
train,2036,2036::term::2,"That is a problem since we paid about 20 bucks a dish, and had to order 5 dishes to get a decent taste.",dishes,dishes,negative
train,2101,2101::term::0,They were such a rip-off ($8.95 for four small meat patties in steamed buns) and not worth trying.,meat patties in steamed buns,meat patties in steamed buns,negative
train,1822,1822::term::0,All of the pizzas are terrific and the price is even better!,pizzas,pizzas,positive
train,1822,1822::term::1,All of the pizzas are terrific and the price is even better!,price,price,positive
train,2537,2537::term::0,"It is about FOOD and Ambiance, and imagine how dreadful it will be it we only had to listen to an idle engine.",FOOD,food,negative
train,2537,2537::term::1,"It is about FOOD and Ambiance, and imagine how dreadful it will be it we only had to listen to an idle engine.",Ambiance,ambiance,negative
train,1594,1594::term::0,The food was good too.,food,food,positive
train,3572,3572::term::0,"Immediately after we paid, the waiter took the money and said, okay, you guys are outta here.",waiter,waiter,negative
train,845,845::term::0,The dining room is quietly elegant with no music to shout over -- how refreshing!,dining room,dining room,positive
train,845,845::term::1,The dining room is quietly elegant with no music to shout over -- how refreshing!,music,music,positive
train,3004,3004::term::0,"Admittedly, this is not the place for gigantic pieces of fish overflowing the plate (and thank goodness, in my opinion) but for simple, elegant sushi there is no better place in New York or anywhere in the US.",sushi,sushi,positive
train,3004,3004::term::1,"Admittedly, this is not the place for gigantic pieces of fish overflowing the plate (and thank goodness, in my opinion) but for simple, elegant sushi there is no better place in New York or anywhere in the US.",fish,fish,neutral
train,1327,1327::term::0,The menu seemed to have a wide variety of dishes for seafood lovers and interesting ways of preparing them.,menu,menu,positive
train,1327,1327::term::1,The menu seemed to have a wide variety of dishes for seafood lovers and interesting ways of preparing them.,variety of dishes,variety of dishes,positive
train,1327,1327::term::2,The menu seemed to have a wide variety of dishes for seafood lovers and interesting ways of preparing them.,seafood,seafood,positive
train,2681,2681::term::0,The white bean brushetta to start was incredible and the pasta was phenomenal.,white bean brushetta,white bean brushetta,positive
train,2681,2681::term::1,The white bean brushetta to start was incredible and the pasta was phenomenal.,pasta,pasta,positive
train,3361,3361::term::0,The rest of the menu is limited by everything is good eats.,menu,menu,conflict
train,3361,3361::term::1,The rest of the menu is limited by everything is good eats.,eats,eats,positive
train,789,789::term::0,The menu is nothing like the one on the website.,menu,menu,negative
train,782,782::term::0,"Great food, great lay out and awesome service.",food,food,positive
train,782,782::term::1,"Great food, great lay out and awesome service.",lay out,lay out,positive
train,782,782::term::2,"Great food, great lay out and awesome service.",service,service,positive
train,3148,3148::term::0,Ive asked a cart attendant for a lotus leaf wrapped rice and she replied back rice and just walked away.,cart attendant,cart attendant,negative
train,3148,3148::term::1,Ive asked a cart attendant for a lotus leaf wrapped rice and she replied back rice and just walked away.,lotus leaf wrapped rice,lotus leaf wrapped rice,neutral
train,3148,3148::term::2,Ive asked a cart attendant for a lotus leaf wrapped rice and she replied back rice and just walked away.,rice,rice,neutral
train,3661,3661::term::0,We walked in on a Wednesday night and were seated promptly.,seated,seated,positive
train,3682,3682::term::0,"The wait staff is very freindly, they make it feel like you're eating in a freindly little european town.",wait staff,wait staff,positive
train,205,205::term::0,"The waitstaff are all very busy, it's not outstanding service, but I've never been dealt with rudely.",waitstaff,waitstaff,negative
train,205,205::term::1,"The waitstaff are all very busy, it's not outstanding service, but I've never been dealt with rudely.",service,service,conflict
train,655,655::term::0,I have lived in Japan for 7 years and the taste of the food and the feel of the restaurant is like being back in Japan.,food,food,positive
train,655,655::term::1,I have lived in Japan for 7 years and the taste of the food and the feel of the restaurant is like being back in Japan.,feel,feel,positive
train,655,655::term::2,I have lived in Japan for 7 years and the taste of the food and the feel of the restaurant is like being back in Japan.,taste,taste,positive
train,132,132::term::0,"They have it all -- great price, food, and service.",price,price,positive
train,132,132::term::1,"They have it all -- great price, food, and service.",food,food,positive
train,132,132::term::2,"They have it all -- great price, food, and service.",service,service,positive
train,3382,3382::term::0,"The flavors are great, and the menu is extensive.",flavors,flavors,positive
train,3382,3382::term::1,"The flavors are great, and the menu is extensive.",menu,menu,positive
train,2850,2850::term::0,"The food was amazing, the service was so attentive and personable, and how about that ambience!",food,food,positive
train,2850,2850::term::1,"The food was amazing, the service was so attentive and personable, and how about that ambience!",service,service,positive
train,2850,2850::term::2,"The food was amazing, the service was so attentive and personable, and how about that ambience!",ambience,ambience,positive
train,708,708::term::0,"This place has the best interior I have seen anywhere in the northside of W'burg, and will impress whoever you bring there.",interior,interior,positive
train,708,708::term::1,"This place has the best interior I have seen anywhere in the northside of W'burg, and will impress whoever you bring there.",place,place,positive
train,978,978::term::0,The food has been consistant for years and it never lets you down.,food,food,positive
train,1029,1029::term::0,I found the variety of the sashimi plate to be satisfying - fresh and yummy.,sashimi plate,sashimi plate,positive
train,3470,3470::term::0,"And forget what you read under me, the atmosphere isn't that bad either.",atmosphere,atmosphere,neutral
train,163,163::term::0,"We couldn't carry our conversation as we were routinely interrupted by waitress and servants asking us to order and hinting that we're taking too much time -- amazing, we just sat down.",waitress,waitress,negative
train,163,163::term::1,"We couldn't carry our conversation as we were routinely interrupted by waitress and servants asking us to order and hinting that we're taking too much time -- amazing, we just sat down.",servants,servants,negative
train,1017,1017::term::0,sometimes i get good food and ok service.,food,food,positive
train,1017,1017::term::1,sometimes i get good food and ok service.,service,service,neutral
train,757,757::term::0,"It's a place for people who pay a lot for mediocre food, noise and a chance to be with their fellow bridge and tunnel folks.",food,food,neutral
train,757,757::term::1,"It's a place for people who pay a lot for mediocre food, noise and a chance to be with their fellow bridge and tunnel folks.",noise,noise,negative
train,472,472::term::0,"After complaining about the chicken dish, the manager came over to tell us that, no one had ever complained before, and that we just didn't know what the dish was supposed to taste like.",chicken dish,chicken dish,negative
train,472,472::term::1,"After complaining about the chicken dish, the manager came over to tell us that, no one had ever complained before, and that we just didn't know what the dish was supposed to taste like.",manager,manager,negative
train,472,472::term::2,"After complaining about the chicken dish, the manager came over to tell us that, no one had ever complained before, and that we just didn't know what the dish was supposed to taste like.",dish,dish,neutral
train,2223,2223::term::0,The food was spicy and delicious.,food,food,positive
train,1339,1339::term::0,Went for a late weekday lunch.,lunch,lunch,neutral
train,3649,3649::term::0,Bartender was unable to tear himself away from friends at bar.,Bartender,bartender,negative
train,3649,3649::term::1,Bartender was unable to tear himself away from friends at bar.,bar,bar,neutral
train,1140,1140::term::0,"Anyways, if you're in the neighborhood to eat good food, I wouldn't waste my time trying to find something, rather go across the street to Tamari.",food,food,positive
train,2337,2337::term::0,Dahkin also offers prix fixe lunch and buffet.,prix fixe lunch,prix fixe lunch,positive
train,2337,2337::term::1,Dahkin also offers prix fixe lunch and buffet.,buffet,buffet,positive
train,1174,1174::term::0,"Although the place could be a little more eye catching and roomier, at the same time, it doesn't really matter.",place,place,conflict
train,2818,2818::term::0,This was my frist time at Cafe St. Bart's and I must say how delicous the food and the service was.,food,food,positive
train,2818,2818::term::1,This was my frist time at Cafe St. Bart's and I must say how delicous the food and the service was.,service,service,positive
train,162,162::term::0,Went on a double date with friend and his girlfriend for a few drinks and appetizers.,drinks,drinks,neutral
train,162,162::term::1,Went on a double date with friend and his girlfriend for a few drinks and appetizers.,appetizers,appetizers,neutral
train,1216,1216::term::0,Great place to grab a hot bagel on the way to work.,hot bagel,hot bagel,positive
train,3530,3530::term::0,"It's like they took leftover chicken, poured oil and sprinkled pepper powder over it (the sauce was translucent and red).",chicken,chicken,negative
train,3530,3530::term::1,"It's like they took leftover chicken, poured oil and sprinkled pepper powder over it (the sauce was translucent and red).",oil,oil,neutral
train,3530,3530::term::2,"It's like they took leftover chicken, poured oil and sprinkled pepper powder over it (the sauce was translucent and red).",pepper powder,pepper powder,neutral
train,3530,3530::term::3,"It's like they took leftover chicken, poured oil and sprinkled pepper powder over it (the sauce was translucent and red).",sauce,sauce,negative
train,951,951::term::0,"One would think we'd get an apology or complimentary drinks - instead, we got a snobby waiter wouldn't even take our order for 15 minutes and gave us lip when we asked him to do so.",waiter,waiter,negative
train,951,951::term::1,"One would think we'd get an apology or complimentary drinks - instead, we got a snobby waiter wouldn't even take our order for 15 minutes and gave us lip when we asked him to do so.",drinks,drinks,neutral
train,1304,1304::term::0,"We actually gave 10% tip (which we have never done despite mediocre food and service), because we felt totally ripped off.",food,food,neutral
train,1304,1304::term::1,"We actually gave 10% tip (which we have never done despite mediocre food and service), because we felt totally ripped off.",service,service,neutral
train,1304,1304::term::2,"We actually gave 10% tip (which we have never done despite mediocre food and service), because we felt totally ripped off.",tip,tip,negative
train,1856,1856::term::0,We were looking forward to nice glass of Sangria when we arrived.,glass of Sangria,glass of sangria,positive
train,3318,3318::term::0,I would highly recommand requesting a table by the window.,table by the window,table by the window,positive
train,1335,1335::term::0,"While we enjoyed the food, we were highly disappointed by the poor service (waiter was not quite competent and SLOW service) and lack of remorse.",food,food,positive
train,1335,1335::term::1,"While we enjoyed the food, we were highly disappointed by the poor service (waiter was not quite competent and SLOW service) and lack of remorse.",service,service,negative
train,1335,1335::term::2,"While we enjoyed the food, we were highly disappointed by the poor service (waiter was not quite competent and SLOW service) and lack of remorse.",waiter,waiter,negative
train,1335,1335::term::3,"While we enjoyed the food, we were highly disappointed by the poor service (waiter was not quite competent and SLOW service) and lack of remorse.",service,service,negative
train,401,401::term::0,"The service, however, was a bright flower in a garden.",service,service,positive
train,2944,2944::term::0,We've been to Grocery three times and not once has an item on the menu disappointed.,menu,menu,positive
train,3298,3298::term::0,"The food is very good too but for the most part, it's just regular food, nothing special.",food,food,positive
train,3298,3298::term::1,"The food is very good too but for the most part, it's just regular food, nothing special.",food,food,neutral
train,1344,1344::term::0,A touch more jalapeno heat for contrast and it would have been very good indeed.,jalapeno,jalapeno,positive
train,1381,1381::term::0,Tried the pad see ew on the recommendation of the last reviewer since it's one of my favorite dishes.,pad see ew,pad see ew,neutral
train,1381,1381::term::1,Tried the pad see ew on the recommendation of the last reviewer since it's one of my favorite dishes.,dishes,dishes,positive
train,3658,3658::term::0,"We ate out in the back patio, which is worth it as it's cool and the music is hear well there.",back patio,back patio,positive
train,3658,3658::term::1,"We ate out in the back patio, which is worth it as it's cool and the music is hear well there.",music,music,positive
train,1840,1840::term::0,The location is perfect.,location,location,positive
train,2702,2702::term::0,"Guacamole+shrimp appetizer was really great, we both had the filet, very good, didn't much like the frites that came with, but the filet was so good, neither of us cared.",Guacamole+shrimp appetizer,guacamole shrimp appetizer,positive
train,2702,2702::term::1,"Guacamole+shrimp appetizer was really great, we both had the filet, very good, didn't much like the frites that came with, but the filet was so good, neither of us cared.",filet,filet,positive
train,2702,2702::term::2,"Guacamole+shrimp appetizer was really great, we both had the filet, very good, didn't much like the frites that came with, but the filet was so good, neither of us cared.",frites,frites,negative
train,2702,2702::term::3,"Guacamole+shrimp appetizer was really great, we both had the filet, very good, didn't much like the frites that came with, but the filet was so good, neither of us cared.",filet,filet,positive
train,3536,3536::term::0,The lunch special is an asbolute steal.,lunch special,lunch special,positive
train,1363,1363::term::0,This food is asian-air fusion.,food,food,neutral
train,1065,1065::term::0,Nothing fancy but really good food with pretty reasonable price.,food,food,positive
train,1065,1065::term::1,Nothing fancy but really good food with pretty reasonable price.,price,price,positive
train,2137,2137::term::0,"The chicken pot pie is excpetiona, the cheeseburger huge and delictable, and the service professional wan warm.",The chicken pot pie,the chicken pot pie,positive
train,2137,2137::term::1,"The chicken pot pie is excpetiona, the cheeseburger huge and delictable, and the service professional wan warm.",cheeseburger,cheeseburger,positive
train,2137,2137::term::2,"The chicken pot pie is excpetiona, the cheeseburger huge and delictable, and the service professional wan warm.",service,service,positive
train,2884,2884::term::0,"While I quite liked the food and the ambience, I'm not quite sure if it they really deserve it the Michelin rating they have displayed so prooudly in the window.",food,food,positive
train,2884,2884::term::1,"While I quite liked the food and the ambience, I'm not quite sure if it they really deserve it the Michelin rating they have displayed so prooudly in the window.",ambience,ambience,positive
train,558,558::term::0,There are a few Italian employees who may not speak the best English but for me that adds to the experience.,employees,employees,conflict
train,1099,1099::term::0,Once for dinner and once for brunch.,dinner,dinner,neutral
train,1099,1099::term::1,Once for dinner and once for brunch.,brunch,brunch,neutral
train,2042,2042::term::0,Not worth the prices.,prices,prices,negative
train,1114,1114::term::0,From the moment you enter till the moment you walk out the friendly and helpful staff was was just Fantastic.,staff,staff,positive
train,233,233::term::0,Service was good and food is wonderful.,Service,service,positive
train,233,233::term::1,Service was good and food is wonderful.,food,food,positive
train,3276,3276::term::0,She gets 10 for her excellent service and advice.,service,service,positive
train,960,960::term::0,The restaurant is a bit noisy but that is something that can be overlooked once you sit down and enjoy a great meal,meal,meal,positive
train,3555,3555::term::0,"being a fan of spicy ethnic foods, indian included, i made friends with this place long ago.",spicy ethnic foods,spicy ethnic foods,positive
train,2477,2477::term::0,And I say snacking because it really is not set up to be a proper dinner.,dinner,dinner,negative
train,2477,2477::term::1,And I say snacking because it really is not set up to be a proper dinner.,snacking,snacking,neutral
train,1095,1095::term::0,The quality of food at this restaurant accompanied by fantastic live jazz makes this place a perfect 10!,quality of food,quality of food,positive
train,1095,1095::term::1,The quality of food at this restaurant accompanied by fantastic live jazz makes this place a perfect 10!,live jazz,live jazz,positive
train,696,696::term::0,"I have eaten at Saul, many times, the food is always consistently, outrageously good.",food,food,positive
train,62,62::term::0,(Always ask the bartender for the SEASONAL beer!!!,SEASONAL beer,seasonal beer,positive
train,62,62::term::1,(Always ask the bartender for the SEASONAL beer!!!,bartender,bartender,neutral
train,768,768::term::0,"If your visiting, you'll enjoy the ambiance and the fact that it's in Time Sq...",ambiance,ambiance,positive
train,3636,3636::term::0,"We were on our way back to NJ, and since I am in NY, we figured why not grab some food?",food,food,neutral
train,3695,3695::term::0,sandwiches tho pricey are over stuffed - can serve 2 persons easily thus cost effective!,sandwiches,sandwiches,conflict
train,211,211::term::0,Service and food is what any one would expect when spending that type of money.,Service,service,neutral
train,211,211::term::1,Service and food is what any one would expect when spending that type of money.,food,food,neutral
train,524,524::term::0,LOVE the atmosphere - felt like I was in Paris.,atmosphere,atmosphere,positive
train,801,801::term::0,Every course was better than the next.,course,course,positive
train,266,266::term::0,The staff is incredibly helpful and attentive.,staff,staff,positive
train,1986,1986::term::0,"If presentation and service is your thing, then this magic show works.",service,service,positive
train,1240,1240::term::0,"Apparently, the good cook works then.",cook,cook,positive
train,1787,1787::term::0,The Yellowtail was particularly good as well.,Yellowtail,yellowtail,positive
train,2349,2349::term::0,I ate clams oreganta and spectacular salad with perfectly marinated cucumbers and tomatoes with lots of shrimp and basil.,clams oreganta,clams oreganta,positive
train,2349,2349::term::1,I ate clams oreganta and spectacular salad with perfectly marinated cucumbers and tomatoes with lots of shrimp and basil.,salad with perfectly marinated cucumbers and tomatoes with lots of shrimp and basil,salad with perfectly marinated cucumbers and tomatoes with lots of shrimp and basil,positive
train,2485,2485::term::0,"The menu changed, portions were even smaller than before, a lentil dish was salty beyond edibility, a basmati rice dish lacked flavor.",menu,menu,negative
train,2485,2485::term::1,"The menu changed, portions were even smaller than before, a lentil dish was salty beyond edibility, a basmati rice dish lacked flavor.",portions,portions,negative
train,2485,2485::term::2,"The menu changed, portions were even smaller than before, a lentil dish was salty beyond edibility, a basmati rice dish lacked flavor.",lentil dish,lentil dish,negative
train,2485,2485::term::3,"The menu changed, portions were even smaller than before, a lentil dish was salty beyond edibility, a basmati rice dish lacked flavor.",basmati rice dish,basmati rice dish,negative
train,2485,2485::term::4,"The menu changed, portions were even smaller than before, a lentil dish was salty beyond edibility, a basmati rice dish lacked flavor.",flavor,flavor,negative
train,2412,2412::term::0,"Spice is sleek, modern and cool with a menu that will not hurt your wallet.",menu,menu,positive
train,2647,2647::term::0,Patroon features a nice cigar bar and has great staff.,cigar bar,cigar bar,positive
train,2647,2647::term::1,Patroon features a nice cigar bar and has great staff.,staff,staff,positive
train,714,714::term::0,Very affordable and excellent ambient!,ambient,ambient,positive
train,3002,3002::term::0,"More important, the sushi rivals the best in Tokyo.",sushi,sushi,positive
train,2616,2616::term::0,I have never had cheescake like this.,cheescake,cheescake,positive
train,2969,2969::term::0,"Bill a little high, but worth it.",Bill,bill,conflict
train,2410,2410::term::0,"My co-workers had to wait almost an hour for delivery, only to discover that what they got was not what they ordered.",delivery,delivery,negative
train,3206,3206::term::0,Its a go-to for dates as well as entertaining out of town guests.,entertaining,entertaining,positive
train,837,837::term::0,Why do people rave about the ambience.,ambience,ambience,negative
train,1244,1244::term::0,Were meeting up with some friends for a drink at Lafayette 161 and happened to walk by Thai Angel famished.,drink,drink,neutral
train,1343,1343::term::0,"Fluke sashimi drizzled with jalapeno-lime olive oil, the fruit of the oil nicely highlighting the fish's sweetness.",Fluke sashimi,fluke sashimi,positive
train,1343,1343::term::1,"Fluke sashimi drizzled with jalapeno-lime olive oil, the fruit of the oil nicely highlighting the fish's sweetness.",jalapeno-lime olive oil,jalapeno-lime olive oil,positive
train,1343,1343::term::2,"Fluke sashimi drizzled with jalapeno-lime olive oil, the fruit of the oil nicely highlighting the fish's sweetness.",fruit of the oil,fruit of the oil,positive
train,1343,1343::term::3,"Fluke sashimi drizzled with jalapeno-lime olive oil, the fruit of the oil nicely highlighting the fish's sweetness.",fish,fish,positive
train,348,348::term::0,Great sushi experience.,sushi,sushi,positive
train,1956,1956::term::0,"If you're looking for a great meal at a decent price, go to Del Frisco's!",meal,meal,positive
train,1956,1956::term::1,"If you're looking for a great meal at a decent price, go to Del Frisco's!",price,price,positive
train,2039,2039::term::0,They charge $6.00 for rice.,rice,rice,negative
train,2990,2990::term::0,My steak au poivre was one of the worst I've had.,steak au poivre,steak au poivre,negative
train,1779,1779::term::0,The owner and staff are all Japanese as well and that adds to the entire ambiance.,staff,staff,positive
train,1779,1779::term::1,The owner and staff are all Japanese as well and that adds to the entire ambiance.,ambiance,ambiance,positive
train,1779,1779::term::2,The owner and staff are all Japanese as well and that adds to the entire ambiance.,owner,owner,positive
train,142,142::term::0,"Try the congee and the donut like deep fried dough they call Ow Ley Soh, a delicious and sweet tasting bread.",congee,congee,positive
train,142,142::term::1,"Try the congee and the donut like deep fried dough they call Ow Ley Soh, a delicious and sweet tasting bread.",bread,bread,positive
train,142,142::term::2,"Try the congee and the donut like deep fried dough they call Ow Ley Soh, a delicious and sweet tasting bread.",donut like deep fried dough they call Ow Ley Soh,donut like deep fried dough they call ow ley soh,positive
train,2768,2768::term::0,"Although the tables may be closely situated, the candle-light, food-quality and service overcompensate.",candle-light,candle-light,positive
train,2768,2768::term::1,"Although the tables may be closely situated, the candle-light, food-quality and service overcompensate.",food-quality,food-quality,positive
train,2768,2768::term::2,"Although the tables may be closely situated, the candle-light, food-quality and service overcompensate.",service,service,positive
train,2768,2768::term::3,"Although the tables may be closely situated, the candle-light, food-quality and service overcompensate.",tables,tables,negative
train,812,812::term::0,The food was delicious and the waiter was incredibly helpful and attentive (considering we were the only ones there for the first hour).,food,food,positive
train,812,812::term::1,The food was delicious and the waiter was incredibly helpful and attentive (considering we were the only ones there for the first hour).,waiter,waiter,positive
train,218,218::term::0,"From the spectacular caviar to the hospitable waitstaff, I felt like royalty and enjoyed every second of it.",caviar,caviar,positive
train,218,218::term::1,"From the spectacular caviar to the hospitable waitstaff, I felt like royalty and enjoyed every second of it.",waitstaff,waitstaff,positive
train,1204,1204::term::0,"Perhaps this food is considered extreme to an Upper East Side resident, but for the rest of us who've actually eaten ethnic food, this is simply dull.",food,food,conflict
train,1204,1204::term::1,"Perhaps this food is considered extreme to an Upper East Side resident, but for the rest of us who've actually eaten ethnic food, this is simply dull.",ethnic food,ethnic food,negative
train,811,811::term::0,The place was real empty but that was because this was the first Sunday they ever opened.,place,place,negative
train,2239,2239::term::0,This little place definitely exceeded my expectations and you sure get a lot of food for your money.,food,food,positive
train,2239,2239::term::1,This little place definitely exceeded my expectations and you sure get a lot of food for your money.,money,money,positive
train,2239,2239::term::2,This little place definitely exceeded my expectations and you sure get a lot of food for your money.,place,place,conflict
train,3493,3493::term::0,"Ambience is delightful, service impeccable.",Ambience,ambience,positive
train,3493,3493::term::1,"Ambience is delightful, service impeccable.",service,service,positive
train,503,503::term::0,"Service was excellent, and the AC worked very well too (thank God, it was hot!).",Service,service,positive
train,503,503::term::1,"Service was excellent, and the AC worked very well too (thank God, it was hot!).",AC,ac,positive
train,3236,3236::term::0,You get the sense that the people there care about their restaurant and about your experience and that is very nice.,people,people,positive
train,1606,1606::term::0,"Both are delicious, the cooks are friendly and are willing to take a moment and speak to you and shake your hand.",cooks,cooks,positive
train,300,300::term::0,My friend ordered some of their special sushi rolls which had excellent presentation and tasted great!,sushi rolls,sushi rolls,positive
train,2334,2334::term::0,Although be warned their dinner menu to sit and take out prices are different.,prices,prices,neutral
train,2334,2334::term::1,Although be warned their dinner menu to sit and take out prices are different.,dinner menu to sit,dinner menu to sit,neutral
train,2334,2334::term::2,Although be warned their dinner menu to sit and take out prices are different.,take out,take out,neutral
train,2079,2079::term::0,"The staff was accomodating, the food was absolutely delicious and the place is lovely.",staff,staff,positive
train,2079,2079::term::1,"The staff was accomodating, the food was absolutely delicious and the place is lovely.",food,food,positive
train,2079,2079::term::2,"The staff was accomodating, the food was absolutely delicious and the place is lovely.",place,place,positive
train,1424,1424::term::0,"my picks are: - Scallion Pancake (fried with vegetable juice, very special and tasty) - Guizhou Chicken - Shredded Squid Family Style (one of my personal favorites) - Sichuan Spicy Soft Shell Crab - Shuizhu Fish (this one is for hardcore Sichuan food fans, I wouldn't recommend to my American friends as it's very spicy.",Scallion Pancake,scallion pancake,positive
train,1424,1424::term::1,"my picks are: - Scallion Pancake (fried with vegetable juice, very special and tasty) - Guizhou Chicken - Shredded Squid Family Style (one of my personal favorites) - Sichuan Spicy Soft Shell Crab - Shuizhu Fish (this one is for hardcore Sichuan food fans, I wouldn't recommend to my American friends as it's very spicy.",vegetable juice,vegetable juice,positive
train,1424,1424::term::2,"my picks are: - Scallion Pancake (fried with vegetable juice, very special and tasty) - Guizhou Chicken - Shredded Squid Family Style (one of my personal favorites) - Sichuan Spicy Soft Shell Crab - Shuizhu Fish (this one is for hardcore Sichuan food fans, I wouldn't recommend to my American friends as it's very spicy.",Guizhou Chicken,guizhou chicken,positive
train,1424,1424::term::3,"my picks are: - Scallion Pancake (fried with vegetable juice, very special and tasty) - Guizhou Chicken - Shredded Squid Family Style (one of my personal favorites) - Sichuan Spicy Soft Shell Crab - Shuizhu Fish (this one is for hardcore Sichuan food fans, I wouldn't recommend to my American friends as it's very spicy.",Shredded Squid Family Style,shredded squid family style,positive
train,1424,1424::term::4,"my picks are: - Scallion Pancake (fried with vegetable juice, very special and tasty) - Guizhou Chicken - Shredded Squid Family Style (one of my personal favorites) - Sichuan Spicy Soft Shell Crab - Shuizhu Fish (this one is for hardcore Sichuan food fans, I wouldn't recommend to my American friends as it's very spicy.",Sichuan Spicy Soft Shell Crab,sichuan spicy soft shell crab,positive
train,1424,1424::term::5,"my picks are: - Scallion Pancake (fried with vegetable juice, very special and tasty) - Guizhou Chicken - Shredded Squid Family Style (one of my personal favorites) - Sichuan Spicy Soft Shell Crab - Shuizhu Fish (this one is for hardcore Sichuan food fans, I wouldn't recommend to my American friends as it's very spicy.",Shuizhu Fish,shuizhu fish,positive
train,1424,1424::term::6,"my picks are: - Scallion Pancake (fried with vegetable juice, very special and tasty) - Guizhou Chicken - Shredded Squid Family Style (one of my personal favorites) - Sichuan Spicy Soft Shell Crab - Shuizhu Fish (this one is for hardcore Sichuan food fans, I wouldn't recommend to my American friends as it's very spicy.",Sichuan food,sichuan food,neutral
train,1294,1294::term::0,They smell like they stuff them with old canned vegetables like the spinach mushroom calzone.,spinach mushroom calzone,spinach mushroom calzone,negative
train,1294,1294::term::1,They smell like they stuff them with old canned vegetables like the spinach mushroom calzone.,canned vegetables,canned vegetables,negative
train,2361,2361::term::0,"To celebrate a birthday, three of us went to Mare anticipating great food.",food,food,neutral
train,316,316::term::0,There was a great deal for 6 Blue Point oysters and a beer or glass of wine for $8!,Blue Point oysters,blue point oysters,neutral
train,316,316::term::1,There was a great deal for 6 Blue Point oysters and a beer or glass of wine for $8!,beer,beer,neutral
train,316,316::term::2,There was a great deal for 6 Blue Point oysters and a beer or glass of wine for $8!,glass of wine,glass of wine,neutral
train,1393,1393::term::0,I really liked the noodle dishes at Rice Avenue compared to their Green Curry dish.,noodle dishes,noodle dishes,positive
train,1393,1393::term::1,I really liked the noodle dishes at Rice Avenue compared to their Green Curry dish.,Green Curry dish,green curry dish,negative
train,1317,1317::term::0,"But for whatever reason, prices are about twice as high.",prices,prices,negative
train,1213,1213::term::0,I am relatively new to the area and tried Pick a bgel on 2nd and was disappointed with the service and I thought the food was overated and on the pricey side.,service,service,negative
train,1213,1213::term::1,I am relatively new to the area and tried Pick a bgel on 2nd and was disappointed with the service and I thought the food was overated and on the pricey side.,food,food,negative
train,1281,1281::term::0,Great atmoshere and worth every bit.,atmoshere,atmoshere,positive
train,2262,2262::term::0,"The spicy tuna roll was unusually good and the rock shrimp tempura was awesome, great appetizer to share!",spicy tuna roll,spicy tuna roll,positive
train,2262,2262::term::1,"The spicy tuna roll was unusually good and the rock shrimp tempura was awesome, great appetizer to share!",rock shrimp tempura,rock shrimp tempura,positive
train,2262,2262::term::2,"The spicy tuna roll was unusually good and the rock shrimp tempura was awesome, great appetizer to share!",appetizer,appetizer,positive
train,3456,3456::term::0,The staff was knowledgeable and full of personality.,staff,staff,positive
train,1738,1738::term::0,Great staff.,staff,staff,positive
train,1081,1081::term::0,"Only complaint would be that at an average cost of $12-$15 per meal, I'd like not to have to worry about finding a seat!",cost,cost,negative
train,1081,1081::term::1,"Only complaint would be that at an average cost of $12-$15 per meal, I'd like not to have to worry about finding a seat!",meal,meal,neutral
train,1081,1081::term::2,"Only complaint would be that at an average cost of $12-$15 per meal, I'd like not to have to worry about finding a seat!",seat,seat,negative
train,1117,1117::term::0,"To finish off such a delightful dinner experience you must have dessert, especially the White Chocolate Bread Pudding with Gelato and hot chocolate.",dessert,dessert,positive
train,1117,1117::term::1,"To finish off such a delightful dinner experience you must have dessert, especially the White Chocolate Bread Pudding with Gelato and hot chocolate.",White Chocolate Bread Pudding with Gelato and hot chocolate,white chocolate bread pudding with gelato and hot chocolate,positive
train,1117,1117::term::2,"To finish off such a delightful dinner experience you must have dessert, especially the White Chocolate Bread Pudding with Gelato and hot chocolate.",dinner,dinner,positive
train,306,306::term::0,The banana tower is an amazing dessert as well.,banana tower,banana tower,positive
train,306,306::term::1,The banana tower is an amazing dessert as well.,dessert,dessert,positive
train,94,94::term::0,"Excellent atmosphere, delicious dishes good and friendly service.",atmosphere,atmosphere,positive
train,94,94::term::1,"Excellent atmosphere, delicious dishes good and friendly service.",dishes,dishes,positive
train,94,94::term::2,"Excellent atmosphere, delicious dishes good and friendly service.",service,service,positive
train,1015,1015::term::0,A cool place to hang with your friends for a couple of healthy drinks and desserts.,place,place,positive
train,1015,1015::term::1,A cool place to hang with your friends for a couple of healthy drinks and desserts.,drinks,drinks,positive
train,1015,1015::term::2,A cool place to hang with your friends for a couple of healthy drinks and desserts.,desserts,desserts,positive
train,1901,1901::term::0,"Great vibe, lots of people.",vibe,vibe,positive
train,2422,2422::term::0,"I like Mamoun's food as well, but side by side, Kati Rolls just produce tastier food hands down.",food,food,positive
train,2422,2422::term::1,"I like Mamoun's food as well, but side by side, Kati Rolls just produce tastier food hands down.",food,food,positive
train,1607,1607::term::0,"The service is a bit slow, but harkens back to my years growing up in Napoli, Italy where things are not rushed and when you sit down for dinner the table is yours all night.",service,service,negative
train,1607,1607::term::1,"The service is a bit slow, but harkens back to my years growing up in Napoli, Italy where things are not rushed and when you sit down for dinner the table is yours all night.",dinner,dinner,neutral
train,1607,1607::term::2,"The service is a bit slow, but harkens back to my years growing up in Napoli, Italy where things are not rushed and when you sit down for dinner the table is yours all night.",table,table,positive
train,2793,2793::term::0,But that wasn't the icing on the cake: a tiramisu that resembled nothing I have ever had.,icing on the cake,icing on the cake,negative
train,2793,2793::term::1,But that wasn't the icing on the cake: a tiramisu that resembled nothing I have ever had.,tiramisu,tiramisu,negative
train,2332,2332::term::0,Great food and the prices are very reasonable.,food,food,positive
train,2332,2332::term::1,Great food and the prices are very reasonable.,prices,prices,positive
train,215,215::term::0,Wine list is not huge but def well selected.,Wine list,wine list,conflict
train,58,58::term::0,"A cool bar with great food, and tons of excellent beer.",bar,bar,positive
train,58,58::term::1,"A cool bar with great food, and tons of excellent beer.",food,food,positive
train,58,58::term::2,"A cool bar with great food, and tons of excellent beer.",beer,beer,positive
train,536,536::term::0,"Be sure to try the seasonal, and always delicious, specials.",specials,specials,positive
train,869,869::term::0,The ambience is authentic and relaxing and we have always received attentive and prompt service.,ambience,ambience,positive
train,869,869::term::1,The ambience is authentic and relaxing and we have always received attentive and prompt service.,service,service,positive
train,2961,2961::term::0,"Fresh, authentic, french cuisine in substantial portions.",french cuisine,french cuisine,positive
train,2961,2961::term::1,"Fresh, authentic, french cuisine in substantial portions.",portions,portions,positive
train,1355,1355::term::0,"Drinks got screwed up, she acted put upon.",Drinks,drinks,negative
train,2085,2085::term::0,The one vegetarian entree (Abby's treasure) was actually quite a surprise - it was delicious and had wintermelon covering an assortment of fresh mushrooms and vegetables.,vegetarian entree,vegetarian entree,positive
train,2085,2085::term::1,The one vegetarian entree (Abby's treasure) was actually quite a surprise - it was delicious and had wintermelon covering an assortment of fresh mushrooms and vegetables.,Abby's treasure,abby's treasure,positive
train,2085,2085::term::2,The one vegetarian entree (Abby's treasure) was actually quite a surprise - it was delicious and had wintermelon covering an assortment of fresh mushrooms and vegetables.,wintermelon,wintermelon,positive
train,2085,2085::term::3,The one vegetarian entree (Abby's treasure) was actually quite a surprise - it was delicious and had wintermelon covering an assortment of fresh mushrooms and vegetables.,assortment of fresh mushrooms and vegetables,assortment of fresh mushrooms and vegetables,positive
train,1173,1173::term::0,"At 5 dumplings for $1, you just cannot go wrong.",dumplings,dumplings,positive
train,1470,1470::term::0,But the pizza is way to expensive.,pizza,pizza,negative
train,2457,2457::term::0,"And the staff is also young, energeic and hot!!!!",staff,staff,positive
train,505,505::term::0,"Even better, they know how to cook French classics like Steak au Poivre and Onglet without burning it to death or overcooking it.",Steak au Poivre,steak au poivre,positive
train,505,505::term::1,"Even better, they know how to cook French classics like Steak au Poivre and Onglet without burning it to death or overcooking it.",Onglet,onglet,positive
train,842,842::term::0,"Service was decent, but not as smooth as I would expect from a place with these prices and reputation.",Service,service,conflict
train,842,842::term::1,"Service was decent, but not as smooth as I would expect from a place with these prices and reputation.",prices,prices,negative
train,842,842::term::2,"Service was decent, but not as smooth as I would expect from a place with these prices and reputation.",reputation,reputation,positive
train,1595,1595::term::0,We had a wonderful meal at Naples 45 a month ago on a visit to NYC.,meal,meal,positive
train,2150,2150::term::0,Good drink.,drink,drink,positive
train,2443,2443::term::0,"Great food (spinach and corn dumplings and massamman curry), very friendly and no nonsense service and a clean and funky bathroom.",food,food,positive
train,2443,2443::term::1,"Great food (spinach and corn dumplings and massamman curry), very friendly and no nonsense service and a clean and funky bathroom.",spinach and corn dumplings,spinach and corn dumplings,positive
train,2443,2443::term::2,"Great food (spinach and corn dumplings and massamman curry), very friendly and no nonsense service and a clean and funky bathroom.",service,service,positive
train,2443,2443::term::3,"Great food (spinach and corn dumplings and massamman curry), very friendly and no nonsense service and a clean and funky bathroom.",bathroom,bathroom,positive
train,2443,2443::term::4,"Great food (spinach and corn dumplings and massamman curry), very friendly and no nonsense service and a clean and funky bathroom.",massamman curry,massamman curry,positive
train,2010,2010::term::0,We had a girls' night dinner here for restaurant week.,dinner,dinner,neutral
train,3483,3483::term::0,"However, I was there for a work dinner not long ago when my colleague from London noticed a very large waterbug on the ceiling.",ceiling,ceiling,negative
train,3483,3483::term::1,"However, I was there for a work dinner not long ago when my colleague from London noticed a very large waterbug on the ceiling.",dinner,dinner,neutral
train,255,255::term::0,My chow fun and chow see was really bland and oily.,chow fun and chow see,chow fun and chow see,negative
train,828,828::term::0,"Even though I made the reservation at 3pm for the same night through Dinnerbroker, we were seated at a table with one of the best view!",table,table,positive
train,828,828::term::1,"Even though I made the reservation at 3pm for the same night through Dinnerbroker, we were seated at a table with one of the best view!",reservation,reservation,positive
train,828,828::term::2,"Even though I made the reservation at 3pm for the same night through Dinnerbroker, we were seated at a table with one of the best view!",seated,seated,positive
train,3553,3553::term::0,"we did notice however, that some tables had what looked like pita instead of naan.",pita,pita,negative
train,3553,3553::term::1,"we did notice however, that some tables had what looked like pita instead of naan.",naan,naan,negative
train,315,315::term::0,"I didn't take a look at the rest menu, but the oysters were fantastic.",menu,menu,neutral
train,315,315::term::1,"I didn't take a look at the rest menu, but the oysters were fantastic.",oysters,oysters,positive
train,3282,3282::term::0,The grilled cheese at home afterwards was better.!!,grilled cheese,grilled cheese,positive
train,2219,2219::term::0,The red sliding doors may be unique but they do not block off the cold air from the outside.,doors,doors,conflict
train,666,666::term::0,"Great service, great food.",service,service,positive
train,666,666::term::1,"Great service, great food.",food,food,positive
train,1910,1910::term::0,"The food is expensive, but worth every bite.",food,food,conflict
train,1018,1018::term::0,"sometimes i get bad food and bad service, sometimes i get good good and bad service.",food,food,negative
train,1018,1018::term::1,"sometimes i get bad food and bad service, sometimes i get good good and bad service.",service,service,negative
train,1018,1018::term::2,"sometimes i get bad food and bad service, sometimes i get good good and bad service.",service,service,negative
train,1018,1018::term::3,"sometimes i get bad food and bad service, sometimes i get good good and bad service.",good,good,positive
train,39,39::term::0,When we were finally seated our waitress came by twice-1 for our order and 2-for our check.,waitress,waitress,negative
train,39,39::term::1,When we were finally seated our waitress came by twice-1 for our order and 2-for our check.,check,check,neutral
train,2247,2247::term::0,In summer-eat outside on a terrace (another great feature of Suan)!!!,terrace,terrace,positive
train,2458,2458::term::0,"It's the perfect restaurant for NY life style, it got cool design, awsome drinks and food and lot's of good looking people eating and hanging at the pink bar...",design,design,positive
train,2458,2458::term::1,"It's the perfect restaurant for NY life style, it got cool design, awsome drinks and food and lot's of good looking people eating and hanging at the pink bar...",drinks,drinks,positive
train,2458,2458::term::2,"It's the perfect restaurant for NY life style, it got cool design, awsome drinks and food and lot's of good looking people eating and hanging at the pink bar...",food,food,positive
train,2458,2458::term::3,"It's the perfect restaurant for NY life style, it got cool design, awsome drinks and food and lot's of good looking people eating and hanging at the pink bar...",bar,bar,neutral
train,1959,1959::term::0,We did have to wait at the bar for approx.,bar,bar,neutral
train,3228,3228::term::0,"If you love seafood, you would love this place!",seafood,seafood,positive
train,3228,3228::term::1,"If you love seafood, you would love this place!",place,place,positive
train,1837,1837::term::0,"Good, fast service.",service,service,positive
train,1296,1296::term::0,They charge different prices all the time.,prices,prices,negative
train,2245,2245::term::0,"I was in love with Pongsri on 48th, but compared to Suan it is slow in service and overpriced.",service,service,negative
train,2028,2028::term::0,"My friends and I experienced amazing cheese and a delicious, new summer menu at Artisanal last night.",cheese,cheese,positive
train,2028,2028::term::1,"My friends and I experienced amazing cheese and a delicious, new summer menu at Artisanal last night.",menu,menu,positive
train,1916,1916::term::0,"It's charmingly small and that leads to an atmoshere that is extremely cozy and romantic, even.",atmoshere,atmoshere,positive
train,343,343::term::0,It is obvious that no one in the restaurant has any idea about or experience with Japanese cuisine.,Japanese cuisine,japanese cuisine,negative
train,165,165::term::0,"In terms of the food itself -- nothing special, we limited ourselves to several appetizers.",food,food,neutral
train,165,165::term::1,"In terms of the food itself -- nothing special, we limited ourselves to several appetizers.",appetizers,appetizers,neutral
train,2508,2508::term::0,Love the Jazz bands on Fri and Sat.,Jazz bands,jazz bands,positive
train,3114,3114::term::0,"To begin, we were told there was a 30 minute wait and started to leave, when the hostess offered to call us on our cell phone when the table was ready.",hostess,hostess,positive
train,3114,3114::term::1,"To begin, we were told there was a 30 minute wait and started to leave, when the hostess offered to call us on our cell phone when the table was ready.",wait,wait,negative
train,3114,3114::term::2,"To begin, we were told there was a 30 minute wait and started to leave, when the hostess offered to call us on our cell phone when the table was ready.",table,table,positive
train,492,492::term::0,The servers give you some sample slices of your order while you wait (shortly I might add).,servers,servers,positive
train,1886,1886::term::0,The service was ok.,service,service,neutral
train,3512,3512::term::0,"When asked about how a certain dish was prepared in comparison to a similar at other thai restaurants, he replied this is not Mcdonald's, every place makes things differently While it is understandable that every place is indeed different, there was not a need to be uncourteous to customers and downright rude.",dish,dish,neutral
train,3156,3156::term::0,"Don't expect to sit down inside though, there are only a few tables and they are always full.",tables,tables,negative
train,1947,1947::term::0,"The staff is accomodating, the ambiance is exciting and yet relaxed, and the food is out of this world!",staff,staff,positive
train,1947,1947::term::1,"The staff is accomodating, the ambiance is exciting and yet relaxed, and the food is out of this world!",ambiance,ambiance,positive
train,1947,1947::term::2,"The staff is accomodating, the ambiance is exciting and yet relaxed, and the food is out of this world!",food,food,positive
train,1929,1929::term::0,"The food was delicious (I had a halibut special, my husband had steak), and the service was top-notch.",food,food,positive
train,1929,1929::term::1,"The food was delicious (I had a halibut special, my husband had steak), and the service was top-notch.",halibut special,halibut special,positive
train,1929,1929::term::2,"The food was delicious (I had a halibut special, my husband had steak), and the service was top-notch.",steak,steak,positive
train,1929,1929::term::3,"The food was delicious (I had a halibut special, my husband had steak), and the service was top-notch.",service,service,positive
train,740,740::term::0,The manager claimed that he could not compensate us for anything on the bill which just shows the lack of sophistication from the entire group.,manager,manager,negative
train,740,740::term::1,The manager claimed that he could not compensate us for anything on the bill which just shows the lack of sophistication from the entire group.,bill,bill,neutral
train,2797,2797::term::0,it's the only place you can get yummy authentic japanese comfort food.,japanese comfort food,japanese comfort food,positive
train,409,409::term::0,We took advanatage of the half price sushi deal on saturday so it was well worth it.,half price sushi deal,half price sushi deal,positive
train,3442,3442::term::0,we came here on a crowded saturday night and were seated right away despite being 15 minutes late for our reservation.,reservation,reservation,neutral
train,3442,3442::term::1,we came here on a crowded saturday night and were seated right away despite being 15 minutes late for our reservation.,seated,seated,positive
train,158,158::term::0,We were fast to order the appetizer platter since we were very hungry.,appetizer platter,appetizer platter,neutral
train,3186,3186::term::0,"The staff are attentive, and have smiles on their faces.",staff,staff,positive
train,52,52::term::0,"No dress codes, no attitudes, plenty of comfort companionship, a great place to relax in an always busy Midtown.",dress codes,dress codes,positive
train,52,52::term::1,"No dress codes, no attitudes, plenty of comfort companionship, a great place to relax in an always busy Midtown.",attitudes,attitudes,positive
train,52,52::term::2,"No dress codes, no attitudes, plenty of comfort companionship, a great place to relax in an always busy Midtown.",place,place,positive
train,2125,2125::term::0,"Largest and freshest pieces of sushi, and delicious!",pieces of sushi,pieces of sushi,positive
train,3371,3371::term::0,Even the pasta is delicious here (a rarity in New York pizza restaurants).,pasta,pasta,positive
train,2115,2115::term::0,"but when we looked at the menu, there weren't a lot of choices, most of them were dumplings in the appetizer section.",menu,menu,negative
train,2115,2115::term::1,"but when we looked at the menu, there weren't a lot of choices, most of them were dumplings in the appetizer section.",dumplings,dumplings,neutral
train,2115,2115::term::2,"but when we looked at the menu, there weren't a lot of choices, most of them were dumplings in the appetizer section.",appetizer,appetizer,negative
train,1546,1546::term::0,"Maybe I say so because it looked promising for people who like artery-clogging jewish deli food, but turns out to be poorly run and awful.",jewish deli food,jewish deli food,conflict
train,753,753::term::0,After my 3rd time the manager remembered me and treated me like an usual customer.,manager,manager,positive
train,3165,3165::term::0,now if they could only get a toaster.,toaster,toaster,negative
train,3505,3505::term::0,"When he's not making authentic Neapolitan pizza in the open brick oven or lightly frying zucchini blossoms, he's visiting the regulars (a growing legion) and checking on newcomers.",Neapolitan pizza,neapolitan pizza,positive
train,3505,3505::term::1,"When he's not making authentic Neapolitan pizza in the open brick oven or lightly frying zucchini blossoms, he's visiting the regulars (a growing legion) and checking on newcomers.",zucchini blossoms,zucchini blossoms,positive
train,1747,1747::term::0,Wait staff is blantently unappreciative of your business but its the best pie on the UWS!,Wait staff,wait staff,negative
train,1747,1747::term::1,Wait staff is blantently unappreciative of your business but its the best pie on the UWS!,pie,pie,positive
train,1481,1481::term::0,"The ingredients taste fresher, the crust is thinner and crispier, the slice is less oily, and it's never burnt like it occasionally is at Joe's.",ingredients,ingredients,positive
train,1481,1481::term::1,"The ingredients taste fresher, the crust is thinner and crispier, the slice is less oily, and it's never burnt like it occasionally is at Joe's.",crust,crust,positive
train,1481,1481::term::2,"The ingredients taste fresher, the crust is thinner and crispier, the slice is less oily, and it's never burnt like it occasionally is at Joe's.",slice,slice,positive
train,1767,1767::term::0,Fish is so very fresh.,Fish,fish,positive
train,634,634::term::0,The prices were CHEAP compared to the quality of service and food.,prices,prices,positive
train,634,634::term::1,The prices were CHEAP compared to the quality of service and food.,service,service,positive
train,634,634::term::2,The prices were CHEAP compared to the quality of service and food.,food,food,positive
train,968,968::term::0,"Top spot in town for Vietnamese classics, better than places that cost a lot more.",Vietnamese classics,vietnamese classics,positive
train,2300,2300::term::0,less wait time for me!,wait time,wait time,positive
train,1039,1039::term::0,"The decor is really blah, and not at all hip or happening.",decor,decor,negative
train,3138,3138::term::0,"Having discovered Ping's on the internet, we entered with qualms but were instantly put to ease by the fish tanks that greet you as u walk in.",fish tanks,fish tanks,positive
train,1547,1547::term::0,It appears to be the owner's first venture and it shows.,owner,owner,negative
train,2597,2597::term::0,"I come from a family of pizzeria owners, and I'm almost ashamed to say that the pizza in Fornino's blows my families receipies away.",pizza,pizza,positive
train,715,715::term::0,We ordered some beef and noodle soup dishes from the Thai section of the menu but nothing we got was Thai.,beef,beef,negative
train,715,715::term::1,We ordered some beef and noodle soup dishes from the Thai section of the menu but nothing we got was Thai.,noodle soup dishes,noodle soup dishes,negative
train,715,715::term::2,We ordered some beef and noodle soup dishes from the Thai section of the menu but nothing we got was Thai.,menu,menu,negative
train,2160,2160::term::0,They have a huge selection of different cream cheeses and all of their salads are great.,cream cheeses,cream cheeses,positive
train,2160,2160::term::1,They have a huge selection of different cream cheeses and all of their salads are great.,salads,salads,positive
train,3437,3437::term::0,The lobster sandwich is good and the spaghetti with Scallops and Shrimp is great.,lobster sandwich,lobster sandwich,positive
train,3437,3437::term::1,The lobster sandwich is good and the spaghetti with Scallops and Shrimp is great.,spaghetti with Scallops and Shrimp,spaghetti with scallops and shrimp,positive
train,939,939::term::0,The food was authentic.,food,food,positive
train,3140,3140::term::0,The dim sum is delectable while the prices are quite easy on the wallet.,dim sum,dim sum,positive
train,3140,3140::term::1,The dim sum is delectable while the prices are quite easy on the wallet.,prices,prices,positive
train,1714,1714::term::0,"I only tried a simple dish of spinach ravioli in a light oil and garlic sauce, but it actually faired better than most NYC Italian joints I've tried similar dishes at.",spinach ravioli in a light oil and garlic sauce,spinach ravioli in a light oil and garlic sauce,positive
train,1714,1714::term::1,"I only tried a simple dish of spinach ravioli in a light oil and garlic sauce, but it actually faired better than most NYC Italian joints I've tried similar dishes at.",dish,dish,positive
train,1714,1714::term::2,"I only tried a simple dish of spinach ravioli in a light oil and garlic sauce, but it actually faired better than most NYC Italian joints I've tried similar dishes at.",dishes,dishes,neutral
train,337,337::term::0,The worst excuse for Japanese food I've ever encountered.,Japanese food,japanese food,negative
train,764,764::term::0,I ordered a Chicken Teriyaki dish and found that the chicken was extremely dry.,Chicken Teriyaki dish,chicken teriyaki dish,negative
train,764,764::term::1,I ordered a Chicken Teriyaki dish and found that the chicken was extremely dry.,chicken,chicken,negative
train,1329,1329::term::0,"We had reservations at 9pm, but was not seated until 10:15pm.",reservations,reservations,negative
train,3198,3198::term::0,We had Pam's special fried fish and it was amazing.,Pam's special fried fish,pam's special fried fish,positive
train,3325,3325::term::0,There is no excuse for such lousy service!,service,service,negative
train,3304,3304::term::0,My boyfriend had the New England Chowder it was good but I think the award should go to the Lobster Bisque.,New England Chowder,new england chowder,positive
train,3304,3304::term::1,My boyfriend had the New England Chowder it was good but I think the award should go to the Lobster Bisque.,Lobster Bisque,lobster bisque,positive
train,3608,3608::term::0,"So, a little inconsistency there but either way, both pizzas were really good.",pizzas,pizzas,positive
train,3203,3203::term::0,"Overall the restaurant is more expensive than our other sushi favorites, but everything was delicious.",sushi,sushi,neutral
train,3499,3499::term::0,Not enough wines by the glass either.,wines by the glass,wines by the glass,negative
train,694,694::term::0,I had the duck breast special on my last visit and it was incredible.,duck breast special,duck breast special,positive
train,831,831::term::0,I must say it's a little pricey for the food because it was not as spectacular as the view.,food,food,negative
train,271,271::term::0,These innovators of french indian fusion do a great job of making dishes as interesting as possible while still being accessible.,french indian fusion,french indian fusion,positive
train,271,271::term::1,These innovators of french indian fusion do a great job of making dishes as interesting as possible while still being accessible.,dishes,dishes,positive
train,2677,2677::term::0,"Just don't take the seat between the bar and the back half of the restaurant, i saw a woman get nudged 40times sitting there.",seat,seat,negative
train,2677,2677::term::1,"Just don't take the seat between the bar and the back half of the restaurant, i saw a woman get nudged 40times sitting there.",bar,bar,neutral
train,844,844::term::0,No gimmicks here -- the food speaks for itself in its freshness and preparation.,food,food,positive
train,551,551::term::0,"We were worried we would have trouble getting in, but somehow managed to have a short wait.",wait,wait,positive
train,3709,3709::term::0,My wife had the fried shrimp which are huge and loved it.,fried shrimp,fried shrimp,positive
train,1704,1704::term::0,One should not go to Lucky Strike for the food.,food,food,negative
train,1196,1196::term::0,The service is awful--the last time I was there (and I do mean the last time) we were told that they needed our table so we would have to leave.,service,service,negative
train,1196,1196::term::1,The service is awful--the last time I was there (and I do mean the last time) we were told that they needed our table so we would have to leave.,table,table,negative
train,3689,3689::term::0,We could only get through an appetizer and cheese fondue.,appetizer,appetizer,neutral
train,3689,3689::term::1,We could only get through an appetizer and cheese fondue.,cheese fondue,cheese fondue,neutral
train,3472,3472::term::0,Both times we waited well over a half hour for a table (even though we had reservations).,table,table,negative
train,3472,3472::term::1,Both times we waited well over a half hour for a table (even though we had reservations).,reservations,reservations,negative
train,16,16::term::0,"night without a reservation, we had to wait at the bar for a little while, but the manager was so nice and made our wait a great experience.",manager,manager,positive
train,16,16::term::1,"night without a reservation, we had to wait at the bar for a little while, but the manager was so nice and made our wait a great experience.",reservation,reservation,neutral
train,16,16::term::2,"night without a reservation, we had to wait at the bar for a little while, but the manager was so nice and made our wait a great experience.",bar,bar,neutral
train,16,16::term::3,"night without a reservation, we had to wait at the bar for a little while, but the manager was so nice and made our wait a great experience.",wait,wait,positive
train,2253,2253::term::0,Try the green curry!!!,green curry,green curry,positive
train,3425,3425::term::0,We had the scallops as an appetizer and they were delicious and the sauce was wonderful.,scallops,scallops,positive
train,3425,3425::term::1,We had the scallops as an appetizer and they were delicious and the sauce was wonderful.,appetizer,appetizer,positive
train,3425,3425::term::2,We had the scallops as an appetizer and they were delicious and the sauce was wonderful.,sauce,sauce,positive
train,2698,2698::term::0,We were also seated promptly at the time of our reservation and the service was very quick and professional.,service,service,positive
train,2698,2698::term::1,We were also seated promptly at the time of our reservation and the service was very quick and professional.,reservation,reservation,positive
train,2496,2496::term::0,"You rarely have to wait for a seat and the currys (masaman, green, red) are full of flavor and come super spicy if you ask for it.",seat,seat,positive
train,2496,2496::term::1,"You rarely have to wait for a seat and the currys (masaman, green, red) are full of flavor and come super spicy if you ask for it.","currys (masaman, green, red)",currys masaman green red ,positive
train,2496,2496::term::2,"You rarely have to wait for a seat and the currys (masaman, green, red) are full of flavor and come super spicy if you ask for it.",flavor,flavor,positive
train,124,124::term::0,The food there are sastifying.,food,food,positive
train,630,630::term::0,I highly recommend visiting this restaurant and having dinner and drinks!,dinner,dinner,positive
train,630,630::term::1,I highly recommend visiting this restaurant and having dinner and drinks!,drinks,drinks,positive
train,267,267::term::0,The bar is very well stocked with interesting beers and well priced wines.,bar,bar,positive
train,267,267::term::1,The bar is very well stocked with interesting beers and well priced wines.,beers,beers,positive
train,267,267::term::2,The bar is very well stocked with interesting beers and well priced wines.,wines,wines,positive
train,267,267::term::3,The bar is very well stocked with interesting beers and well priced wines.,priced,priced,positive
train,2657,2657::term::0,"Last memorial day, I tried to make reservations but was told they were closed that weekend (interesting, but...).",reservations,reservations,negative
train,920,920::term::0,The food was good.,food,food,positive
train,2976,2976::term::0,"Great wine selection, Gigondas is worth the price, and the house champagne is a great value.",wine selection,wine selection,positive
train,2976,2976::term::1,"Great wine selection, Gigondas is worth the price, and the house champagne is a great value.",Gigondas,gigondas,positive
train,2976,2976::term::2,"Great wine selection, Gigondas is worth the price, and the house champagne is a great value.",house champagne,house champagne,positive
train,2976,2976::term::3,"Great wine selection, Gigondas is worth the price, and the house champagne is a great value.",price,price,neutral
train,2408,2408::term::0,"at night, but it's hard to hear your own conversation with everyone else competing for that same luxury - the music playing in the background is also voluminous.",music,music,negative
train,304,304::term::0,I have enjoyed everything I have ever gotten and the fish is so fresh and always prepared in a great way.,fish,fish,positive
train,3225,3225::term::0,I particularly love their yellowfun tuna and their mussel selection.,yellowfun tuna,yellowfun tuna,positive
train,3225,3225::term::1,I particularly love their yellowfun tuna and their mussel selection.,mussel selection,mussel selection,positive
train,3154,3154::term::0,I love to visit Murrays for my bagel fix.,bagel,bagel,positive
train,2348,2348::term::0,"We made early dinner reservations and were thoroughly impressed, reminds me of my grandfather, its old school Italian scenery with lots of fun stuff to admire.",scenery,scenery,positive
train,2348,2348::term::1,"We made early dinner reservations and were thoroughly impressed, reminds me of my grandfather, its old school Italian scenery with lots of fun stuff to admire.",dinner reservations,dinner reservations,positive
train,921,921::term::0,The place was nice and calm.,place,place,positive
train,532,532::term::0,Cheese plate is a varied delight and great bargain at $10.,Cheese plate,cheese plate,positive
train,1972,1972::term::0,I could have drank 4 glasses of water and still been parched - so watch out.,glasses of water,glasses of water,neutral
train,553,553::term::0,"When we sat, we got great and fast service.",service,service,positive
train,1681,1681::term::0,"Most of the servers are very attentive, friendly and quite attractive.",servers,servers,positive
train,1734,1734::term::0,Service is average.,Service,service,neutral
train,2558,2558::term::0,But they've done a really nice job of offering all the typical pizzeria faves plus some terrific specials like the Godmother pizza (a sort of traditional flat pizza with an olive oil-brushed crust and less tomato sauce than usual).,Godmother pizza (a sort of traditional flat pizza with an olive oil-brushed crust and less tomato sauce than usual),godmother pizza a sort of traditional flat pizza with an olive oil-brushed crust and less tomato sauce than usual ,positive
train,2558,2558::term::1,But they've done a really nice job of offering all the typical pizzeria faves plus some terrific specials like the Godmother pizza (a sort of traditional flat pizza with an olive oil-brushed crust and less tomato sauce than usual).,specials,specials,positive
train,3683,3683::term::0,"They forgot a sandwich, didn't include plastic forks, and didn't include pita with the hummus platter.",sandwich,sandwich,neutral
train,3683,3683::term::1,"They forgot a sandwich, didn't include plastic forks, and didn't include pita with the hummus platter.",plastic forks,plastic forks,neutral
train,3683,3683::term::2,"They forgot a sandwich, didn't include plastic forks, and didn't include pita with the hummus platter.",pita,pita,neutral
train,3683,3683::term::3,"They forgot a sandwich, didn't include plastic forks, and didn't include pita with the hummus platter.",hummus platter,hummus platter,neutral
train,2715,2715::term::0,"The steak is good, the fish is good and the sushi was surprisingly great.",steak,steak,positive
train,2715,2715::term::1,"The steak is good, the fish is good and the sushi was surprisingly great.",fish,fish,positive
train,2715,2715::term::2,"The steak is good, the fish is good and the sushi was surprisingly great.",sushi,sushi,positive
train,2295,2295::term::0,I am reluctant to write because I would not want my jem of a pizza place to become overcrowded.,pizza,pizza,positive
train,3513,3513::term::0,"The service was poor, restaurant poorly lit, staff not very attentive and I would have rather eaten at a Mcdonald's than this joint.",service,service,negative
train,3513,3513::term::1,"The service was poor, restaurant poorly lit, staff not very attentive and I would have rather eaten at a Mcdonald's than this joint.",staff,staff,negative
train,2192,2192::term::0,"My GF and I still choose to eat there a lot because of diverse cocktails, the chill decor, and the decent sushi.",cocktails,cocktails,positive
train,2192,2192::term::1,"My GF and I still choose to eat there a lot because of diverse cocktails, the chill decor, and the decent sushi.",decor,decor,positive
train,2192,2192::term::2,"My GF and I still choose to eat there a lot because of diverse cocktails, the chill decor, and the decent sushi.",sushi,sushi,positive
train,2020,2020::term::0,We ended the dinner with a surprisingly light and flaky apple tarte tatin.,apple tarte tatin,apple tarte tatin,positive
train,2020,2020::term::1,We ended the dinner with a surprisingly light and flaky apple tarte tatin.,dinner,dinner,neutral
train,915,915::term::0,The buffet had a nice selection.,buffet,buffet,positive
train,915,915::term::1,The buffet had a nice selection.,selection,selection,positive
train,1768,1768::term::0,Waitstaff are very friendly.,Waitstaff,waitstaff,positive
train,1664,1664::term::0,Service was slow had to wait to order and get food although not crowded.,Service,service,negative
train,1664,1664::term::1,Service was slow had to wait to order and get food although not crowded.,food,food,neutral
train,3690,3690::term::0,Will have to return to try the chocolate!,chocolate,chocolate,positive
train,2827,2827::term::0,"The food was below average, the service was pathetic, there was no ambience at all.",food,food,negative
train,2827,2827::term::1,"The food was below average, the service was pathetic, there was no ambience at all.",service,service,negative
train,2827,2827::term::2,"The food was below average, the service was pathetic, there was no ambience at all.",ambience,ambience,negative
train,1585,1585::term::0,I REALLY ENJOYED THE SHOWS PUT ON BY THE ACTORS.,SHOWS,shows,positive
train,1585,1585::term::1,I REALLY ENJOYED THE SHOWS PUT ON BY THE ACTORS.,ACTORS,actors,positive
train,2163,2163::term::0,Our first time in New York and we had to try a New York Bagel.,New York Bagel,new york bagel,neutral
train,3443,3443::term::0,service was efficient courteous.,service,service,positive
train,412,412::term::0,The miso soup lacked flavor and the fish was unfortunately not as well prepared as in the past.,miso soup,miso soup,negative
train,412,412::term::1,The miso soup lacked flavor and the fish was unfortunately not as well prepared as in the past.,fish,fish,negative
train,412,412::term::2,The miso soup lacked flavor and the fish was unfortunately not as well prepared as in the past.,flavor,flavor,negative
train,2154,2154::term::0,They are the best bagels I've had.,bagels,bagels,positive
train,1667,1667::term::0,I've read some of the previews reviews - people are either not New Yorkers or have more appreciation for ambience then food.,ambience,ambience,neutral
train,1667,1667::term::1,I've read some of the previews reviews - people are either not New Yorkers or have more appreciation for ambience then food.,food,food,neutral
train,426,426::term::0,"Toons has recently been redone, so it's now a very attractive space.",space,space,positive
train,1964,1964::term::0,"$160 for 2 filets, 2 sides, an appetizer and drinks.",filets,filets,neutral
train,1964,1964::term::1,"$160 for 2 filets, 2 sides, an appetizer and drinks.",sides,sides,neutral
train,1964,1964::term::2,"$160 for 2 filets, 2 sides, an appetizer and drinks.",appetizer,appetizer,neutral
train,1964,1964::term::3,"$160 for 2 filets, 2 sides, an appetizer and drinks.",drinks,drinks,neutral
train,3380,3380::term::0,"While the prices are nothing special, the portions are huge.",prices,prices,neutral
train,3380,3380::term::1,"While the prices are nothing special, the portions are huge.",portions,portions,positive
train,3185,3185::term::0,"Its a nice quiet location to go eat a good meal, relax, be able to talk and have a very good time.",location,location,positive
train,3185,3185::term::1,"Its a nice quiet location to go eat a good meal, relax, be able to talk and have a very good time.",meal,meal,positive
train,2651,2651::term::0,"We arrived for dinner expecting to be impressed by a place that has an impressive past - but, that's just it -- the PAST!",dinner,dinner,neutral
train,718,718::term::0,"However, I think this place is a good hang out spot.",spot,spot,positive
train,2848,2848::term::0,"The menu is Prix Fixe, so be prepared to spend at least $60 per person, but it is Well worth itsuperb food.",menu,menu,negative
train,2848,2848::term::1,"The menu is Prix Fixe, so be prepared to spend at least $60 per person, but it is Well worth itsuperb food.",food,food,positive
train,2848,2848::term::2,"The menu is Prix Fixe, so be prepared to spend at least $60 per person, but it is Well worth itsuperb food.",Prix Fixe,prix fixe,neutral
train,523,523::term::0,The wine list is extensive and impressive.,wine list,wine list,positive
train,1497,1497::term::0,We had the most wonderful waitress.,waitress,waitress,positive
train,2861,2861::term::0,"While the staff at this little bistro is very friendly, I have never experienced more incompetency.",staff,staff,positive
train,2697,2697::term::0,The quail was fantastic and unique and the pastas were full of flavor.,quail,quail,positive
train,2697,2697::term::1,The quail was fantastic and unique and the pastas were full of flavor.,pastas,pastas,positive
train,2697,2697::term::2,The quail was fantastic and unique and the pastas were full of flavor.,flavor,flavor,positive
train,1116,1116::term::0,The zucchini and mashed potatoes are a blend of garlic and butter which simply melts in your mouth.,zucchini,zucchini,positive
train,1116,1116::term::1,The zucchini and mashed potatoes are a blend of garlic and butter which simply melts in your mouth.,mashed potatoes,mashed potatoes,positive
train,1116,1116::term::2,The zucchini and mashed potatoes are a blend of garlic and butter which simply melts in your mouth.,garlic,garlic,positive
train,1116,1116::term::3,The zucchini and mashed potatoes are a blend of garlic and butter which simply melts in your mouth.,butter,butter,positive
train,3001,3001::term::0,The staff is courteous and friendly.,staff,staff,positive
train,2067,2067::term::0,Decor is nice though service can be spotty.,Decor,decor,positive
train,2067,2067::term::1,Decor is nice though service can be spotty.,service,service,negative
train,2491,2491::term::0,"Aside from the rushed service, we were very impressed with the food and the drinks.",service,service,negative
train,2491,2491::term::1,"Aside from the rushed service, we were very impressed with the food and the drinks.",food,food,positive
train,2491,2491::term::2,"Aside from the rushed service, we were very impressed with the food and the drinks.",drinks,drinks,positive
train,1045,1045::term::0,Make sure you have the Spicy Scallop roll.. .,Spicy Scallop roll,spicy scallop roll,positive
train,2895,2895::term::0,I would highly recommend this place to anyone who is looking for a fine Indian dining experience that is definitely a value for your dollar.,Indian dining experience,indian dining experience,positive
train,59,59::term::0,And even with it's Pub atmosphere they were great to my kids too!,Pub atmosphere,pub atmosphere,conflict
train,1650,1650::term::0,This big draw is the all you can sushi here for $19.95!,sushi,sushi,positive
train,1835,1835::term::0,"Some of the workers ignore me and talk to the female customers, other times, they've skipped my order.",workers,workers,negative
train,1835,1835::term::1,"Some of the workers ignore me and talk to the female customers, other times, they've skipped my order.",order,order,negative
train,208,208::term::0,The specials are usually quite good too.,specials,specials,positive
train,1023,1023::term::0,They've the best desserts and mixed drinks as well as snack foods.,desserts,desserts,positive
train,1023,1023::term::1,They've the best desserts and mixed drinks as well as snack foods.,mixed drinks,mixed drinks,positive
train,1023,1023::term::2,They've the best desserts and mixed drinks as well as snack foods.,snack foods,snack foods,positive
train,85,85::term::0,Try the chocolate mud cake (warmed) with 2 scoops of dulce de leche gelato.,chocolate mud cake (warmed),chocolate mud cake warmed ,positive
train,85,85::term::1,Try the chocolate mud cake (warmed) with 2 scoops of dulce de leche gelato.,dulce de leche gelato,dulce de leche gelato,positive
train,609,609::term::0,Really cool stauff inside.,stauff,stauff,positive
train,3417,3417::term::0,"While the new restaurant still features much of the same classical furniture that made Tiffin so attractive, the menu has been overhauled.",classical furniture,classical furniture,positive
train,3417,3417::term::1,"While the new restaurant still features much of the same classical furniture that made Tiffin so attractive, the menu has been overhauled.",menu,menu,negative
train,602,602::term::0,The best burger I have had in the Village.,burger,burger,positive
train,909,909::term::0,We visited Orsay during NY Restaurant Week and tried their $35 menu.,menu,menu,neutral
train,488,488::term::0,I would have gotten some cole slaw and a knish if my stomach had more space.,cole slaw,cole slaw,neutral
train,488,488::term::1,I would have gotten some cole slaw and a knish if my stomach had more space.,knish,knish,neutral
train,769,769::term::0,Three of us arrived for dinner about 5:30 on a week night without reservations.,dinner,dinner,neutral
train,769,769::term::1,Three of us arrived for dinner about 5:30 on a week night without reservations.,reservations,reservations,neutral
train,3026,3026::term::0,"The blond wood decor is very soothing, the premium sake is excellent and the service is great.",blond wood decor,blond wood decor,positive
train,3026,3026::term::1,"The blond wood decor is very soothing, the premium sake is excellent and the service is great.",sake,sake,positive
train,3026,3026::term::2,"The blond wood decor is very soothing, the premium sake is excellent and the service is great.",service,service,positive
train,661,661::term::0,There is usually a wait but it is well worth it.,wait,wait,conflict
train,2532,2532::term::0,Your money could easily be better spent elsewhere (Anywhere).,money,money,neutral
train,1062,1062::term::0,"Only drawback - they won't toast your bagel, and they don't make eggs for the bagel.",bagel,bagel,negative
train,1062,1062::term::1,"Only drawback - they won't toast your bagel, and they don't make eggs for the bagel.",eggs,eggs,negative
train,1062,1062::term::2,"Only drawback - they won't toast your bagel, and they don't make eggs for the bagel.",bagel,bagel,negative
train,552,552::term::0,As always we had a great glass of wine while we waited.,glass of wine,glass of wine,positive
train,1722,1722::term::0,"The wait staff is pleasant, fun, and for the most part gorgeous (in the wonderful aesthetic beautification way, not in that she's-way-cuter-than-me-that-b@#$* way).",wait staff,wait staff,positive
train,1218,1218::term::0,"Of course this atmosphere is lacking, but what do you expect from a 24 hour bagel place anyways?",atmosphere,atmosphere,negative
train,1218,1218::term::1,"Of course this atmosphere is lacking, but what do you expect from a 24 hour bagel place anyways?",bagel,bagel,neutral
train,509,509::term::0,Service was very good and warm.,Service,service,positive
train,2318,2318::term::0,For dinner I had the chicken tikka-masala and some garlic naan.,chicken tikka-masala,chicken tikka-masala,neutral
train,2318,2318::term::1,For dinner I had the chicken tikka-masala and some garlic naan.,garlic naan,garlic naan,neutral
train,2318,2318::term::2,For dinner I had the chicken tikka-masala and some garlic naan.,dinner,dinner,neutral
train,2676,2676::term::0,Cornelia Street looks like a Broadway set for West Side Story and the inside of Po is so cool quaint you really can't top the setting for a romantic dinner in NYC.,dinner,dinner,positive
train,2676,2676::term::1,Cornelia Street looks like a Broadway set for West Side Story and the inside of Po is so cool quaint you really can't top the setting for a romantic dinner in NYC.,setting,setting,positive
train,3317,3317::term::0,Food was good and the view of the new york city skiline was terrific even on a foggy rainy day like that of when I went.,Food,food,positive
train,3317,3317::term::1,Food was good and the view of the new york city skiline was terrific even on a foggy rainy day like that of when I went.,view,view,positive
train,3527,3527::term::0,The food is nothing like its menu description.,food,food,negative
train,3527,3527::term::1,The food is nothing like its menu description.,menu description,menu description,negative
train,1387,1387::term::0,Try the Pad Se-Ew or Chicken with Cashew Nuts for a memorable and repeatable experience.,Pad Se-Ew,pad se-ew,positive
train,1387,1387::term::1,Try the Pad Se-Ew or Chicken with Cashew Nuts for a memorable and repeatable experience.,Chicken with Cashew Nuts,chicken with cashew nuts,positive
train,3629,3629::term::0,It's just O.K. pizza.,pizza,pizza,neutral
train,594,594::term::0,"The food is decent at best, and the ambience, well, it's a matter of opinion, some may consider it to be a sweet thing, I thought it was just annoying.",food,food,neutral
train,594,594::term::1,"The food is decent at best, and the ambience, well, it's a matter of opinion, some may consider it to be a sweet thing, I thought it was just annoying.",ambience,ambience,conflict
train,2620,2620::term::0,"The service was a bit slow, but they were very friendly.",service,service,negative
train,2871,2871::term::0,"Leon is an East Village gem: casual but hip, with well prepared basic French bistro fare, good specials, a warm and lively atmosphere.",specials,specials,positive
train,2871,2871::term::1,"Leon is an East Village gem: casual but hip, with well prepared basic French bistro fare, good specials, a warm and lively atmosphere.",atmosphere,atmosphere,positive
train,2871,2871::term::2,"Leon is an East Village gem: casual but hip, with well prepared basic French bistro fare, good specials, a warm and lively atmosphere.",French bistro fare,french bistro fare,positive
train,46,46::term::0,The food is above average for midtown and sligtly better than some of the other Heartland Breweries in the city.,food,food,positive
train,656,656::term::0,Thius is a must for anyone who loves Shabu-Shabu.,Shabu-Shabu,shabu-shabu,positive
train,1301,1301::term::0,The food was absolutely horrible!,food,food,negative
train,1559,1559::term::0,Food doesn't appear to be cooked on premisis but there's a high turnover so its pretty fresh.,Food,food,conflict
train,3539,3539::term::0,"Similar to other Indian restaurants, they use the dinner special to attract customers at the door.",dinner special,dinner special,neutral
train,3134,3134::term::0,"The people with carts of food don't understand you because they don't speak English, their job is to give you the delicious food you point at.",food,food,positive
train,3134,3134::term::1,"The people with carts of food don't understand you because they don't speak English, their job is to give you the delicious food you point at.",people with carts of food,people with carts of food,negative
train,2643,2643::term::0,"The crackling calamari salad, which is usually a cheap disaster at many restaurants, is crispy and lightly dressed.",crackling calamari salad,crackling calamari salad,positive
train,1655,1655::term::0,"Not the greatest sushi place, but excellent for a $19.95 all you can eat.",sushi place,sushi place,negative
train,1935,1935::term::0,"Shockingly easy to throw a group dinner here: simple contract, deposit only to hold the date the entire 2nd fl mezz for our grp of 20.",group dinner,group dinner,neutral
train,1254,1254::term::0,The Thai ice tea was amazingly smooth and yummy!,Thai ice tea,thai ice tea,positive
train,3021,3021::term::0,We've never had any problems with the staff but maybe we've been lucky?,staff,staff,positive
train,1665,1665::term::0,Drinks way over priced.,Drinks,drinks,negative
train,1665,1665::term::1,Drinks way over priced.,priced,priced,negative
train,2432,2432::term::0,The main downside to the place is the nazi-like guy running it who constantly complains about the noise level.,noise level,noise level,negative
train,2432,2432::term::1,The main downside to the place is the nazi-like guy running it who constantly complains about the noise level.,guy,guy,negative
train,2230,2230::term::0,What I didn't like was how the food came right after it was ordered.,food,food,negative
train,574,574::term::0,Moderate prices.,prices,prices,neutral
train,3229,3229::term::0,I think I've had some the best meals of my life at minnow.,meals,meals,positive
train,1852,1852::term::0,My biggest complaint was the un-tasty food although presented well.,food,food,conflict
train,2070,2070::term::0,"Most importantly, food is excellent.",food,food,positive
train,2671,2671::term::0,"Great roofdeck, nice group of 30 somethings, but no music, kind of quiet.",roofdeck,roofdeck,positive
train,2671,2671::term::1,"Great roofdeck, nice group of 30 somethings, but no music, kind of quiet.",music,music,negative
train,335,335::term::0,"The best part of the experience was knowing that the manager (a bubbly, friendly young woman with a great smile) truly cared about how we were doing.",manager,manager,positive
train,1845,1845::term::0,"However, service was as plain as sesame crusted Salmon I had.",service,service,neutral
train,1845,1845::term::1,"However, service was as plain as sesame crusted Salmon I had.",sesame crusted Salmon,sesame crusted salmon,neutral
train,149,149::term::0,It's great to go for a quick lunch either alone or with a friend.,lunch,lunch,positive
train,3571,3571::term::0,The food was mediocre at best but it was the horrible service that made me vow never to go back.,food,food,neutral
train,3571,3571::term::1,The food was mediocre at best but it was the horrible service that made me vow never to go back.,service,service,negative
train,877,877::term::0,So some of the reviews here are accurate about the crowd and noise.,crowd,crowd,negative
train,877,877::term::1,So some of the reviews here are accurate about the crowd and noise.,noise,noise,negative
train,2415,2415::term::0,"You get what you pay for and with that logic in mind, Spice is a great place to grab some cheap eats and drinks in a beautiful setting.",eats,eats,positive
train,2415,2415::term::1,"You get what you pay for and with that logic in mind, Spice is a great place to grab some cheap eats and drinks in a beautiful setting.",drinks,drinks,positive
train,2415,2415::term::2,"You get what you pay for and with that logic in mind, Spice is a great place to grab some cheap eats and drinks in a beautiful setting.",setting,setting,positive
train,8,8::term::0,"The service was terrible, we had to wait for everything and ask several of different people for the same thing before we were allowed to be served.",service,service,negative
train,8,8::term::1,"The service was terrible, we had to wait for everything and ask several of different people for the same thing before we were allowed to be served.",served,served,negative
train,1713,1713::term::0,"Other than being a little crowded and a bit overpriced, the atmosphere is filled with energy (and the beautiful people of course) and the food was surprising good!",atmosphere,atmosphere,positive
train,1713,1713::term::1,"Other than being a little crowded and a bit overpriced, the atmosphere is filled with energy (and the beautiful people of course) and the food was surprising good!",people,people,positive
train,1713,1713::term::2,"Other than being a little crowded and a bit overpriced, the atmosphere is filled with energy (and the beautiful people of course) and the food was surprising good!",food,food,positive
train,946,946::term::0,"We only ordered desserts and drinks, but no refills were offered.",desserts,desserts,neutral
train,946,946::term::1,"We only ordered desserts and drinks, but no refills were offered.",drinks,drinks,neutral
train,452,452::term::0,Waiters are slow but sweet.,Waiters,waiters,conflict
train,303,303::term::0,"I have been here a few times for dinner, once for brunch and twice for lunch.",dinner,dinner,neutral
train,303,303::term::1,"I have been here a few times for dinner, once for brunch and twice for lunch.",brunch,brunch,neutral
train,303,303::term::2,"I have been here a few times for dinner, once for brunch and twice for lunch.",lunch,lunch,neutral
train,982,982::term::0,"the real kicker of the menu, however, is the beef cubes or the chicken with chili and lemon grass.",menu,menu,neutral
train,982,982::term::1,"the real kicker of the menu, however, is the beef cubes or the chicken with chili and lemon grass.",beef cubes,beef cubes,positive
train,982,982::term::2,"the real kicker of the menu, however, is the beef cubes or the chicken with chili and lemon grass.",chicken with chili and lemon grass,chicken with chili and lemon grass,positive
train,1323,1323::term::0,The music is the best among all the Indian restaurants I have visited.,music,music,positive
train,2899,2899::term::0,"The bread and lamb chops I had before the meal were quite good, however.",bread,bread,positive
train,2899,2899::term::1,"The bread and lamb chops I had before the meal were quite good, however.",lamb chops,lamb chops,positive
train,2899,2899::term::2,"The bread and lamb chops I had before the meal were quite good, however.",meal,meal,neutral
train,584,584::term::0,Rao's has the best service and atmosphere in NYC.,service,service,positive
train,584,584::term::1,Rao's has the best service and atmosphere in NYC.,atmosphere,atmosphere,positive
train,2906,2906::term::0,instead ordered an ice cold beer which to me works with indian.,beer,beer,positive
train,3048,3048::term::0,"They never brought us complimentary noodles, ignored repeated requests for sugar, and threw our dishes on the table.",noodles,noodles,negative
train,3048,3048::term::1,"They never brought us complimentary noodles, ignored repeated requests for sugar, and threw our dishes on the table.",sugar,sugar,negative
train,3048,3048::term::2,"They never brought us complimentary noodles, ignored repeated requests for sugar, and threw our dishes on the table.",dishes,dishes,negative
train,1322,1322::term::0,one of the best Chicken Tikka Masala.,Chicken Tikka Masala,chicken tikka masala,positive
train,2089,2089::term::0,"Excellent dumplings served amid clean, chic decor.",dumplings,dumplings,positive
train,2089,2089::term::1,"Excellent dumplings served amid clean, chic decor.",decor,decor,positive
train,184,184::term::0,"The kitchen however, is almost always slow.",kitchen,kitchen,negative
train,3697,3697::term::0,"The corned beef and pastrami are excellent, much less fatty than those big tourist places around Times Square.",corned beef,corned beef,positive
train,3697,3697::term::1,"The corned beef and pastrami are excellent, much less fatty than those big tourist places around Times Square.",pastrami,pastrami,positive
train,2364,2364::term::0,"Cute place, nice wait staff but would never go there again.",wait staff,wait staff,positive
train,2364,2364::term::1,"Cute place, nice wait staff but would never go there again.",place,place,positive
train,1328,1328::term::0,"Also, the hostess called me today to thank us for coming and mentioned how she hoped that my girlfriend enjoyed her birthday - unexpected, but a truly above and beyond thing to do...",hostess,hostess,positive
train,3588,3588::term::0,people are rude bit again it's new york!,people,people,negative
train,1482,1482::term::0,"The plain slice is great and if you get toppings, the whole slice is topped with them, not sparsely sprinkled on like some places.",plain slice,plain slice,positive
train,1482,1482::term::1,"The plain slice is great and if you get toppings, the whole slice is topped with them, not sparsely sprinkled on like some places.",toppings,toppings,positive
train,1372,1372::term::0,Service was also horrible and the ambience is not that great.,Service,service,negative
train,1372,1372::term::1,Service was also horrible and the ambience is not that great.,ambience,ambience,negative
train,1602,1602::term::0,"Service is great, takeout is good too.",Service,service,positive
train,1602,1602::term::1,"Service is great, takeout is good too.",takeout,takeout,positive
train,1473,1473::term::0,The pizza is overpriced and soggy.,pizza,pizza,negative
train,929,929::term::0,"Everything is excellent, the menu is quite extensive, and you eat with a view on both sides of the city.",menu,menu,positive
train,929,929::term::1,"Everything is excellent, the menu is quite extensive, and you eat with a view on both sides of the city.",view,view,positive
train,1675,1675::term::0,"For the quality of food, a little too expensive.",quality of food,quality of food,negative
train,3220,3220::term::0,Here's to the fake fish tanks too...,fish tanks,fish tanks,negative
train,2395,2395::term::0,Its worth the wait though.,wait,wait,conflict
train,2746,2746::term::0,I've never had bad service and the fish is fresh and delicious.,service,service,positive
train,2746,2746::term::1,I've never had bad service and the fish is fresh and delicious.,fish,fish,positive
train,2718,2718::term::0,"The first time I went, and was completely taken by the live jazz band and atmosphere, I ordered the Lobster Cobb Salad.",live jazz band,live jazz band,positive
train,2718,2718::term::1,"The first time I went, and was completely taken by the live jazz band and atmosphere, I ordered the Lobster Cobb Salad.",atmosphere,atmosphere,positive
train,2718,2718::term::2,"The first time I went, and was completely taken by the live jazz band and atmosphere, I ordered the Lobster Cobb Salad.",Lobster Cobb Salad,lobster cobb salad,neutral
train,2063,2063::term::0,we decided to eat in tea room which was small and cute.,tea room,tea room,positive
train,2691,2691::term::0,What an amazing meal and experience!,meal,meal,positive
train,350,350::term::0,Unique apppetizers.,apppetizers,apppetizers,positive
train,2892,2892::term::0,"The staff has always been attentive and kind, and I've always been amazed at how they've handled all the various different group sizes that come in.",staff,staff,positive
train,3227,3227::term::0,IT is the best deal in town for a Monday night dinner at a fine restaurant.,dinner,dinner,positive
train,3684,3684::term::0,"Also, the sandwiches (nearing $7) didn't come with anything like chips or a side.",sandwiches,sandwiches,negative
train,3684,3684::term::1,"Also, the sandwiches (nearing $7) didn't come with anything like chips or a side.",chips,chips,neutral
train,3684,3684::term::2,"Also, the sandwiches (nearing $7) didn't come with anything like chips or a side.",side,side,neutral
train,2104,2104::term::0,"The wait here is long for dim sum, but if you don't like sharing tables or if the typical raucous dim sum atmosphere is not your gig, this is a sleek (for Chinatown) alternative.",wait,wait,negative
train,2104,2104::term::1,"The wait here is long for dim sum, but if you don't like sharing tables or if the typical raucous dim sum atmosphere is not your gig, this is a sleek (for Chinatown) alternative.",dim sum,dim sum,neutral
train,2104,2104::term::2,"The wait here is long for dim sum, but if you don't like sharing tables or if the typical raucous dim sum atmosphere is not your gig, this is a sleek (for Chinatown) alternative.",dim sum atmosphere,dim sum atmosphere,neutral
train,2104,2104::term::3,"The wait here is long for dim sum, but if you don't like sharing tables or if the typical raucous dim sum atmosphere is not your gig, this is a sleek (for Chinatown) alternative.",tables,tables,positive
train,2037,2037::term::0,"This place has good potential, but needs a significant amount of work before we can justify spending that much money on indian food you can get everywhere else.",money,money,negative
train,2037,2037::term::1,"This place has good potential, but needs a significant amount of work before we can justify spending that much money on indian food you can get everywhere else.",indian food,indian food,neutral
train,693,693::term::0,"Everything is always cooked to perfection, the service is excellent, the decor cool and understated.",service,service,positive
train,693,693::term::1,"Everything is always cooked to perfection, the service is excellent, the decor cool and understated.",decor,decor,positive
train,3184,3184::term::0,The Thai food is good.,Thai food,thai food,positive
train,519,519::term::0,"Great selection of wine, and seafood.",selection of wine,selection of wine,positive
train,519,519::term::1,"Great selection of wine, and seafood.",seafood,seafood,positive
train,379,379::term::0,Acceptable prices.,prices,prices,positive
train,3005,3005::term::0,we were seated at the sushi bar in front of yasuda.,sushi bar,sushi bar,neutral
train,3035,3035::term::0,"As I made the title, it's an affordable restaurant for great taste.",taste,taste,positive
train,2233,2233::term::0,Definitely not worth the price!,price,price,negative
train,905,905::term::0,"Orsay, is a very pleasnt throw back to traditional French food, and French service as well.",French food,french food,positive
train,905,905::term::1,"Orsay, is a very pleasnt throw back to traditional French food, and French service as well.",service,service,positive
train,2965,2965::term::0,It's easy to get a table for a large group and you don't get hustled out.,table,table,positive
train,2405,2405::term::0,Great food at reasonable prices.,food,food,positive
train,2405,2405::term::1,Great food at reasonable prices.,prices,prices,positive
train,1730,1730::term::0,Salads are a delicious way to begin the meal.,Salads,salads,positive
train,1730,1730::term::1,Salads are a delicious way to begin the meal.,meal,meal,positive
train,1120,1120::term::0,"I ordered tamarind duck and my wife ordered noodles with ground beef, and we were both delighted by the way the dishes evoked Thai flavors in unexpected ways.",tamarind duck,tamarind duck,positive
train,1120,1120::term::1,"I ordered tamarind duck and my wife ordered noodles with ground beef, and we were both delighted by the way the dishes evoked Thai flavors in unexpected ways.",noodles with ground beef,noodles with ground beef,positive
train,1120,1120::term::2,"I ordered tamarind duck and my wife ordered noodles with ground beef, and we were both delighted by the way the dishes evoked Thai flavors in unexpected ways.",dishes,dishes,positive
train,1120,1120::term::3,"I ordered tamarind duck and my wife ordered noodles with ground beef, and we were both delighted by the way the dishes evoked Thai flavors in unexpected ways.",Thai flavors,thai flavors,positive
train,3314,3314::term::0,If you've ever been along the river in Weehawken you have an idea of the top of view the chart house has to offer.,view,view,positive
train,3516,3516::term::0,The prices are about $9 for an entree for dinner and even less for lunch.,prices,prices,positive
train,3516,3516::term::1,The prices are about $9 for an entree for dinner and even less for lunch.,entree,entree,positive
train,3516,3516::term::2,The prices are about $9 for an entree for dinner and even less for lunch.,dinner,dinner,neutral
train,3516,3516::term::3,The prices are about $9 for an entree for dinner and even less for lunch.,lunch,lunch,positive
train,2799,2799::term::0,and you can't beat the prices.,prices,prices,positive
train,1668,1668::term::0,Should you happen to be impressed by the cuisine definitely try it.,cuisine,cuisine,positive
train,3264,3264::term::0,"I had the black cod with yuzu sauce, which was wonderful.",black cod with yuzu sauce,black cod with yuzu sauce,positive
train,2922,2922::term::0,Prices too high for this cramped and unappealing resturant.,Prices,prices,negative
train,1357,1357::term::0,Total hipster-wannabe attitude in an otherwise sweet spot.,spot,spot,positive
train,1670,1670::term::0,"Yes, there might be a wait if you have no reservations.",wait,wait,negative
train,1670,1670::term::1,"Yes, there might be a wait if you have no reservations.",reservations,reservations,neutral
train,189,189::term::0,"Everything, from the soft bread, soggy salad, and 50 minute wait time, with an incredibly rude service to deliver below average food.",bread,bread,negative
train,189,189::term::1,"Everything, from the soft bread, soggy salad, and 50 minute wait time, with an incredibly rude service to deliver below average food.",salad,salad,negative
train,189,189::term::2,"Everything, from the soft bread, soggy salad, and 50 minute wait time, with an incredibly rude service to deliver below average food.",service,service,negative
train,189,189::term::3,"Everything, from the soft bread, soggy salad, and 50 minute wait time, with an incredibly rude service to deliver below average food.",food,food,negative
train,189,189::term::4,"Everything, from the soft bread, soggy salad, and 50 minute wait time, with an incredibly rude service to deliver below average food.",wait,wait,negative
train,1488,1488::term::0,The sicilian is my favorite it is moist not dry like most places but all their pizza is great!,pizza,pizza,positive
train,1488,1488::term::1,The sicilian is my favorite it is moist not dry like most places but all their pizza is great!,sicilian,sicilian,positive
train,2190,2190::term::0,Downstairs lounge is always a good attraction,Downstairs lounge,downstairs lounge,positive
train,2653,2653::term::0,The menu prices are a bit expensive for what you get in quality and portion size.,menu prices,menu prices,negative
train,2653,2653::term::1,The menu prices are a bit expensive for what you get in quality and portion size.,quality,quality,negative
train,2653,2653::term::2,The menu prices are a bit expensive for what you get in quality and portion size.,portion size,portion size,negative
train,2973,2973::term::0,"The food was amazing, and the service was prompt and helpful, but not over-bearing or rushed.",food,food,positive
train,2973,2973::term::1,"The food was amazing, and the service was prompt and helpful, but not over-bearing or rushed.",service,service,positive
train,365,365::term::0,"(food was delivered by a busboy, not waiter) We got no cheese offered for the pasta, our water and wine glasses remained EMPTY our entire meal, when we would have easily spent another $20 on wine.",food,food,neutral
train,365,365::term::1,"(food was delivered by a busboy, not waiter) We got no cheese offered for the pasta, our water and wine glasses remained EMPTY our entire meal, when we would have easily spent another $20 on wine.",busboy,busboy,negative
train,365,365::term::2,"(food was delivered by a busboy, not waiter) We got no cheese offered for the pasta, our water and wine glasses remained EMPTY our entire meal, when we would have easily spent another $20 on wine.",waiter,waiter,negative
train,365,365::term::3,"(food was delivered by a busboy, not waiter) We got no cheese offered for the pasta, our water and wine glasses remained EMPTY our entire meal, when we would have easily spent another $20 on wine.",cheese,cheese,negative
train,365,365::term::4,"(food was delivered by a busboy, not waiter) We got no cheese offered for the pasta, our water and wine glasses remained EMPTY our entire meal, when we would have easily spent another $20 on wine.",pasta,pasta,negative
train,365,365::term::5,"(food was delivered by a busboy, not waiter) We got no cheese offered for the pasta, our water and wine glasses remained EMPTY our entire meal, when we would have easily spent another $20 on wine.",water and wine glasses,water and wine glasses,negative
train,365,365::term::6,"(food was delivered by a busboy, not waiter) We got no cheese offered for the pasta, our water and wine glasses remained EMPTY our entire meal, when we would have easily spent another $20 on wine.",wine,wine,neutral
train,365,365::term::7,"(food was delivered by a busboy, not waiter) We got no cheese offered for the pasta, our water and wine glasses remained EMPTY our entire meal, when we would have easily spent another $20 on wine.",meal,meal,neutral
train,136,136::term::0,The takeout is great too since they give high quality tupperware as well.,takeout,takeout,positive
train,2236,2236::term::0,"The food was not fresh, the sauces were bland and very oily.",food,food,negative
train,2236,2236::term::1,"The food was not fresh, the sauces were bland and very oily.",sauces,sauces,negative
train,2483,2483::term::0,Could be pricey without a prix fixe meal.,prix fixe meal,prix fixe meal,negative
train,1096,1096::term::0,This is definitely an excellent date spot because of the ambiance and on the weekends the night scene is more than alive.,ambiance,ambiance,positive
train,1096,1096::term::1,This is definitely an excellent date spot because of the ambiance and on the weekends the night scene is more than alive.,night scene,night scene,positive
train,1096,1096::term::2,This is definitely an excellent date spot because of the ambiance and on the weekends the night scene is more than alive.,spot,spot,positive
train,2366,2366::term::0,One of us actually liked the expresso - that's it.,expresso,expresso,positive
train,3275,3275::term::0,"Again, the waitress was awesome.",waitress,waitress,positive
train,1591,1591::term::0,I loved everythig about it-especially the shows and actors.,shows,shows,positive
train,1591,1591::term::1,I loved everythig about it-especially the shows and actors.,actors,actors,positive
train,2240,2240::term::0,The service was fast and friendly and the food was very tasty and they had the best hot sauce to add to your meals.,service,service,positive
train,2240,2240::term::1,The service was fast and friendly and the food was very tasty and they had the best hot sauce to add to your meals.,food,food,positive
train,2240,2240::term::2,The service was fast and friendly and the food was very tasty and they had the best hot sauce to add to your meals.,hot sauce,hot sauce,positive
train,2240,2240::term::3,The service was fast and friendly and the food was very tasty and they had the best hot sauce to add to your meals.,meals,meals,neutral
train,799,799::term::0,"The food was just OK, I would never go back.",food,food,neutral
train,2923,2923::term::0,Zero ambiance to boot.,ambiance,ambiance,negative
train,2854,2854::term::0,Scalina Fedeli reminded me why service is so integral to fine dining.,service,service,positive
train,2854,2854::term::1,Scalina Fedeli reminded me why service is so integral to fine dining.,dining,dining,positive
train,3392,3392::term::0,i recommend the thai popcorn :),thai popcorn,thai popcorn,positive
train,1844,1844::term::0,"Everything looks great, the drinks, the decor, the food, even the people.",drinks,drinks,positive
train,1844,1844::term::1,"Everything looks great, the drinks, the decor, the food, even the people.",decor,decor,positive
train,1844,1844::term::2,"Everything looks great, the drinks, the decor, the food, even the people.",food,food,positive
train,2859,2859::term::0,As soon as my father lifted his pen from the check a chef appeared to usher us out.,chef,chef,negative
train,2859,2859::term::1,As soon as my father lifted his pen from the check a chef appeared to usher us out.,check,check,neutral
train,2431,2431::term::0,The parathas and kebabs are made when ordered ensuring a level of freshness that is unsurpassed.,parathas,parathas,positive
train,2431,2431::term::1,The parathas and kebabs are made when ordered ensuring a level of freshness that is unsurpassed.,kebabs,kebabs,positive
train,741,741::term::0,The tuna and wasabe potatoes are excellent.,tuna,tuna,positive
train,741,741::term::1,The tuna and wasabe potatoes are excellent.,wasabe potatoes,wasabe potatoes,positive
train,775,775::term::0,The only disappointment was the coat check girls who didn't seem to know what a customer is on a realtively non-busy night (for the coat check girls).,coat check girls,coat check girls,negative
train,775,775::term::1,The only disappointment was the coat check girls who didn't seem to know what a customer is on a realtively non-busy night (for the coat check girls).,coat check girls,coat check girls,negative
train,800,800::term::0,My fiance took me to Scopa last week for my birthday and I couldn't believe the food.,food,food,positive
train,896,896::term::0,Ummm...the beer was cold.,beer,beer,positive
train,1618,1618::term::0,"We had great desserts (including the best cannoli I've ever had) and then they offered an after dinner drink, on the house.",desserts,desserts,positive
train,1618,1618::term::1,"We had great desserts (including the best cannoli I've ever had) and then they offered an after dinner drink, on the house.",cannoli,cannoli,positive
train,1618,1618::term::2,"We had great desserts (including the best cannoli I've ever had) and then they offered an after dinner drink, on the house.",after dinner drink,after dinner drink,positive
train,2254,2254::term::0,"Good crowd, good outdoor seating, with a hip japanese vibe.",outdoor seating,outdoor seating,positive
train,2254,2254::term::1,"Good crowd, good outdoor seating, with a hip japanese vibe.",vibe,vibe,positive
train,894,894::term::0,"Even with the prix fixe pricing, this restaurant is not worth it.",prix fixe pricing,prix fixe pricing,conflict
train,1800,1800::term::0,"We asked to be moved (which took half an hour), and then were seated in a high traffic area in the back, even though the rest of the room was practically empty.",room,room,neutral
train,1800,1800::term::1,"We asked to be moved (which took half an hour), and then were seated in a high traffic area in the back, even though the rest of the room was practically empty.",area,area,negative
train,3253,3253::term::0,"Good to find a restaurant where the owners have some imagination and they have actually pulled it off, like in this case.",owners,owners,positive
train,2411,2411::term::0,"However, their popularity has yet to slow down, and I still find myself drawn to their ambiance and delectable reputation.",ambiance,ambiance,positive
train,3139,3139::term::0,"Where tanks in other Chinatown restaurants display a lurking myriad of sad-looking marine life in their murky waters, the tanks at Ping's are clear as glass with healthy-looking creatures who do not yet know that they will be part of some dim sum lover's brunch.",tanks,tanks,negative
train,3139,3139::term::1,"Where tanks in other Chinatown restaurants display a lurking myriad of sad-looking marine life in their murky waters, the tanks at Ping's are clear as glass with healthy-looking creatures who do not yet know that they will be part of some dim sum lover's brunch.",tanks,tanks,positive
train,3139,3139::term::2,"Where tanks in other Chinatown restaurants display a lurking myriad of sad-looking marine life in their murky waters, the tanks at Ping's are clear as glass with healthy-looking creatures who do not yet know that they will be part of some dim sum lover's brunch.",dim sum,dim sum,neutral
train,3139,3139::term::3,"Where tanks in other Chinatown restaurants display a lurking myriad of sad-looking marine life in their murky waters, the tanks at Ping's are clear as glass with healthy-looking creatures who do not yet know that they will be part of some dim sum lover's brunch.",brunch,brunch,neutral
train,2667,2667::term::0,"The Halibut was too salty, dessert was so so (don't waste any of your calories) and service was poor.",Halibut,halibut,negative
train,2667,2667::term::1,"The Halibut was too salty, dessert was so so (don't waste any of your calories) and service was poor.",dessert,dessert,neutral
train,2667,2667::term::2,"The Halibut was too salty, dessert was so so (don't waste any of your calories) and service was poor.",service,service,negative
train,1002,1002::term::0,"The view is spectacular, and the food is great.",view,view,positive
train,1002,1002::term::1,"The view is spectacular, and the food is great.",food,food,positive
train,1181,1181::term::0,"The place wasn't too hard to find, but it was kind of packed, as soon as my boyfriend and I got our food, the line reached the door.",place,place,conflict
train,1181,1181::term::1,"The place wasn't too hard to find, but it was kind of packed, as soon as my boyfriend and I got our food, the line reached the door.",food,food,neutral
train,1052,1052::term::0,Good bagels and good cream cheese.,bagels,bagels,positive
train,1052,1052::term::1,Good bagels and good cream cheese.,cream cheese,cream cheese,positive
train,2832,2832::term::0,"The food is wonderful, tasty and filling, and the service is professional and friendly.",food,food,positive
train,2832,2832::term::1,"The food is wonderful, tasty and filling, and the service is professional and friendly.",service,service,positive
train,265,265::term::0,It is also extremely well priced.,priced,priced,positive
train,1739,1739::term::0,Always great service!,service,service,positive
train,2057,2057::term::0,I am happy i did the food was awsome.,food,food,positive
train,883,883::term::0,"We ordered the chicken casserole, but what we got were a few small pieces of chicken, all dark meat and on the bone.",chicken casserole,chicken casserole,negative
train,883,883::term::1,"We ordered the chicken casserole, but what we got were a few small pieces of chicken, all dark meat and on the bone.",chicken,chicken,negative
train,883,883::term::2,"We ordered the chicken casserole, but what we got were a few small pieces of chicken, all dark meat and on the bone.",meat,meat,negative
train,834,834::term::0,A bit breezy up there on the mezzanine from the wind coming from the tracks.,mezzanine,mezzanine,negative
train,1968,1968::term::0,I went to DF for Valentines Day dinner.,Valentines Day dinner,valentines day dinner,neutral
train,237,237::term::0,"I recommend the jelly fish, drunken chicken and the soupy dumplings, certainly the stir fry blue crab.",jelly fish,jelly fish,positive
train,237,237::term::1,"I recommend the jelly fish, drunken chicken and the soupy dumplings, certainly the stir fry blue crab.",drunken chicken,drunken chicken,positive
train,237,237::term::2,"I recommend the jelly fish, drunken chicken and the soupy dumplings, certainly the stir fry blue crab.",soupy dumplings,soupy dumplings,positive
train,237,237::term::3,"I recommend the jelly fish, drunken chicken and the soupy dumplings, certainly the stir fry blue crab.",stir fry blue crab,stir fry blue crab,positive
train,1583,1583::term::0,I LOVED THE SHOWS.,SHOWS,shows,positive
train,2638,2638::term::0,We could have made a meal of the yummy dumplings from the dumpling menu.,dumplings,dumplings,positive
train,2638,2638::term::1,We could have made a meal of the yummy dumplings from the dumpling menu.,meal,meal,positive
train,2638,2638::term::2,We could have made a meal of the yummy dumplings from the dumpling menu.,dumpling menu,dumpling menu,positive
train,838,838::term::0,The aesthetics of this place are like an airport lounge.,aesthetics,aesthetics,negative
train,838,838::term::1,The aesthetics of this place are like an airport lounge.,place,place,negative
train,3377,3377::term::0,"Then, get ripped on free box wine.",box wine,box wine,positive
train,2886,2886::term::0,My wife and I ate here earlier this week and have not stopped ranting and raving about the food.,food,food,positive
train,2753,2753::term::0,"If you don't mind pre-sliced low quality fish, unfriendly staff and a sushi chef that looks like he is miserable then this is your place.",fish,fish,negative
train,2753,2753::term::1,"If you don't mind pre-sliced low quality fish, unfriendly staff and a sushi chef that looks like he is miserable then this is your place.",staff,staff,negative
train,2753,2753::term::2,"If you don't mind pre-sliced low quality fish, unfriendly staff and a sushi chef that looks like he is miserable then this is your place.",sushi chef,sushi chef,negative
train,891,891::term::0,The food itself was just ok - nothing spectacular - but the service was awful.,food,food,neutral
train,891,891::term::1,The food itself was just ok - nothing spectacular - but the service was awful.,service,service,negative
train,1469,1469::term::0,The pizza is yummy and I like the atmoshpere.,pizza,pizza,positive
train,1469,1469::term::1,The pizza is yummy and I like the atmoshpere.,atmoshpere,atmoshpere,positive
train,3565,3565::term::0,"As there were so many to choose from we wandered up and down the street looking in the windows and such noticicing many empty seats ,except at Taj Mahal.",seats,seats,negative
train,347,347::term::0,"Also, don't plan on asking for your favorite roll, if it's not on the menu, you can't have it.",roll,roll,negative
train,347,347::term::1,"Also, don't plan on asking for your favorite roll, if it's not on the menu, you can't have it.",menu,menu,negative
train,1691,1691::term::0,Good food.,food,food,positive
train,2117,2117::term::0,"those rolls were big, but not good and sashimi wasn't fresh.",rolls,rolls,conflict
train,2117,2117::term::1,"those rolls were big, but not good and sashimi wasn't fresh.",sashimi,sashimi,negative
train,2593,2593::term::0,"The pesto pizza was excellent, thin-crust pizza with a nice amount of spicy Italian cheese that I'd never heard of before.",pesto pizza,pesto pizza,positive
train,2593,2593::term::1,"The pesto pizza was excellent, thin-crust pizza with a nice amount of spicy Italian cheese that I'd never heard of before.",Italian cheese,italian cheese,positive
train,2593,2593::term::2,"The pesto pizza was excellent, thin-crust pizza with a nice amount of spicy Italian cheese that I'd never heard of before.",thin-crust pizza,thin-crust pizza,positive
train,2076,2076::term::0,"try the spicy shrimp appetizer (again, not the greatest value in the world but worth the price) and the lamb vindaloo is great.",shrimp appetizer,shrimp appetizer,positive
train,2076,2076::term::1,"try the spicy shrimp appetizer (again, not the greatest value in the world but worth the price) and the lamb vindaloo is great.",price,price,conflict
train,2076,2076::term::2,"try the spicy shrimp appetizer (again, not the greatest value in the world but worth the price) and the lamb vindaloo is great.",lamb vindaloo,lamb vindaloo,positive
train,3056,3056::term::0,"However, go for the ambience, and consider the food just a companion for a trip across the world!",ambience,ambience,positive
train,3056,3056::term::1,"However, go for the ambience, and consider the food just a companion for a trip across the world!",food,food,negative
train,1666,1666::term::0,Food was good not great not worth the wait or another visit,Food,food,conflict
train,1666,1666::term::1,Food was good not great not worth the wait or another visit,wait,wait,negative
train,2631,2631::term::0,"I have had so many dinners here and it's always been perfect - on a date with my husband, with my mom, with girlfriends and larger groups.",dinners,dinners,positive
train,1979,1979::term::0,"When you want a piece of beef, head on over.",beef,beef,positive
train,2436,2436::term::0,"Delicate spices, onions, eggs and a kick-ass roti.",spices,spices,positive
train,2436,2436::term::1,"Delicate spices, onions, eggs and a kick-ass roti.",onions,onions,positive
train,2436,2436::term::2,"Delicate spices, onions, eggs and a kick-ass roti.",eggs,eggs,positive
train,2436,2436::term::3,"Delicate spices, onions, eggs and a kick-ass roti.",roti,roti,positive
train,1384,1384::term::0,Incredible food at a very agreable price brings me back just about every other day to this authentic Thai restaurant.,food,food,positive
train,1384,1384::term::1,Incredible food at a very agreable price brings me back just about every other day to this authentic Thai restaurant.,price,price,positive
train,3137,3137::term::0,"Also, if you don't want to sit at a certain table, you don't have to!",table,table,positive
train,3698,3698::term::0,The menu has lots of options: I hope to go back to try those potato pancakes.,menu,menu,positive
train,3698,3698::term::1,The menu has lots of options: I hope to go back to try those potato pancakes.,potato pancakes,potato pancakes,positive
train,1167,1167::term::0,As soon as I wake up on a saturday or sunday it is the first thing on my mind is when and how I will be getting to fried dumpling.,fried dumpling,fried dumpling,positive
train,3,3::term::0,"The staff isn't the friendliest or most competent, and I am stickler for service, but everything else about this place makes up for it.",staff,staff,negative
train,3,3::term::1,"The staff isn't the friendliest or most competent, and I am stickler for service, but everything else about this place makes up for it.",service,service,negative
train,1457,1457::term::0,"My wife and I will usually only order one primi and one secondi and split them, as they tend to offer large portions.",primi,primi,positive
train,1457,1457::term::1,"My wife and I will usually only order one primi and one secondi and split them, as they tend to offer large portions.",secondi,secondi,positive
train,1457,1457::term::2,"My wife and I will usually only order one primi and one secondi and split them, as they tend to offer large portions.",portions,portions,positive
train,1530,1530::term::0,I've overheard comments from him to his employees that should not have been delivered in the dining area and I've been sitting there while he lectured another customer.,employees,employees,negative
train,1530,1530::term::1,I've overheard comments from him to his employees that should not have been delivered in the dining area and I've been sitting there while he lectured another customer.,dining area,dining area,neutral
train,2997,2997::term::0,Delicious crab cakes too.,crab cakes,crab cakes,positive
train,36,36::term::0,This was the worst dining experience I've ever had.,dining experience,dining experience,negative
train,77,77::term::0,I have been coming here for years and have nothing but good things to say about the service and the great staff at La Lanterna.,service,service,positive
train,77,77::term::1,I have been coming here for years and have nothing but good things to say about the service and the great staff at La Lanterna.,staff,staff,positive
train,2087,2087::term::0,Just bring someone who speaks Cantonese because waiter may not understand you.,waiter,waiter,negative
train,540,540::term::0,The bruschetta and panini's are so yummy!,bruschetta,bruschetta,positive
train,540,540::term::1,The bruschetta and panini's are so yummy!,panini,panini,positive
train,3150,3150::term::0,"Food was okay, nothing great.",Food,food,neutral
train,1799,1799::term::0,Every waitress and customer who passed by me bumped into my chair.,waitress,waitress,neutral
train,657,657::term::0,"Always popular, always full, always a wait.",wait,wait,negative
train,1433,1433::term::0,It is run by the same Sichuan chef who started the chain in Chinatown.,Sichuan chef,sichuan chef,neutral
train,1200,1200::term::0,"If the omakase is to showcase technique and variety, serving almost 40% of items BBQ-ed and a spicy tuna roll wrapped with not-so-fresh nori seems to be a rather limp performance.",spicy tuna roll,spicy tuna roll,negative
train,1200,1200::term::1,"If the omakase is to showcase technique and variety, serving almost 40% of items BBQ-ed and a spicy tuna roll wrapped with not-so-fresh nori seems to be a rather limp performance.",serving,serving,neutral
train,1200,1200::term::2,"If the omakase is to showcase technique and variety, serving almost 40% of items BBQ-ed and a spicy tuna roll wrapped with not-so-fresh nori seems to be a rather limp performance.",nori,nori,negative
train,2833,2833::term::0,"I can't wait for summer, when they serve outside on their gigantic patio.",patio,patio,positive
train,3707,3707::term::0,Best Pastrami I ever had and great portion without being ridiculous.,Pastrami,pastrami,positive
train,3707,3707::term::1,Best Pastrami I ever had and great portion without being ridiculous.,portion,portion,positive
train,3267,3267::term::0,"If you are someone who appreciates the same things but hope to have food to spare or share, Kai may not be the best option.",food,food,neutral
train,3098,3098::term::0,go here for the drinks!,drinks,drinks,positive
train,1867,1867::term::0,"The first 2 courses were very good, but the chocolate sampler was too rich for me and the dessert wine far too sweet.",courses,courses,positive
train,1867,1867::term::1,"The first 2 courses were very good, but the chocolate sampler was too rich for me and the dessert wine far too sweet.",chocolate sampler,chocolate sampler,negative
train,1867,1867::term::2,"The first 2 courses were very good, but the chocolate sampler was too rich for me and the dessert wine far too sweet.",dessert wine,dessert wine,negative
train,2026,2026::term::0,"Butter was melted, white wine warm, cheese oozing everywhere.",Butter,butter,negative
train,2026,2026::term::1,"Butter was melted, white wine warm, cheese oozing everywhere.",white wine,white wine,negative
train,2026,2026::term::2,"Butter was melted, white wine warm, cheese oozing everywhere.",cheese,cheese,negative
train,273,273::term::0,We had a party in their private room and they made it truly memorable and were very helpful in the planning.,private room,private room,neutral
train,1318,1318::term::0,"It cannot be the ambience, because the place is very cramped and some guests have to sit in an aisle.",ambience,ambience,negative
train,1318,1318::term::1,"It cannot be the ambience, because the place is very cramped and some guests have to sit in an aisle.",place,place,negative
train,1318,1318::term::2,"It cannot be the ambience, because the place is very cramped and some guests have to sit in an aisle.",aisle,aisle,negative
train,2011,2011::term::0,We were disappointed with the pre-fixe menu of only 2 choices per course (other restaurants offer 3 choices) and ended up ordering a la carte.,pre-fixe menu,pre-fixe menu,negative
train,2011,2011::term::1,We were disappointed with the pre-fixe menu of only 2 choices per course (other restaurants offer 3 choices) and ended up ordering a la carte.,choices per course,choices per course,neutral
train,2011,2011::term::2,We were disappointed with the pre-fixe menu of only 2 choices per course (other restaurants offer 3 choices) and ended up ordering a la carte.,ordering a la carte,ordering a la carte,negative
train,1563,1563::term::0,Authentic Pakistani food.,Pakistani food,pakistani food,positive
train,3235,3235::term::0,"The staff has always been friendly without seeming grating, and the chef has greeted us on a couple of occasions.",staff,staff,positive
train,3235,3235::term::1,"The staff has always been friendly without seeming grating, and the chef has greeted us on a couple of occasions.",chef,chef,positive
train,1459,1459::term::0,"The eggplant parmesan is also great, and my friend who grew up in Manhattan claims that no one serves a better baked ziti with meatsauce.",eggplant parmesan,eggplant parmesan,positive
train,1459,1459::term::1,"The eggplant parmesan is also great, and my friend who grew up in Manhattan claims that no one serves a better baked ziti with meatsauce.",baked ziti with meatsauce,baked ziti with meatsauce,positive
train,1459,1459::term::2,"The eggplant parmesan is also great, and my friend who grew up in Manhattan claims that no one serves a better baked ziti with meatsauce.",serves,serves,positive
train,1597,1597::term::0,"Quality ingredients preparation all around, and a very fair price for NYC.",ingredients,ingredients,positive
train,1597,1597::term::1,"Quality ingredients preparation all around, and a very fair price for NYC.",price,price,positive
train,910,910::term::0,"Service was very good - prompt, attentive and non-intrusive.",Service,service,positive
train,1441,1441::term::0,"My entree of hot pot with seafood was full of imitation crabmeat with a couple pieces of shrimp and squid, and was unnecessarily heated with a burner.",hot pot with seafood,hot pot with seafood,negative
train,1441,1441::term::1,"My entree of hot pot with seafood was full of imitation crabmeat with a couple pieces of shrimp and squid, and was unnecessarily heated with a burner.",shrimp,shrimp,negative
train,1441,1441::term::2,"My entree of hot pot with seafood was full of imitation crabmeat with a couple pieces of shrimp and squid, and was unnecessarily heated with a burner.",squid,squid,negative
train,1441,1441::term::3,"My entree of hot pot with seafood was full of imitation crabmeat with a couple pieces of shrimp and squid, and was unnecessarily heated with a burner.",entree,entree,positive
train,1441,1441::term::4,"My entree of hot pot with seafood was full of imitation crabmeat with a couple pieces of shrimp and squid, and was unnecessarily heated with a burner.",crabmeat,crabmeat,negative
train,2016,2016::term::0,We began with the cheese fondue (the artisanal blend) and added apples and kielbasa to dip.,cheese fondue,cheese fondue,neutral
train,2016,2016::term::1,We began with the cheese fondue (the artisanal blend) and added apples and kielbasa to dip.,kielbasa,kielbasa,neutral
train,2016,2016::term::2,We began with the cheese fondue (the artisanal blend) and added apples and kielbasa to dip.,apples,apples,neutral
train,733,733::term::0,"In such a crappy part of town to find a good value for lunch, this place is great.",value,value,positive
train,733,733::term::1,"In such a crappy part of town to find a good value for lunch, this place is great.",lunch,lunch,positive
train,3328,3328::term::0,"Its not curry in a slurry crap, and regular run of the mill food.",curry,curry,neutral
train,3328,3328::term::1,"Its not curry in a slurry crap, and regular run of the mill food.",food,food,neutral
train,1305,1305::term::0,"In fact, while leaving the place we saw two people looking at the menu, and I couldn't help telling them that the food was horrible.",food,food,negative
train,1305,1305::term::1,"In fact, while leaving the place we saw two people looking at the menu, and I couldn't help telling them that the food was horrible.",menu,menu,neutral
train,1951,1951::term::0,"Even though the restaurant was packed, we were seated promptly and even asked for a table upstairs with no problems.",table,table,positive
train,1951,1951::term::1,"Even though the restaurant was packed, we were seated promptly and even asked for a table upstairs with no problems.",seated,seated,positive
train,1438,1438::term::0,"If you want Americanized Chinese food with your usual watery, generic white sauce, this is your place.",white sauce,white sauce,negative
train,1438,1438::term::1,"If you want Americanized Chinese food with your usual watery, generic white sauce, this is your place.",Chinese food,chinese food,neutral
train,2418,2418::term::0,"The bread is the soft paratha bread (unlike the plain bread they use in Calcutta), and the stuffing is tandoori styled and very flavorful.",bread,bread,positive
train,2418,2418::term::1,"The bread is the soft paratha bread (unlike the plain bread they use in Calcutta), and the stuffing is tandoori styled and very flavorful.",paratha bread,paratha bread,positive
train,2418,2418::term::2,"The bread is the soft paratha bread (unlike the plain bread they use in Calcutta), and the stuffing is tandoori styled and very flavorful.",bread,bread,negative
train,2418,2418::term::3,"The bread is the soft paratha bread (unlike the plain bread they use in Calcutta), and the stuffing is tandoori styled and very flavorful.",stuffing,stuffing,positive
train,2418,2418::term::4,"The bread is the soft paratha bread (unlike the plain bread they use in Calcutta), and the stuffing is tandoori styled and very flavorful.",tandoori,tandoori,positive
train,2555,2555::term::0,"Service is friendly, prices are good - delivery time was a little slow, but for the way this pizza tastes, I'm willing to overlook it.",Service,service,positive
train,2555,2555::term::1,"Service is friendly, prices are good - delivery time was a little slow, but for the way this pizza tastes, I'm willing to overlook it.",prices,prices,positive
train,2555,2555::term::2,"Service is friendly, prices are good - delivery time was a little slow, but for the way this pizza tastes, I'm willing to overlook it.",delivery time,delivery time,negative
train,2555,2555::term::3,"Service is friendly, prices are good - delivery time was a little slow, but for the way this pizza tastes, I'm willing to overlook it.",pizza,pizza,positive
train,2688,2688::term::0,The food can get pricey but the prixe fixe tasting menu is the greatest food for a good price and they cater the food to any food allergies or food you don't like.,food,food,conflict
train,2688,2688::term::1,The food can get pricey but the prixe fixe tasting menu is the greatest food for a good price and they cater the food to any food allergies or food you don't like.,food,food,positive
train,2688,2688::term::2,The food can get pricey but the prixe fixe tasting menu is the greatest food for a good price and they cater the food to any food allergies or food you don't like.,price,price,positive
train,2688,2688::term::3,The food can get pricey but the prixe fixe tasting menu is the greatest food for a good price and they cater the food to any food allergies or food you don't like.,food,food,positive
train,2688,2688::term::4,The food can get pricey but the prixe fixe tasting menu is the greatest food for a good price and they cater the food to any food allergies or food you don't like.,food,food,neutral
train,2688,2688::term::5,The food can get pricey but the prixe fixe tasting menu is the greatest food for a good price and they cater the food to any food allergies or food you don't like.,food,food,negative
train,2737,2737::term::0,"The service is excellent, the decor is great, and the food is delicious and comes in large portions.",service,service,positive
train,2737,2737::term::1,"The service is excellent, the decor is great, and the food is delicious and comes in large portions.",decor,decor,positive
train,2737,2737::term::2,"The service is excellent, the decor is great, and the food is delicious and comes in large portions.",food,food,positive
train,2737,2737::term::3,"The service is excellent, the decor is great, and the food is delicious and comes in large portions.",portions,portions,positive
train,2440,2440::term::0,An excellent service,service,service,positive
train,1570,1570::term::0,"The food however, is what one might expect.",food,food,neutral
train,2244,2244::term::0,I LOVE their Thai noodles with shrimp and chicken and coconut juice is the MUST!,Thai noodles with shrimp and chicken and coconut juice,thai noodles with shrimp and chicken and coconut juice,positive
train,3606,3606::term::0,The pizza was really good.,pizza,pizza,positive
train,1454,1454::term::0,"The only possible drawback to this last point is that as of the date of this posting, the additional menu items are only written in Chinese.",menu items,menu items,negative
train,3543,3543::term::0,"Food is average, and I would say even the chain restaurant Baluchi's tastes better.",Food,food,neutral
train,1206,1206::term::0,The place is small and cramped but the food is fantastic.,place,place,negative
train,1206,1206::term::1,The place is small and cramped but the food is fantastic.,food,food,positive
train,2648,2648::term::0,The food is tasty and portion sizes are appropriate.,food,food,positive
train,2648,2648::term::1,The food is tasty and portion sizes are appropriate.,portion sizes,portion sizes,positive
train,493,493::term::0,Kosher dills are the perfect compliment for your unforgetable sandwich and they give you plenty of them.,Kosher dills,kosher dills,positive
train,493,493::term::1,Kosher dills are the perfect compliment for your unforgetable sandwich and they give you plenty of them.,sandwich,sandwich,positive
train,621,621::term::0,The entertainment was great they have shows that go on through out the dinner.,shows,shows,positive
train,621,621::term::1,The entertainment was great they have shows that go on through out the dinner.,dinner,dinner,neutral
train,621,621::term::2,The entertainment was great they have shows that go on through out the dinner.,entertainment,entertainment,positive
train,238,238::term::0,The food is so cheap and the waiters are nice.,food,food,positive
train,238,238::term::1,The food is so cheap and the waiters are nice.,waiters,waiters,positive
train,1164,1164::term::0,The food there is so good that even to order out the wait is incredible.,food,food,positive
train,1164,1164::term::1,The food there is so good that even to order out the wait is incredible.,wait,wait,negative
train,30,30::term::0,The bartender on my most recent visit was so incredibly rude that I will never go back.,bartender,bartender,negative
train,2273,2273::term::0,"Their sushi, Kamikaze and other Rolls are fresh and well presented.",sushi,sushi,positive
train,2273,2273::term::1,"Their sushi, Kamikaze and other Rolls are fresh and well presented.",Kamikaze,kamikaze,positive
train,2273,2273::term::2,"Their sushi, Kamikaze and other Rolls are fresh and well presented.",Rolls,rolls,positive
train,429,429::term::0,"For authentic Thai food, look no further than Toons.",Thai food,thai food,positive
train,1846,1846::term::0,"The highlight of the night was the mayonaisse for my side of fries I received from one of the food runners, which is not good considering the bill was nearly $100.",mayonaisse,mayonaisse,negative
train,1846,1846::term::1,"The highlight of the night was the mayonaisse for my side of fries I received from one of the food runners, which is not good considering the bill was nearly $100.",food runners,food runners,neutral
train,1846,1846::term::2,"The highlight of the night was the mayonaisse for my side of fries I received from one of the food runners, which is not good considering the bill was nearly $100.",bill,bill,negative
train,1846,1846::term::3,"The highlight of the night was the mayonaisse for my side of fries I received from one of the food runners, which is not good considering the bill was nearly $100.",fries,fries,negative
train,958,958::term::0,"I choose to go with one of the special, the braised lamb shank in red wine, which was excellent.",braised lamb shank in red wine,braised lamb shank in red wine,positive
train,958,958::term::1,"I choose to go with one of the special, the braised lamb shank in red wine, which was excellent.",special,special,positive
train,110,110::term::0,"If anyones has doubt of not knowing enough about wines,please check their wine list.",wines,wines,neutral
train,110,110::term::1,"If anyones has doubt of not knowing enough about wines,please check their wine list.",wine list,wine list,positive
train,2402,2402::term::0,"The only concern i have is with the slighly all-business waitstaff who order and throw the food down, rushing you out.",waitstaff,waitstaff,negative
train,2402,2402::term::1,"The only concern i have is with the slighly all-business waitstaff who order and throw the food down, rushing you out.",food,food,neutral
train,1612,1612::term::0,Have the iced tea.,iced tea,iced tea,positive
train,3401,3401::term::0,"Small servings for main entree, i had salmon (wasnt impressed) girlfriend had chicken, it was good.",salmon,salmon,negative
train,3401,3401::term::1,"Small servings for main entree, i had salmon (wasnt impressed) girlfriend had chicken, it was good.",chicken,chicken,positive
train,3401,3401::term::2,"Small servings for main entree, i had salmon (wasnt impressed) girlfriend had chicken, it was good.",servings,servings,negative
train,3401,3401::term::3,"Small servings for main entree, i had salmon (wasnt impressed) girlfriend had chicken, it was good.",entree,entree,negative
train,1226,1226::term::0,you can actually get 2 salads worth if u take it home and add it to some lettuce!,salads,salads,negative
train,1226,1226::term::1,you can actually get 2 salads worth if u take it home and add it to some lettuce!,lettuce,lettuce,neutral
train,3544,3544::term::0,The ambience is very romantic and definitely a good place to bring a date.,ambience,ambience,positive
train,3544,3544::term::1,The ambience is very romantic and definitely a good place to bring a date.,place,place,positive
train,3688,3688::term::0,"It is far more popular as a bar than as a restaurant, with only a few tables and the waiter being the bartender, but we greatly enjoyed the unobtrusive atmosphere.",bar,bar,positive
train,3688,3688::term::1,"It is far more popular as a bar than as a restaurant, with only a few tables and the waiter being the bartender, but we greatly enjoyed the unobtrusive atmosphere.",tables,tables,negative
train,3688,3688::term::2,"It is far more popular as a bar than as a restaurant, with only a few tables and the waiter being the bartender, but we greatly enjoyed the unobtrusive atmosphere.",waiter,waiter,neutral
train,3688,3688::term::3,"It is far more popular as a bar than as a restaurant, with only a few tables and the waiter being the bartender, but we greatly enjoyed the unobtrusive atmosphere.",bartender,bartender,neutral
train,3688,3688::term::4,"It is far more popular as a bar than as a restaurant, with only a few tables and the waiter being the bartender, but we greatly enjoyed the unobtrusive atmosphere.",atmosphere,atmosphere,positive
train,1182,1182::term::0,"The food is very good for it's price, better than most fried dumplings I've had.",food,food,positive
train,1182,1182::term::1,"The food is very good for it's price, better than most fried dumplings I've had.",price,price,positive
train,1182,1182::term::2,"The food is very good for it's price, better than most fried dumplings I've had.",fried dumplings,fried dumplings,negative
train,1303,1303::term::0,There are much better places in NY with better prices.,prices,prices,negative
train,212,212::term::0,Obv caviar is top of the line but the rest of the menu is so diverse it gives you a chance to taste so manydifferent varietys.,Obv caviar,obv caviar,positive
train,212,212::term::1,Obv caviar is top of the line but the rest of the menu is so diverse it gives you a chance to taste so manydifferent varietys.,menu,menu,positive
train,1313,1313::term::0,I ate here a week ago and found most dishes average at best and too expensive.,dishes,dishes,negative
train,2902,2902::term::0,"Still, try it once, since if you end up loving the food, it could be one of your best dining experiences.",food,food,neutral
train,2902,2902::term::1,"Still, try it once, since if you end up loving the food, it could be one of your best dining experiences.",dining experiences,dining experiences,positive
train,415,415::term::0,I've waited over one hour for food.,food,food,neutral
train,2822,2822::term::0,"Other guests enjoyed pizza, santa fe chopped salad and fish and chips.",pizza,pizza,positive
train,2822,2822::term::1,"Other guests enjoyed pizza, santa fe chopped salad and fish and chips.",santa fe chopped salad,santa fe chopped salad,positive
train,2822,2822::term::2,"Other guests enjoyed pizza, santa fe chopped salad and fish and chips.",fish and chips,fish and chips,positive
train,3268,3268::term::0,The ambience is very calm and quiet.,ambience,ambience,positive
train,1100,1100::term::0,"Both times I was extremely dissappointed by the service, which was boarderline rude.",service,service,negative
train,3345,3345::term::0,"not only does make the best pizza in NY , maybe anywhere.",pizza,pizza,positive
train,1786,1786::term::0,The spicy Tuna roll is huge and probably the best that I've had at this price range.,Tuna roll,tuna roll,positive
train,1786,1786::term::1,The spicy Tuna roll is huge and probably the best that I've had at this price range.,price range,price range,positive
train,2754,2754::term::0,Price and quality of fish alone will keep us from making a return visit.,Price,price,negative
train,2754,2754::term::1,Price and quality of fish alone will keep us from making a return visit.,fish,fish,negative
train,2754,2754::term::2,Price and quality of fish alone will keep us from making a return visit.,quality,quality,negative
train,1942,1942::term::0,Our waiter and all of the people helping him were attentive and genuine.,waiter,waiter,positive
train,1894,1894::term::0,The place is a BISTRO which means: simple dishes and wine served efficiently in a bustling atmosphere.,place,place,positive
train,1894,1894::term::1,The place is a BISTRO which means: simple dishes and wine served efficiently in a bustling atmosphere.,dishes,dishes,positive
train,1894,1894::term::2,The place is a BISTRO which means: simple dishes and wine served efficiently in a bustling atmosphere.,wine,wine,positive
train,1894,1894::term::3,The place is a BISTRO which means: simple dishes and wine served efficiently in a bustling atmosphere.,atmosphere,atmosphere,positive
train,1894,1894::term::4,The place is a BISTRO which means: simple dishes and wine served efficiently in a bustling atmosphere.,served,served,positive
train,153,153::term::0,This is one of the best comfort food places in the city.,comfort food,comfort food,positive
train,1346,1346::term::0,"Overall, the ingredients and technique are there and I am encouraged enough to return at lunch or dinner to see whether the boldness of the flavour palette improves.",ingredients,ingredients,positive
train,1346,1346::term::1,"Overall, the ingredients and technique are there and I am encouraged enough to return at lunch or dinner to see whether the boldness of the flavour palette improves.",technique,technique,positive
train,1346,1346::term::2,"Overall, the ingredients and technique are there and I am encouraged enough to return at lunch or dinner to see whether the boldness of the flavour palette improves.",lunch,lunch,neutral
train,1346,1346::term::3,"Overall, the ingredients and technique are there and I am encouraged enough to return at lunch or dinner to see whether the boldness of the flavour palette improves.",dinner,dinner,neutral
train,3585,3585::term::0,I had a huge pastrami sandwich on a roll.,pastrami sandwich,pastrami sandwich,positive
train,204,204::term::0,"Though you will undoubtedly be seated at a table with what seems like barely enough room (no matter what the size of your party), the warm atomosphere is worth the cramped quarters- you'll have fun and forgot about the tight spot you're in.",table,table,negative
train,204,204::term::1,"Though you will undoubtedly be seated at a table with what seems like barely enough room (no matter what the size of your party), the warm atomosphere is worth the cramped quarters- you'll have fun and forgot about the tight spot you're in.",atomosphere,atomosphere,positive
train,204,204::term::2,"Though you will undoubtedly be seated at a table with what seems like barely enough room (no matter what the size of your party), the warm atomosphere is worth the cramped quarters- you'll have fun and forgot about the tight spot you're in.",room,room,negative
train,204,204::term::3,"Though you will undoubtedly be seated at a table with what seems like barely enough room (no matter what the size of your party), the warm atomosphere is worth the cramped quarters- you'll have fun and forgot about the tight spot you're in.",spot,spot,negative
train,3216,3216::term::0,The fish was not fresh and the rice tasted old and stale.,fish,fish,negative
train,3216,3216::term::1,The fish was not fresh and the rice tasted old and stale.,rice,rice,negative
train,1686,1686::term::0,"Considering their price of $6.25 for lunch special, the dish was ridiculously small.",price,price,negative
train,1686,1686::term::1,"Considering their price of $6.25 for lunch special, the dish was ridiculously small.",dish,dish,negative
train,1686,1686::term::2,"Considering their price of $6.25 for lunch special, the dish was ridiculously small.",lunch special,lunch special,negative
train,2419,2419::term::0,This is the pinnacle of Indian Fast Food (all fast foods in my opinion).,Indian Fast Food,indian fast food,positive
train,713,713::term::0,"Besides, when you have bad service, that's less money you have to tip.",service,service,negative
train,713,713::term::1,"Besides, when you have bad service, that's less money you have to tip.",money,money,negative
train,713,713::term::2,"Besides, when you have bad service, that's less money you have to tip.",tip,tip,negative
train,97,97::term::0,The wine list is also really nice.,wine list,wine list,positive
train,329,329::term::0,"Service was devine, oysters where a sensual as they come, and the price can't be beat!!!",Service,service,positive
train,329,329::term::1,"Service was devine, oysters where a sensual as they come, and the price can't be beat!!!",oysters,oysters,positive
train,329,329::term::2,"Service was devine, oysters where a sensual as they come, and the price can't be beat!!!",price,price,positive
train,1067,1067::term::0,"Compared to Ess-a, Tal offers a less doughy bagel!",bagel,bagel,negative
train,98,98::term::0,Ballato's is consistently delicious authentic italian food.,italian food,italian food,positive
train,2006,2006::term::0,"The service was attentive, yet discreet.",service,service,positive
train,690,690::term::0,For those prices and the dressed up atmosphere you expect more and should get more.,prices,prices,negative
train,690,690::term::1,For those prices and the dressed up atmosphere you expect more and should get more.,atmosphere,atmosphere,negative
train,2272,2272::term::0,They offer the same menu but have creative drinks that are loaded with alcohol and cheeky names -- but they do cost you.,menu,menu,neutral
train,2272,2272::term::1,They offer the same menu but have creative drinks that are loaded with alcohol and cheeky names -- but they do cost you.,drinks,drinks,positive
train,601,601::term::0,We went to eat at the Jekyll and Hyde restaurant on Friday night and really enjoyed the fun atmosphere and good food.,atmosphere,atmosphere,positive
train,601,601::term::1,We went to eat at the Jekyll and Hyde restaurant on Friday night and really enjoyed the fun atmosphere and good food.,food,food,positive
train,615,615::term::0,The food was pretty tradional but it was hot and good with large portions.,food,food,positive
train,615,615::term::1,The food was pretty tradional but it was hot and good with large portions.,portions,portions,positive
train,2525,2525::term::0,"Unless you are eating in the Pizzeria side of this place, and are not in a rush, this place is a bad idea.",place,place,negative
train,2525,2525::term::1,"Unless you are eating in the Pizzeria side of this place, and are not in a rush, this place is a bad idea.",place,place,negative
train,1190,1190::term::0,You have to increase the service a lot.,service,service,negative
train,2336,2336::term::0,Ambiance is barely romantic but management tries.,Ambiance,ambiance,negative
train,2336,2336::term::1,Ambiance is barely romantic but management tries.,management,management,positive
train,3265,3265::term::0,"I must warn the reader that the portions sizes are very small (especially the appetizers), so if you plan to eat until you are full and do not intend to order the chef's special tasting menu, prepare to order and pay for an appetizer (1 dish for each person because the portions are not for sharing), a main entree, and the cold udon at the end of the meal.",portions,portions,negative
train,3265,3265::term::1,"I must warn the reader that the portions sizes are very small (especially the appetizers), so if you plan to eat until you are full and do not intend to order the chef's special tasting menu, prepare to order and pay for an appetizer (1 dish for each person because the portions are not for sharing), a main entree, and the cold udon at the end of the meal.",appetizers,appetizers,negative
train,3265,3265::term::2,"I must warn the reader that the portions sizes are very small (especially the appetizers), so if you plan to eat until you are full and do not intend to order the chef's special tasting menu, prepare to order and pay for an appetizer (1 dish for each person because the portions are not for sharing), a main entree, and the cold udon at the end of the meal.",appetizer,appetizer,negative
train,3265,3265::term::3,"I must warn the reader that the portions sizes are very small (especially the appetizers), so if you plan to eat until you are full and do not intend to order the chef's special tasting menu, prepare to order and pay for an appetizer (1 dish for each person because the portions are not for sharing), a main entree, and the cold udon at the end of the meal.",main entree,main entree,neutral
train,3265,3265::term::4,"I must warn the reader that the portions sizes are very small (especially the appetizers), so if you plan to eat until you are full and do not intend to order the chef's special tasting menu, prepare to order and pay for an appetizer (1 dish for each person because the portions are not for sharing), a main entree, and the cold udon at the end of the meal.",cold udon,cold udon,neutral
train,3265,3265::term::5,"I must warn the reader that the portions sizes are very small (especially the appetizers), so if you plan to eat until you are full and do not intend to order the chef's special tasting menu, prepare to order and pay for an appetizer (1 dish for each person because the portions are not for sharing), a main entree, and the cold udon at the end of the meal.",chef,chef,positive
train,3265,3265::term::6,"I must warn the reader that the portions sizes are very small (especially the appetizers), so if you plan to eat until you are full and do not intend to order the chef's special tasting menu, prepare to order and pay for an appetizer (1 dish for each person because the portions are not for sharing), a main entree, and the cold udon at the end of the meal.",menu,menu,positive
train,3265,3265::term::7,"I must warn the reader that the portions sizes are very small (especially the appetizers), so if you plan to eat until you are full and do not intend to order the chef's special tasting menu, prepare to order and pay for an appetizer (1 dish for each person because the portions are not for sharing), a main entree, and the cold udon at the end of the meal.",dish,dish,negative
train,3265,3265::term::8,"I must warn the reader that the portions sizes are very small (especially the appetizers), so if you plan to eat until you are full and do not intend to order the chef's special tasting menu, prepare to order and pay for an appetizer (1 dish for each person because the portions are not for sharing), a main entree, and the cold udon at the end of the meal.",portions,portions,negative
train,416,416::term::0,They were very abrupt with me when I called and actually claimed the food was late because they were out of rice.,food,food,negative
train,416,416::term::1,They were very abrupt with me when I called and actually claimed the food was late because they were out of rice.,rice,rice,neutral
train,3015,3015::term::0,"After we got our sashimi order, I could not believe how small the portions were!",sashimi,sashimi,neutral
train,3015,3015::term::1,"After we got our sashimi order, I could not believe how small the portions were!",portions,portions,negative
train,364,364::term::0,"After the main course came, we didn't see our waiter for at least 40 MINUTES!",main course,main course,neutral
train,364,364::term::1,"After the main course came, we didn't see our waiter for at least 40 MINUTES!",waiter,waiter,negative
train,1275,1275::term::0,Nothing better than buying a snapple for $3.25 too.,snapple,snapple,positive
train,2330,2330::term::0,"When family came in he gave them apps to test their palets, and then ordered for them.",apps,apps,neutral
train,1385,1385::term::0,"Service is extraordinary, yet not overbearing, and the decor brings a taste of trendy SoHo into Queens.",Service,service,positive
train,1385,1385::term::1,"Service is extraordinary, yet not overbearing, and the decor brings a taste of trendy SoHo into Queens.",decor,decor,positive
train,1088,1088::term::0,"The dosas are skimpy, unattractive and drip with grease, and personally I'd drink popcorn topping before I'd eat another one of these.",dosas,dosas,negative
train,1088,1088::term::1,"The dosas are skimpy, unattractive and drip with grease, and personally I'd drink popcorn topping before I'd eat another one of these.",popcorn topping,popcorn topping,neutral
train,3201,3201::term::0,The service was excellent and the food was delicious.,service,service,positive
train,3201,3201::term::1,The service was excellent and the food was delicious.,food,food,positive
train,3481,3481::term::0,If I wanted to deal with a crappy scene and annoying customers I'd go out in Manhattan.,scene,scene,negative
train,3481,3481::term::1,If I wanted to deal with a crappy scene and annoying customers I'd go out in Manhattan.,customers,customers,negative
train,308,308::term::0,"After a seafood craving, i checked citysearch and chose to go to Fish based on a previous review and the citysearch info.",seafood,seafood,neutral
train,1157,1157::term::0,Right off the major deegan you get ladies from all over the city.,ladies,ladies,positive
train,2394,2394::term::0,Until you realize that their five minutes is meaningless and your wait may be anywhere from two to twenty minutes it may be frustrating.,wait,wait,negative
train,1129,1129::term::0,"The food was very good, but not very thai.",food,food,conflict
train,1872,1872::term::0,"Thalia is a beautiful restaurant with beautiful people serving you, but the food doesn't quite match up.",people serving,people serving,positive
train,1872,1872::term::1,"Thalia is a beautiful restaurant with beautiful people serving you, but the food doesn't quite match up.",food,food,negative
train,1078,1078::term::0,The fillings may be unconventional but the dosa batter is definitely authentic and the combinations very tasty.,fillings,fillings,neutral
train,1078,1078::term::1,The fillings may be unconventional but the dosa batter is definitely authentic and the combinations very tasty.,dosa batter,dosa batter,positive
train,61,61::term::0,"This is the perfect spot for meeting friends, having lunch, dinner, pre-theatre or after-theatre drinks!",lunch,lunch,positive
train,61,61::term::1,"This is the perfect spot for meeting friends, having lunch, dinner, pre-theatre or after-theatre drinks!",dinner,dinner,positive
train,61,61::term::2,"This is the perfect spot for meeting friends, having lunch, dinner, pre-theatre or after-theatre drinks!",pre-theatre or after-theatre drinks,pre-theatre or after-theatre drinks,positive
train,61,61::term::3,"This is the perfect spot for meeting friends, having lunch, dinner, pre-theatre or after-theatre drinks!",spot,spot,positive
train,1268,1268::term::0,"The mussaman curry that I ordered was as thin as water and aside from the poorly fried tofu that I ordered in it, they graciously provided me with ONE piece of poorly cooked potato.",mussaman curry,mussaman curry,negative
train,1268,1268::term::1,"The mussaman curry that I ordered was as thin as water and aside from the poorly fried tofu that I ordered in it, they graciously provided me with ONE piece of poorly cooked potato.",fried tofu,fried tofu,negative
train,1268,1268::term::2,"The mussaman curry that I ordered was as thin as water and aside from the poorly fried tofu that I ordered in it, they graciously provided me with ONE piece of poorly cooked potato.",potato,potato,negative
train,1900,1900::term::0,Had a late night dinner on a Saturday night.,dinner,dinner,neutral
train,843,843::term::0,A restaurant that doesn't try to do anything except serve great food with great service in a pleasant atmosphere.,food,food,positive
train,843,843::term::1,A restaurant that doesn't try to do anything except serve great food with great service in a pleasant atmosphere.,service,service,positive
train,843,843::term::2,A restaurant that doesn't try to do anything except serve great food with great service in a pleasant atmosphere.,atmosphere,atmosphere,positive
train,2184,2184::term::0,Their sake martini is wonderful.,sake martini,sake martini,positive
train,1151,1151::term::0,"Well, this place is so Ghetto its not even funny.",place,place,negative
train,2550,2550::term::0,Once they ran out of Gnochi and made it for me from scratch!,Gnochi,gnochi,neutral
train,3635,3635::term::0,We would like to thank Marcelo and Grace for a wonderful dining experience!!!,dining,dining,positive
train,2778,2778::term::0,"Found service above average, but that could be because we were 13 of us.",service,service,positive
train,1227,1227::term::0,"Bagels are ok, but be sure not to make any special requests!",Bagels,bagels,neutral
train,2577,2577::term::0,fine dining restaurant quality.,quality,quality,positive
train,2666,2666::term::0,Overall a disappointing experience for that price category.,price,price,negative
train,1409,1409::term::0,"I've had the lunch buffet at Chennai a couple of times, when I have been in the neighborhood.",lunch buffet,lunch buffet,neutral
train,956,956::term::0,The food was exceptional.,food,food,positive
train,417,417::term::0,A Thai restaurant out of rice during dinner?,rice,rice,neutral
train,417,417::term::1,A Thai restaurant out of rice during dinner?,dinner,dinner,neutral
train,864,864::term::0,The portions are small but being that the food was so good makes up for that.,portions,portions,negative
train,864,864::term::1,The portions are small but being that the food was so good makes up for that.,food,food,positive
train,711,711::term::0,(and I have eaten my share) Which impresses me for having such a large amount of people to serve.,serve,serve,positive
train,2228,2228::term::0,"Sure, the setting is nice.",setting,setting,positive
train,2879,2879::term::0,"The service is friendly, if not the most prompt in the world, the food is great, and the prices, while not cheap, won't put your wallet out of commission.",service,service,positive
train,2879,2879::term::1,"The service is friendly, if not the most prompt in the world, the food is great, and the prices, while not cheap, won't put your wallet out of commission.",food,food,positive
train,2879,2879::term::2,"The service is friendly, if not the most prompt in the world, the food is great, and the prices, while not cheap, won't put your wallet out of commission.",prices,prices,conflict
train,3432,3432::term::0,"Had 1 appetizer, 2 entrees and 2 cokes and the bill was ~$55.00, not including tip.",appetizer,appetizer,neutral
train,3432,3432::term::1,"Had 1 appetizer, 2 entrees and 2 cokes and the bill was ~$55.00, not including tip.",entrees,entrees,neutral
train,3432,3432::term::2,"Had 1 appetizer, 2 entrees and 2 cokes and the bill was ~$55.00, not including tip.",cokes,cokes,neutral
train,3432,3432::term::3,"Had 1 appetizer, 2 entrees and 2 cokes and the bill was ~$55.00, not including tip.",bill,bill,neutral
train,2287,2287::term::0,Best drumsticks over rice and sour spicy soup in town!,drumsticks over rice,drumsticks over rice,positive
train,2287,2287::term::1,Best drumsticks over rice and sour spicy soup in town!,sour spicy soup,sour spicy soup,positive
train,2773,2773::term::0,Slightly above average wines start at $70+ with only one selection listed at $30+.,wines,wines,negative
train,2155,2155::term::0,Their whitefish salad is excellent--all whitefish with a little mayo.,whitefish salad,whitefish salad,positive
train,2155,2155::term::1,Their whitefish salad is excellent--all whitefish with a little mayo.,whitefish,whitefish,positive
train,2155,2155::term::2,Their whitefish salad is excellent--all whitefish with a little mayo.,mayo,mayo,positive
train,135,135::term::0,"And it all comes at a very reasonable price (congee, noodles, and rice dishes are no more than $3-6 each).",price,price,positive
train,135,135::term::1,"And it all comes at a very reasonable price (congee, noodles, and rice dishes are no more than $3-6 each).",congee,congee,neutral
train,135,135::term::2,"And it all comes at a very reasonable price (congee, noodles, and rice dishes are no more than $3-6 each).",noodles,noodles,neutral
train,135,135::term::3,"And it all comes at a very reasonable price (congee, noodles, and rice dishes are no more than $3-6 each).",rice dishes,rice dishes,neutral
train,471,471::term::0,"The chicken parm was edible but had canned tomato sauce and boxed pasta and the chicken with portobello mushrooms consisted of dry, inedible chicken with terrible sauce.",chicken parm,chicken parm,conflict
train,471,471::term::1,"The chicken parm was edible but had canned tomato sauce and boxed pasta and the chicken with portobello mushrooms consisted of dry, inedible chicken with terrible sauce.",chicken with portobello mushrooms,chicken with portobello mushrooms,negative
train,471,471::term::2,"The chicken parm was edible but had canned tomato sauce and boxed pasta and the chicken with portobello mushrooms consisted of dry, inedible chicken with terrible sauce.",chicken,chicken,negative
train,471,471::term::3,"The chicken parm was edible but had canned tomato sauce and boxed pasta and the chicken with portobello mushrooms consisted of dry, inedible chicken with terrible sauce.",tomato sauce,tomato sauce,negative
train,471,471::term::4,"The chicken parm was edible but had canned tomato sauce and boxed pasta and the chicken with portobello mushrooms consisted of dry, inedible chicken with terrible sauce.",pasta,pasta,negative
train,471,471::term::5,"The chicken parm was edible but had canned tomato sauce and boxed pasta and the chicken with portobello mushrooms consisted of dry, inedible chicken with terrible sauce.",sauce,sauce,negative
train,2147,2147::term::0,I recommend this place to everyone who asks me where to go for a good meal.,meal,meal,positive
train,480,480::term::0,The waitresses are nice--also you can just get counter service sit.,waitresses,waitresses,positive
train,480,480::term::1,The waitresses are nice--also you can just get counter service sit.,counter service,counter service,positive
train,37,37::term::0,The only friendly staff member was the guy at the bar.,staff member,staff member,positive
train,37,37::term::1,The only friendly staff member was the guy at the bar.,bar,bar,neutral
train,37,37::term::2,The only friendly staff member was the guy at the bar.,guy,guy,positive
train,1456,1456::term::0,"You can certainly find restaurants that offer a superior fine dining experience, but for superb food at reasonable prices, La Villa can't be beat.",food,food,positive
train,1456,1456::term::1,"You can certainly find restaurants that offer a superior fine dining experience, but for superb food at reasonable prices, La Villa can't be beat.",prices,prices,positive
train,3174,3174::term::0,Won't or Can't is not in the service directory.,service,service,positive
train,3413,3413::term::0,I cannot imagine a friendlier staff working in a restaurant.,staff,staff,positive
train,1954,1954::term::0,I do suggest to ask to be seated upstairs if you are looking to be a little cozy.,upstairs,upstairs,positive
train,1271,1271::term::0,"The red curry is weak and tasteless, the pad thai is stuck together and lumpy, the rice is often overcooked, and the seafood is pretty sketchy.",red curry,red curry,negative
train,1271,1271::term::1,"The red curry is weak and tasteless, the pad thai is stuck together and lumpy, the rice is often overcooked, and the seafood is pretty sketchy.",pad thai,pad thai,negative
train,1271,1271::term::2,"The red curry is weak and tasteless, the pad thai is stuck together and lumpy, the rice is often overcooked, and the seafood is pretty sketchy.",rice,rice,negative
train,1271,1271::term::3,"The red curry is weak and tasteless, the pad thai is stuck together and lumpy, the rice is often overcooked, and the seafood is pretty sketchy.",seafood,seafood,negative
train,1631,1631::term::0,The wine list is extensive and can easily hike up an otherwise reasonably priced meal.,wine list,wine list,positive
train,1631,1631::term::1,The wine list is extensive and can easily hike up an otherwise reasonably priced meal.,meal,meal,positive
train,1631,1631::term::2,The wine list is extensive and can easily hike up an otherwise reasonably priced meal.,priced,priced,positive
train,689,689::term::0,"Saul is pretty good, but definitely not great.",Saul,saul,neutral
train,3580,3580::term::0,"I would recommend Roxy's for that, but not for their food.",food,food,negative
train,3524,3524::term::0,We always get a sampling of appetizers and share.,appetizers,appetizers,neutral
train,510,510::term::0,"Overall I was impressed and will return, it's a great QPR (Quality to Price Ratio).",Price,price,positive
train,510,510::term::1,"Overall I was impressed and will return, it's a great QPR (Quality to Price Ratio).",Quality,quality,positive
train,600,600::term::0,"It is nearly impossible to get a table, so if you ever have the chance to go here for dinner, DO NOT pass it up.",table,table,negative
train,600,600::term::1,"It is nearly impossible to get a table, so if you ever have the chance to go here for dinner, DO NOT pass it up.",dinner,dinner,positive
train,424,424::term::0,Their pad penang is delicious and everything else is fantastic.,pad penang,pad penang,positive
train,3091,3091::term::0,"The puke green walls leave a lot to be desired, but the food is very good.",food,food,positive
train,3091,3091::term::1,"The puke green walls leave a lot to be desired, but the food is very good.",walls,walls,negative
train,676,676::term::0,"The flavors are very fresh and pretty inobtrusive, nothing flashy.",flavors,flavors,positive
train,7,7::term::0,"I like Cafe Noir dont get me wrong, it is jsut that the people who work there are evil and incompetent!!",people,people,negative
train,1371,1371::term::0,The hanger steak was like rubber and the tuna was flavorless not to mention it tasted like it had just been thawed.,hanger steak,hanger steak,negative
train,1371,1371::term::1,The hanger steak was like rubber and the tuna was flavorless not to mention it tasted like it had just been thawed.,tuna,tuna,negative
train,1596,1596::term::0,"Our son loves pizza and we have a certified Neapolitan pizzaria in our home city (Seattle), we liked this nearly as much - and the differences were more about personal preference than any reflection on either restaurant.",pizza,pizza,positive
train,1232,1232::term::0,big and soft as well as good lunch food.,lunch food,lunch food,positive
train,967,967::term::0,"No food snobs allowed, this place is for people who appreciate good food.",food,food,neutral
train,967,967::term::1,"No food snobs allowed, this place is for people who appreciate good food.",food,food,positive
train,1127,1127::term::0,I liked the food at this quasi-thai restaurant.,food,food,positive
train,1127,1127::term::1,I liked the food at this quasi-thai restaurant.,quasi-thai,quasi-thai,positive
train,2576,2576::term::0,By far the best salad I have had in a fast food restaurant.,salad,salad,positive
train,2576,2576::term::1,By far the best salad I have had in a fast food restaurant.,fast food,fast food,neutral
train,2529,2529::term::0,"As for the bar, this is another bad idea.",bar,bar,negative
train,3167,3167::term::0,"Their bagels are fine, but they are a little overcooked, and not really a 'special' bagel experience.",bagels,bagels,conflict
train,3167,3167::term::1,"Their bagels are fine, but they are a little overcooked, and not really a 'special' bagel experience.",bagel,bagel,neutral
train,1217,1217::term::0,"Unlike HH up the block, this place actually gives you hearty and hot bagels this town is known for.",bagels,bagels,positive
train,2644,2644::term::0,The barebecued salmon is elegantly spiced and not at all dry.,barebecued salmon,barebecued salmon,positive
train,2812,2812::term::0,"Same owner as the guy who owns Typhoon, which is just down the street on St. Marks and 1st Ave.",owner,owner,neutral
train,1028,1028::term::0,What generous portions!,portions,portions,positive
train,2167,2167::term::0,The workers there also absolutely load the bagel with cream cheese (gets a little messy).,workers,workers,neutral
train,2167,2167::term::1,The workers there also absolutely load the bagel with cream cheese (gets a little messy).,bagel,bagel,neutral
train,2167,2167::term::2,The workers there also absolutely load the bagel with cream cheese (gets a little messy).,cream cheese,cream cheese,neutral
train,573,573::term::0,The wine the service was very good too.,wine,wine,positive
train,573,573::term::1,The wine the service was very good too.,service,service,positive
train,1082,1082::term::0,"So, the menu is written in chalk above your head and it all sounds delicious.",menu,menu,neutral
train,1080,1080::term::0,The highly spiced chai tea was great too.,chai tea,chai tea,positive
train,752,752::term::0,"I have been there many times, and food is good and consistent.",food,food,positive
train,1641,1641::term::0,"Seriously, this is the best all you can eat in town- As everyone says, the Spicy Tuna hand rolls are the best- have 4 of these, and you've broken even.",Spicy Tuna hand rolls,spicy tuna hand rolls,positive
train,2897,2897::term::0,"While Sapphire is certainly not lacking in ambiance, and probably has the best decor of any Indian restaurant I have been to in New York City, the food was not what I had hoped for.",food,food,negative
train,2897,2897::term::1,"While Sapphire is certainly not lacking in ambiance, and probably has the best decor of any Indian restaurant I have been to in New York City, the food was not what I had hoped for.",ambiance,ambiance,positive
train,2897,2897::term::2,"While Sapphire is certainly not lacking in ambiance, and probably has the best decor of any Indian restaurant I have been to in New York City, the food was not what I had hoped for.",decor,decor,positive
train,872,872::term::0,I would highly recommend this place to anyone looking for a casual atmosphere that whisks you away to the left bank of the river Seine.,atmosphere,atmosphere,positive
train,2086,2086::term::0,The meat dishes were only so-so.,meat dishes,meat dishes,neutral
train,3507,3507::term::0,"His wife Tanya, the hostess, completes the comforting atmosphere by being delightfully warm and gracious.",hostess,hostess,positive
train,3507,3507::term::1,"His wife Tanya, the hostess, completes the comforting atmosphere by being delightfully warm and gracious.",atmosphere,atmosphere,positive
train,957,957::term::0,"The menu consisted of standard brassiere food, better then places like Balthazar etc.",menu,menu,positive
train,957,957::term::1,"The menu consisted of standard brassiere food, better then places like Balthazar etc.",brassiere food,brassiere food,positive
train,2249,2249::term::0,"I have been a longtime fan of Holy Basil in the East Village, and while I do believe their food has slightly slipped in quality, I have been hesitant to be disloyal.",food,food,negative
train,2249,2249::term::1,"I have been a longtime fan of Holy Basil in the East Village, and while I do believe their food has slightly slipped in quality, I have been hesitant to be disloyal.",quality,quality,negative
train,1724,1724::term::0,"But the best part about LS is the late night atmosphere, delightfully free of the BTs.",atmosphere,atmosphere,positive
train,2080,2080::term::0,We even had a visit from the Manager who wanted to make sure we were enjoying ourselves.,Manager,manager,positive
train,866,866::term::0,The staff there is very attentive and down to earth.,staff,staff,positive
train,1031,1031::term::0,"You don't go to Mizu for excellent service, you go for the large amounts of food, the amiable atmosphere, and the hole-in-the-wall feeling of the place.",service,service,negative
train,1031,1031::term::1,"You don't go to Mizu for excellent service, you go for the large amounts of food, the amiable atmosphere, and the hole-in-the-wall feeling of the place.",food,food,positive
train,1031,1031::term::2,"You don't go to Mizu for excellent service, you go for the large amounts of food, the amiable atmosphere, and the hole-in-the-wall feeling of the place.",atmosphere,atmosphere,positive
train,712,712::term::0,"The service is always bad though, don't expect much of anything from your server, and I would not recommend bringing a date here either.",service,service,negative
train,712,712::term::1,"The service is always bad though, don't expect much of anything from your server, and I would not recommend bringing a date here either.",server,server,negative
train,3226,3226::term::0,Monday nights are a bargain at the $28 prix fix - this includes a three course meal plus *three* glasses of wine paired with each course.,prix fix,prix fix,positive
train,3226,3226::term::1,Monday nights are a bargain at the $28 prix fix - this includes a three course meal plus *three* glasses of wine paired with each course.,three course meal,three course meal,positive
train,3226,3226::term::2,Monday nights are a bargain at the $28 prix fix - this includes a three course meal plus *three* glasses of wine paired with each course.,glasses of wine,glasses of wine,positive
train,3226,3226::term::3,Monday nights are a bargain at the $28 prix fix - this includes a three course meal plus *three* glasses of wine paired with each course.,course,course,neutral
train,931,931::term::0,It took them 15 minutes to put water in our glasses.,water,water,neutral
train,979,979::term::0,The service is descent even when this small place is packed.,service,service,positive
train,979,979::term::1,The service is descent even when this small place is packed.,place,place,negative
train,1205,1205::term::0,This is the best sushi in new york city - hands down.,sushi,sushi,positive
train,3603,3603::term::0,I have eaten a lot of pizza here.,pizza,pizza,neutral
train,2567,2567::term::0,Great value for the quality ingredients.,ingredients,ingredients,positive
train,1419,1419::term::0,"The Thali was small, thoroughly unremarkable, and $14.95.",Thali,thali,negative
train,305,305::term::0,The sushi is also great!,sushi,sushi,positive
train,2843,2843::term::0,From the complimentary chef app of a delicate butternut squash ravioli in a delicious truffle sauce to an amazing buttery and tender langostine entree to a dessert that I can't remember because of the fabulous Cakebread Cabernet we were drinking -- the whole evening was amazing.,chef app,chef app,positive
train,2843,2843::term::1,From the complimentary chef app of a delicate butternut squash ravioli in a delicious truffle sauce to an amazing buttery and tender langostine entree to a dessert that I can't remember because of the fabulous Cakebread Cabernet we were drinking -- the whole evening was amazing.,delicate butternut squash ravioli in a delicious truffle sauce,delicate butternut squash ravioli in a delicious truffle sauce,positive
train,2843,2843::term::2,From the complimentary chef app of a delicate butternut squash ravioli in a delicious truffle sauce to an amazing buttery and tender langostine entree to a dessert that I can't remember because of the fabulous Cakebread Cabernet we were drinking -- the whole evening was amazing.,buttery and tender langostine entree,buttery and tender langostine entree,positive
train,2843,2843::term::3,From the complimentary chef app of a delicate butternut squash ravioli in a delicious truffle sauce to an amazing buttery and tender langostine entree to a dessert that I can't remember because of the fabulous Cakebread Cabernet we were drinking -- the whole evening was amazing.,dessert,dessert,neutral
train,2843,2843::term::4,From the complimentary chef app of a delicate butternut squash ravioli in a delicious truffle sauce to an amazing buttery and tender langostine entree to a dessert that I can't remember because of the fabulous Cakebread Cabernet we were drinking -- the whole evening was amazing.,Cakebread Cabernet,cakebread cabernet,positive
train,1931,1931::term::0,Truly the mark of an attentive waiter.,waiter,waiter,positive
train,181,181::term::0,"The food here is rather good, but only if you like to wait for it.",food,food,positive
train,3579,3579::term::0,I got an excellent piece of cheesecake and we had several other nice pastries.,cheesecake,cheesecake,positive
train,3579,3579::term::1,I got an excellent piece of cheesecake and we had several other nice pastries.,pastries,pastries,positive
train,2455,2455::term::0,"The staff is very kind and well trained, they're fast, they are always prompt to jump behind the bar and fix drinks, they know details of every item in the menu and make excelent recomendations.",staff,staff,positive
train,2455,2455::term::1,"The staff is very kind and well trained, they're fast, they are always prompt to jump behind the bar and fix drinks, they know details of every item in the menu and make excelent recomendations.",bar,bar,neutral
train,2455,2455::term::2,"The staff is very kind and well trained, they're fast, they are always prompt to jump behind the bar and fix drinks, they know details of every item in the menu and make excelent recomendations.",drinks,drinks,neutral
train,2455,2455::term::3,"The staff is very kind and well trained, they're fast, they are always prompt to jump behind the bar and fix drinks, they know details of every item in the menu and make excelent recomendations.",menu,menu,neutral
train,2040,2040::term::0,The makhani was OK --the korma was bland.,makhani,makhani,neutral
train,2040,2040::term::1,The makhani was OK --the korma was bland.,korma,korma,negative
train,3080,3080::term::0,The food is inventive but still keeps traditional indian flavoring.,food,food,positive
train,1465,1465::term::0,"though the service could be better (possibly due to more than one very large group in the house), it is very cordial and warm, as is the general clientele.",service,service,conflict
train,2927,2927::term::0,"The decor in this place is very diner-ish and the kind of place you expect in the East Village - not romantic, just simple, small and sparse.",decor,decor,positive
train,2927,2927::term::1,"The decor in this place is very diner-ish and the kind of place you expect in the East Village - not romantic, just simple, small and sparse.",place,place,positive
train,1544,1544::term::0,This is a cute place and could be good but they need to get their act together.,place,place,positive
train,2161,2161::term::0,The lox is always fresh too.,lox,lox,positive
train,1341,1341::term::0,Service was very friendly.,Service,service,positive
train,3468,3468::term::0,So all I'm trying to say is this restaurant is by far the best thai food restaurant I've ever been to.,thai food,thai food,positive
train,840,840::term::0,Food was OK - fish was cooked well.,Food,food,neutral
train,840,840::term::1,Food was OK - fish was cooked well.,fish,fish,positive
train,1011,1011::term::0,We actually left hungry and went across the street to Wo Hop at 15 Mott street for some good chinese food.,chinese food,chinese food,positive
train,698,698::term::0,The duck confit is always amazing and the foie gras terrine with figs was out of this world.,foie gras terrine with figs,foie gras terrine with figs,positive
train,698,698::term::1,The duck confit is always amazing and the foie gras terrine with figs was out of this world.,duck confit,duck confit,positive
train,14,14::term::0,"The whole set up is truly unprofessional and I wish Cafe Noir would get some good staff, because despite the current one this is a great place.",staff,staff,negative
train,557,557::term::0,The service does sometimes lack focus and it is not ideal if you are in a hurry but I have never been treated rudely.,service,service,conflict
train,3302,3302::term::0,The staff offers impeccable service.,staff,staff,positive
train,3302,3302::term::1,The staff offers impeccable service.,service,service,positive
train,160,160::term::0,We ended our great experience by having Gulab Jamun (dessert) recommended by the waiter.,Gulab Jamun (dessert),gulab jamun dessert ,positive
train,160,160::term::1,We ended our great experience by having Gulab Jamun (dessert) recommended by the waiter.,waiter,waiter,positive
train,2427,2427::term::0,"This place doesn't compare with Mamoun's in terms of price, freshness, value, and consisent quality, but that's just my opinion.",price,price,negative
train,2427,2427::term::1,"This place doesn't compare with Mamoun's in terms of price, freshness, value, and consisent quality, but that's just my opinion.",freshness,freshness,negative
train,2427,2427::term::2,"This place doesn't compare with Mamoun's in terms of price, freshness, value, and consisent quality, but that's just my opinion.",value,value,negative
train,2427,2427::term::3,"This place doesn't compare with Mamoun's in terms of price, freshness, value, and consisent quality, but that's just my opinion.",quality,quality,negative
train,2404,2404::term::0,"The place is sleek, modern and playfull and i will return again frequently.",place,place,positive
train,116,116::term::0,"I have known about this secret for the last 13 years, Emilio(the Godfather) has continued to serve food and wine for the gods at mortal prices.",food,food,positive
train,116,116::term::1,"I have known about this secret for the last 13 years, Emilio(the Godfather) has continued to serve food and wine for the gods at mortal prices.",wine,wine,positive
train,116,116::term::2,"I have known about this secret for the last 13 years, Emilio(the Godfather) has continued to serve food and wine for the gods at mortal prices.",prices,prices,positive
train,2008,2008::term::0,The brioche and lollies as party favors is a cute and sweet touch to a most memorable meal.,brioche and lollies,brioche and lollies,positive
train,2008,2008::term::1,The brioche and lollies as party favors is a cute and sweet touch to a most memorable meal.,meal,meal,positive
train,2206,2206::term::0,"After being told that our party of three would be seated in 10 minutes and watching other parties (multiples of 2 and higher) seated for 40 minutes, the three of us were squished into a small 2-person table.",2-person table,2-person table,negative
train,1010,1010::term::0,And the bill was outragous.,bill,bill,negative
train,89,89::term::0,"The service was attentive, yet unimposing, the food was far better than many notorious restaurants in Midtown and the wine list is extensive and well priced.",service,service,conflict
train,89,89::term::1,"The service was attentive, yet unimposing, the food was far better than many notorious restaurants in Midtown and the wine list is extensive and well priced.",food,food,positive
train,89,89::term::2,"The service was attentive, yet unimposing, the food was far better than many notorious restaurants in Midtown and the wine list is extensive and well priced.",wine list,wine list,positive
train,89,89::term::3,"The service was attentive, yet unimposing, the food was far better than many notorious restaurants in Midtown and the wine list is extensive and well priced.",priced,priced,positive
train,2994,2994::term::0,"Kind, attentive wait staff.",wait staff,wait staff,positive
train,2572,2572::term::0,Salads were fantastic.,Salads,salads,positive
train,1288,1288::term::0,The owners and employees are friendly and their pizza is fantastic.,owners,owners,positive
train,1288,1288::term::1,The owners and employees are friendly and their pizza is fantastic.,employees,employees,positive
train,1288,1288::term::2,The owners and employees are friendly and their pizza is fantastic.,pizza,pizza,positive
train,1723,1723::term::0,"The food is yummy, especially their cooked-to-perfection mussels in spicy tomato sauce and their shoestring crispy fries.",food,food,positive
train,1723,1723::term::1,"The food is yummy, especially their cooked-to-perfection mussels in spicy tomato sauce and their shoestring crispy fries.",mussels in spicy tomato sauce,mussels in spicy tomato sauce,positive
train,1723,1723::term::2,"The food is yummy, especially their cooked-to-perfection mussels in spicy tomato sauce and their shoestring crispy fries.",fries,fries,positive
train,3491,3491::term::0,The food is authentic Italian - delicious!,food,food,positive
train,2909,2909::term::0,skip dessert.,dessert,dessert,negative
train,3172,3172::term::0,I complete the total bagel experience by having it lightly toasted.,bagel,bagel,positive
train,1795,1795::term::0,It was like the servers forgot that they actually worked there and instead wanted to hang out and be cool.,servers,servers,negative
train,3438,3438::term::0,The service is good and ambience is good for a date or group outing.,service,service,positive
train,3438,3438::term::1,The service is good and ambience is good for a date or group outing.,ambience,ambience,positive
train,1276,1276::term::0,A great way to make some money is to buy a case of snapple from Costco and sell it right outside for only $2.50.,case of snapple,case of snapple,neutral
train,730,730::term::0,It's all about the food !!,food,food,positive
train,1870,1870::term::0,Fast service.,service,service,positive
train,1519,1519::term::0,"The staff is excellent, specjal: that girl behind the bar, european chic.",staff,staff,positive
train,1519,1519::term::1,"The staff is excellent, specjal: that girl behind the bar, european chic.",bar,bar,neutral
train,2904,2904::term::0,"stick with the chicken, beef, and lamb dishes.",chicken,chicken,positive
train,2904,2904::term::1,"stick with the chicken, beef, and lamb dishes.",beef,beef,positive
train,2904,2904::term::2,"stick with the chicken, beef, and lamb dishes.",lamb dishes,lamb dishes,positive
train,1009,1009::term::0,"The service was bad, the food took to forever to come, we sat on the upper level.",service,service,negative
train,1009,1009::term::1,"The service was bad, the food took to forever to come, we sat on the upper level.",food,food,negative
train,2642,2642::term::0,"We a menu that rearely changes,e xcept for one or two specials, the quality and care they put in thier food in evident.",quality,quality,positive
train,2642,2642::term::1,"We a menu that rearely changes,e xcept for one or two specials, the quality and care they put in thier food in evident.",care,care,positive
train,2642,2642::term::2,"We a menu that rearely changes,e xcept for one or two specials, the quality and care they put in thier food in evident.",food,food,positive
train,2642,2642::term::3,"We a menu that rearely changes,e xcept for one or two specials, the quality and care they put in thier food in evident.",specials,specials,neutral
train,1460,1460::term::0,"The decor is nice, but more casual than fine dining.",decor,decor,conflict
train,307,307::term::0,This restaurant is a wonderful place to go many times and it is reasonably priced.,priced,priced,positive
train,1338,1338::term::0,"Bottom line: B+ for the food, F for the service.",food,food,positive
train,1338,1338::term::1,"Bottom line: B+ for the food, F for the service.",service,service,negative
train,1625,1625::term::0,The only thing the waiters don't do for you is wipe your chin when you leave.,waiters,waiters,positive
train,2095,2095::term::0,"Stick to dimsum, not super overpriced noodles.",noodles,noodles,neutral
train,2095,2095::term::1,"Stick to dimsum, not super overpriced noodles.",dimsum,dimsum,positive
train,989,989::term::0,The service is fine and they allow you to enjoy the view.,service,service,positive
train,989,989::term::1,The service is fine and they allow you to enjoy the view.,view,view,positive
train,3047,3047::term::0,"We, there were four of us, arrived at noon - the place was empty - and the staff acted like we were imposing on them and they were very rude.",staff,staff,negative
train,2993,2993::term::0,delicious simple food in nice outdoor atmosphere.,food,food,positive
train,2993,2993::term::1,delicious simple food in nice outdoor atmosphere.,atmosphere,atmosphere,positive
train,3108,3108::term::0,"The food is good, but very expensive for the casualness of it.",food,food,conflict
train,3439,3439::term::0,The only fallback on this restaurant is the prices.,prices,prices,negative
train,1604,1604::term::0,I've been to Naples 45 for dinner twice.,dinner,dinner,neutral
train,1440,1440::term::0,The hot and sour soup was unbearably hot and tasted of only pepper and nothing else.,soup,soup,negative
train,1440,1440::term::1,The hot and sour soup was unbearably hot and tasted of only pepper and nothing else.,pepper,pepper,negative
train,351,351::term::0,Try sushimi cucumber roll.,sushimi cucumber roll,sushimi cucumber roll,positive
train,988,988::term::0,The food is delicious.,food,food,positive
train,2963,2963::term::0,Their wines by the glass are a great accompaniment and you can eat like a king with wine for under $30.,wines by the glass,wines by the glass,positive
train,2963,2963::term::1,Their wines by the glass are a great accompaniment and you can eat like a king with wine for under $30.,wine,wine,neutral
train,3412,3412::term::0,This place has the the correct ambience and an excellent staff to make you feel like a guest and a friend at the same time.,place,place,positive
train,3412,3412::term::1,This place has the the correct ambience and an excellent staff to make you feel like a guest and a friend at the same time.,ambience,ambience,positive
train,3412,3412::term::2,This place has the the correct ambience and an excellent staff to make you feel like a guest and a friend at the same time.,staff,staff,positive
train,246,246::term::0,Yeah Shanghai is also great but not quite as good -- they use the same amount of salt but without sweetness to balance out.,salt,salt,negative
train,1771,1771::term::0,"believe us, we've been eating sushi for over 15 yrs.",sushi,sushi,neutral
train,1394,1394::term::0,The atmosphere is much better than Sripraphai (more modern and sleek).,atmosphere,atmosphere,positive
train,3642,3642::term::0,"The food is outstanding and the service is quick, friendly and very professional.",food,food,positive
train,3642,3642::term::1,"The food is outstanding and the service is quick, friendly and very professional.",service,service,positive
train,2159,2159::term::0,"The bagels always warm, soft on the inside, crispy on the outside and enormous in size.",bagels,bagels,positive
train,1708,1708::term::0,"I had a late dinner at Lucky Stike, a great name for a joint if ever I saw one.",dinner,dinner,neutral
train,1061,1061::term::0,Service is fast and friendly.,Service,service,positive
train,3136,3136::term::0,from an English speaking staff.,staff,staff,neutral
train,1514,1514::term::0,And they have these home made potato chips at the bar that are the most delicious things in the world!,potato chips,potato chips,positive
train,1514,1514::term::1,And they have these home made potato chips at the bar that are the most delicious things in the world!,bar,bar,neutral
train,1906,1906::term::0,My husband and I enjoyed each of the 6 taste size portions and left completely full.,portions,portions,positive
train,2700,2700::term::0,"I went here with a friend on a whim, we went someplace else first and couldn't get a table.",table,table,negative
train,2781,2781::term::0,"We all ate pasta entre'es, which were great.",pasta entre'es,pasta entre'es,positive
train,1970,1970::term::0,The steak was excellent and one of the best I have had (I tasted the butter intitally but in no way did it overwhelm the flavor of the meat).,steak,steak,positive
train,1970,1970::term::1,The steak was excellent and one of the best I have had (I tasted the butter intitally but in no way did it overwhelm the flavor of the meat).,butter,butter,negative
train,1970,1970::term::2,The steak was excellent and one of the best I have had (I tasted the butter intitally but in no way did it overwhelm the flavor of the meat).,flavor,flavor,neutral
train,1970,1970::term::3,The steak was excellent and one of the best I have had (I tasted the butter intitally but in no way did it overwhelm the flavor of the meat).,meat,meat,positive
train,2038,2038::term::0,The food was boring and expensive.,food,food,negative
train,186,186::term::0,"The ambience is pretty and nice for conversation, so a casual lunch here would probably be best.",ambience,ambience,positive
train,186,186::term::1,"The ambience is pretty and nice for conversation, so a casual lunch here would probably be best.",lunch,lunch,positive
train,2127,2127::term::0,Terrific menu full of unique rolls and special dishes.,menu,menu,positive
train,2127,2127::term::1,Terrific menu full of unique rolls and special dishes.,rolls,rolls,positive
train,2127,2127::term::2,Terrific menu full of unique rolls and special dishes.,dishes,dishes,positive
train,130,130::term::0,The service is ok but could be better.,service,service,negative
train,702,702::term::0,"We love the food, drinks, and atmosphere!",food,food,positive
train,702,702::term::1,"We love the food, drinks, and atmosphere!",drinks,drinks,positive
train,702,702::term::2,"We love the food, drinks, and atmosphere!",atmosphere,atmosphere,positive
train,3510,3510::term::0,I was here a few weeks back and we had the worst customer service experience at a restaurant ever.,customer service,customer service,negative
train,328,328::term::0,"Went on a 3 day oyster binge, with Fish bringing up the closing, and I am so glad this was the place it O trip ended, because it was so great!",place,place,positive
train,328,328::term::1,"Went on a 3 day oyster binge, with Fish bringing up the closing, and I am so glad this was the place it O trip ended, because it was so great!",oyster,oyster,neutral
train,328,328::term::2,"Went on a 3 day oyster binge, with Fish bringing up the closing, and I am so glad this was the place it O trip ended, because it was so great!",Fish,fish,neutral
train,512,512::term::0,"Took my mom for Mother's Day, and the maitre d' was pretty rude.",maitre d',maitre d',negative
train,3019,3019::term::0,My husband and I have been there a couple of times and each time we sat at the sushi bar (chef Yoshi) and ordered everything ala carte.,sushi bar,sushi bar,neutral
train,3019,3019::term::1,My husband and I have been there a couple of times and each time we sat at the sushi bar (chef Yoshi) and ordered everything ala carte.,chef,chef,neutral
train,3019,3019::term::2,My husband and I have been there a couple of times and each time we sat at the sushi bar (chef Yoshi) and ordered everything ala carte.,ala carte,ala carte,neutral
train,1683,1683::term::0,"The vibe is very relaxed and cozy, service was great and the food was excellent!",vibe,vibe,positive
train,1683,1683::term::1,"The vibe is very relaxed and cozy, service was great and the food was excellent!",service,service,positive
train,1683,1683::term::2,"The vibe is very relaxed and cozy, service was great and the food was excellent!",food,food,positive
train,195,195::term::0,"If the weather is nice, try to snag an outside table.",table,table,positive
train,2623,2623::term::0,"If you are looking for a good quality, cheap eats - this is the place.",quality,quality,positive
train,959,959::term::0,The service was friendly and the atmosphere was casual.,service,service,positive
train,959,959::term::1,The service was friendly and the atmosphere was casual.,atmosphere,atmosphere,positive
train,2172,2172::term::0,When I lived upstate for a while I would buy freeze the bagels and they would still be better than any else.,bagels,bagels,neutral
train,3518,3518::term::0,"I recommend their Pad See Ew, Pork Chops or Tofu plates.",Pad See Ew,pad see ew,positive
train,3518,3518::term::1,"I recommend their Pad See Ew, Pork Chops or Tofu plates.",Pork Chops,pork chops,positive
train,3518,3518::term::2,"I recommend their Pad See Ew, Pork Chops or Tofu plates.",Tofu plates,tofu plates,positive
train,1171,1171::term::0,Never in my life did I think that I could be satisfied both in taste and in quantity for $3.00 in NYC.,taste,taste,positive
train,1171,1171::term::1,Never in my life did I think that I could be satisfied both in taste and in quantity for $3.00 in NYC.,quantity,quantity,positive
train,1518,1518::term::0,"this is the best secret place in midtown', I heard that from the bartender, after having brilliant food ( try steak with portobello mushrooms) and drinks on the bar last Tuesday.",bartender,bartender,neutral
train,1518,1518::term::1,"this is the best secret place in midtown', I heard that from the bartender, after having brilliant food ( try steak with portobello mushrooms) and drinks on the bar last Tuesday.",food,food,positive
train,1518,1518::term::2,"this is the best secret place in midtown', I heard that from the bartender, after having brilliant food ( try steak with portobello mushrooms) and drinks on the bar last Tuesday.",drinks,drinks,positive
train,1518,1518::term::3,"this is the best secret place in midtown', I heard that from the bartender, after having brilliant food ( try steak with portobello mushrooms) and drinks on the bar last Tuesday.",steak with portobello mushrooms,steak with portobello mushrooms,positive
train,1518,1518::term::4,"this is the best secret place in midtown', I heard that from the bartender, after having brilliant food ( try steak with portobello mushrooms) and drinks on the bar last Tuesday.",bar,bar,neutral
train,941,941::term::0,The service was excellent - friendly and attentive.,service,service,positive
train,2898,2898::term::0,"The main course had an average portion, and was decent overall.",main course,main course,positive
train,2898,2898::term::1,"The main course had an average portion, and was decent overall.",portion,portion,neutral
train,1960,1960::term::0,20 minutes for our reservation but it gave us time to have a few cocktails and enjoy our surroundings and each other.,reservation,reservation,negative
train,1960,1960::term::1,20 minutes for our reservation but it gave us time to have a few cocktails and enjoy our surroundings and each other.,cocktails,cocktails,positive
train,1960,1960::term::2,20 minutes for our reservation but it gave us time to have a few cocktails and enjoy our surroundings and each other.,surroundings,surroundings,positive
train,214,214::term::0,"Waitstaff is great, very attentive.",Waitstaff,waitstaff,positive
train,560,560::term::0,The dinner menu is diverse and top-notch as well.,dinner menu,dinner menu,positive
train,2461,2461::term::0,IT IS WHAT MODERN CUISINE IS ALL ABOUT.,CUISINE,cuisine,positive
train,2468,2468::term::0,"I don't like Indian food too much and this was delicious, however you want to factor that into the equation.",Indian food,indian food,positive
train,3558,3558::term::0,"at taj, vegetarians can rejoice-all the dishes are manna from heaven.",dishes,dishes,positive
train,1977,1977::term::0,"Forget the rush and the wait and the noise (which isn't actually that bad), I mean please, who goes to a steakhouse to be coddled and romantic?",wait,wait,conflict
train,1977,1977::term::1,"Forget the rush and the wait and the noise (which isn't actually that bad), I mean please, who goes to a steakhouse to be coddled and romantic?",noise,noise,conflict
train,1977,1977::term::2,"Forget the rush and the wait and the noise (which isn't actually that bad), I mean please, who goes to a steakhouse to be coddled and romantic?",rush,rush,conflict
train,2093,2093::term::0,I won't go back unless someone else is footing the bill.,bill,bill,negative
train,2153,2153::term::0,"We live in New Jersey and whenever we go into New York City we buy bagels to eat hot and then to freeze (they told me that if I call in the order, they'd bring it out to the car so I wouldn't have to look for parking).",bagels,bagels,neutral
train,1156,1156::term::0,Jimmy's is hands down the hottest night spot in the Bronx.,spot,spot,positive
train,2409,2409::term::0,And I would have to agree with the masses in terms of service - delivery is their Achilles' heel.,service,service,negative
train,2409,2409::term::1,And I would have to agree with the masses in terms of service - delivery is their Achilles' heel.,delivery,delivery,negative
train,2359,2359::term::0,"The $300 bill was a bit steep, but the experience was great.",bill,bill,negative
train,2968,2968::term::0,"Nice ambiance, nice little bar, good bartender, Francois, and good service.",bar,bar,positive
train,2968,2968::term::1,"Nice ambiance, nice little bar, good bartender, Francois, and good service.",bartender,bartender,positive
train,2968,2968::term::2,"Nice ambiance, nice little bar, good bartender, Francois, and good service.",service,service,positive
train,2968,2968::term::3,"Nice ambiance, nice little bar, good bartender, Francois, and good service.",ambiance,ambiance,positive
train,382,382::term::0,"The calamari comes with an incredible sauce, and the duck noodles are yummy as well.",calamari,calamari,positive
train,382,382::term::1,"The calamari comes with an incredible sauce, and the duck noodles are yummy as well.",sauce,sauce,positive
train,382,382::term::2,"The calamari comes with an incredible sauce, and the duck noodles are yummy as well.",duck noodles,duck noodles,positive
train,1715,1715::term::0,I would definitely go back -- if only for some of those exotic martinis on the blackboard.,martinis,martinis,positive
train,611,611::term::0,Simple comfort food and what hot and lage portions.,comfort food,comfort food,positive
train,611,611::term::1,Simple comfort food and what hot and lage portions.,portions,portions,positive
train,1643,1643::term::0,"Stay away from the two specialty rolls on the menu, though- too much avocado and rice will fill you up right quick.",rolls,rolls,negative
train,1643,1643::term::1,"Stay away from the two specialty rolls on the menu, though- too much avocado and rice will fill you up right quick.",menu,menu,neutral
train,1643,1643::term::2,"Stay away from the two specialty rolls on the menu, though- too much avocado and rice will fill you up right quick.",avocado,avocado,negative
train,1643,1643::term::3,"Stay away from the two specialty rolls on the menu, though- too much avocado and rice will fill you up right quick.",rice,rice,negative
train,2989,2989::term::0,We didn't get drink refills and she didn't even offer us the option of dessert.,drink refills,drink refills,negative
train,2989,2989::term::1,We didn't get drink refills and she didn't even offer us the option of dessert.,dessert,dessert,neutral
train,2156,2156::term::0,The bagels are also reasonably priced for NYC.,bagels,bagels,positive
train,2156,2156::term::1,The bagels are also reasonably priced for NYC.,priced,priced,positive
train,1966,1966::term::0,"If you can handle that, it's a great place for a business dinner, fun with friends or simply a table for 2.",business dinner,business dinner,positive
train,1966,1966::term::1,"If you can handle that, it's a great place for a business dinner, fun with friends or simply a table for 2.",table,table,positive
train,2088,2088::term::0,Decor leaves something to be desired.,Decor,decor,negative
train,185,185::term::0,"Also, specify if you like your food spicy- its rather bland if you don't.",food,food,neutral
train,1710,1710::term::0,"Our waiter was fine, the place looks nice in that not-trying-too-hard way, but at those prices, a little more should be expected of your food.",waiter,waiter,positive
train,1710,1710::term::1,"Our waiter was fine, the place looks nice in that not-trying-too-hard way, but at those prices, a little more should be expected of your food.",place,place,positive
train,1710,1710::term::2,"Our waiter was fine, the place looks nice in that not-trying-too-hard way, but at those prices, a little more should be expected of your food.",prices,prices,negative
train,1710,1710::term::3,"Our waiter was fine, the place looks nice in that not-trying-too-hard way, but at those prices, a little more should be expected of your food.",food,food,negative
train,2610,2610::term::0,Coming from Boston this place is like Emma's Pizza in Kendall Square in Cambridge (although they have more funky toppings!),toppings,toppings,positive
train,649,649::term::0,"When my husband and go there, we spend $60.00 (have LOBSTER TAILS UMMMMM need I say more) I can't say any more, it a place you'll never forget If you never go, you'll miss A Meal of your life time",place,place,positive
train,649,649::term::1,"When my husband and go there, we spend $60.00 (have LOBSTER TAILS UMMMMM need I say more) I can't say any more, it a place you'll never forget If you never go, you'll miss A Meal of your life time",Meal,meal,positive
train,649,649::term::2,"When my husband and go there, we spend $60.00 (have LOBSTER TAILS UMMMMM need I say more) I can't say any more, it a place you'll never forget If you never go, you'll miss A Meal of your life time",LOBSTER TAILS,lobster tails,positive
train,3450,3450::term::0,"in an effort to increase turnover, the restaurant offers no desserts beyond the complimentary espresso cup filled with chocolate mousse.",espresso cup filled with chocolate mousse,espresso cup filled with chocolate mousse,positive
train,3450,3450::term::1,"in an effort to increase turnover, the restaurant offers no desserts beyond the complimentary espresso cup filled with chocolate mousse.",desserts,desserts,negative
train,974,974::term::0,"I've been to this restaurant more than a dozen times and when I'm craving for Pho, Lemon grass chicken or Beef Cube on rice, this is the place to go.",Pho,pho,positive
train,974,974::term::1,"I've been to this restaurant more than a dozen times and when I'm craving for Pho, Lemon grass chicken or Beef Cube on rice, this is the place to go.",Lemon grass chicken,lemon grass chicken,positive
train,974,974::term::2,"I've been to this restaurant more than a dozen times and when I'm craving for Pho, Lemon grass chicken or Beef Cube on rice, this is the place to go.",Beef Cube on rice,beef cube on rice,positive
train,3089,3089::term::0,"Oh yes, and if you are a fan of Indian oldies film stars, there are plenty of portraits of Indian actors and actresses in classic black white that adorn the walls, some of which, I would love to know where they obtained.",portraits,portraits,positive
train,647,647::term::0,"The food is spectacular, from the appitizers to the main course, and then of course the desserts, (WOW) you'll need no more.",food,food,positive
train,647,647::term::1,"The food is spectacular, from the appitizers to the main course, and then of course the desserts, (WOW) you'll need no more.",appitizers,appitizers,positive
train,647,647::term::2,"The food is spectacular, from the appitizers to the main course, and then of course the desserts, (WOW) you'll need no more.",main course,main course,positive
train,647,647::term::3,"The food is spectacular, from the appitizers to the main course, and then of course the desserts, (WOW) you'll need no more.",desserts,desserts,positive
train,378,378::term::0,My fish was delicious in an incredible curry sauce.,fish,fish,positive
train,378,378::term::1,My fish was delicious in an incredible curry sauce.,curry sauce,curry sauce,positive
train,490,490::term::0,If you are in search of the most authentic NYC deli experience look no further than the famous and historic Katz's Deli down on the Lower East Side.,deli,deli,positive
train,3245,3245::term::0,"Even upon delivery, their juicy pork buns are quite good . .",pork buns,pork buns,positive
train,414,414::term::0,"Average to good Thai food, but terrible delivery.",Thai food,thai food,positive
train,414,414::term::1,"Average to good Thai food, but terrible delivery.",delivery,delivery,negative
train,1857,1857::term::0,The space is nice but when we order our drink we were in for a surprise.,space,space,positive
train,1857,1857::term::1,The space is nice but when we order our drink we were in for a surprise.,drink,drink,negative
train,164,164::term::0,The entire place and the treatment we received felt as a conveyor belt.,place,place,negative
train,1480,1480::term::0,Joe's Pizza used to have the best slice until this pizzeria opened up.,slice,slice,positive
train,3663,3663::term::0,And they provided a delicious dessert on the house!,dessert,dessert,positive
train,3250,3250::term::0,"They are still living in the dark ages and do not have an answering machine, so if you want to make a reservation you are limited.",reservation,reservation,negative
train,3366,3366::term::0,"The food is amazing, rich pastas and fresh doughy pizza.",food,food,positive
train,3366,3366::term::1,"The food is amazing, rich pastas and fresh doughy pizza.",pastas,pastas,positive
train,3366,3366::term::2,"The food is amazing, rich pastas and fresh doughy pizza.",pizza,pizza,positive
train,3073,3073::term::0,"Food was very good, but not what I would consider out of this world.",Food,food,positive
train,3303,3303::term::0,I had Lobster Bisque it has 2 oz. of Maine Lobster in it.,Lobster Bisque,lobster bisque,positive
train,3303,3303::term::1,I had Lobster Bisque it has 2 oz. of Maine Lobster in it.,Maine Lobster,maine lobster,positive
train,704,704::term::0,"Try the Pad Thai, it's fabulous and their prices are so cheap!",Pad Thai,pad thai,positive
train,704,704::term::1,"Try the Pad Thai, it's fabulous and their prices are so cheap!",prices,prices,positive
train,1839,1839::term::0,Food is great and inexpensive.,Food,food,positive
train,1756,1756::term::0,The price very reasonable.,price,price,positive
train,29,29::term::0,"Dessert - can't be missed, so save room!!!",Dessert,dessert,positive
train,484,484::term::0,"It can be a little confusing as to where one goes to order, but once the food is ordered, you are in for a treat.",food,food,positive
train,2574,2574::term::0,Ingredients are organic which is a real plus for me.,Ingredients,ingredients,positive
train,3595,3595::term::0,It was so bad I actually refused to pay for my food.,food,food,negative
train,1097,1097::term::0,I recommend this spot to anyone who enjoys fine cuisine at reasonable prices.,cuisine,cuisine,positive
train,1097,1097::term::1,I recommend this spot to anyone who enjoys fine cuisine at reasonable prices.,prices,prices,positive
train,2692,2692::term::0,"The staff was very attentive, the ambience lovely, and the food superb.",staff,staff,positive
train,2692,2692::term::1,"The staff was very attentive, the ambience lovely, and the food superb.",ambience,ambience,positive
train,2692,2692::term::2,"The staff was very attentive, the ambience lovely, and the food superb.",food,food,positive
train,2590,2590::term::0,"I love when restaurants think using fancy expensive ingrediants makes the food fine cuisine, even with no idea how to use them.",ingrediants,ingrediants,positive
train,2590,2590::term::1,"I love when restaurants think using fancy expensive ingrediants makes the food fine cuisine, even with no idea how to use them.",cuisine,cuisine,positive
train,2590,2590::term::2,"I love when restaurants think using fancy expensive ingrediants makes the food fine cuisine, even with no idea how to use them.",food,food,positive
train,71,71::term::0,THe Pizza and wine were excellent-the service too--but what really MADE this place was the backyard dining area.,Pizza,pizza,positive
train,71,71::term::1,THe Pizza and wine were excellent-the service too--but what really MADE this place was the backyard dining area.,wine,wine,positive
train,71,71::term::2,THe Pizza and wine were excellent-the service too--but what really MADE this place was the backyard dining area.,service,service,positive
train,71,71::term::3,THe Pizza and wine were excellent-the service too--but what really MADE this place was the backyard dining area.,backyard dining area,backyard dining area,positive
train,2957,2957::term::0,"The waiters are sweet, the food is tasty and the bill is never too large.",waiters,waiters,positive
train,2957,2957::term::1,"The waiters are sweet, the food is tasty and the bill is never too large.",food,food,positive
train,2957,2957::term::2,"The waiters are sweet, the food is tasty and the bill is never too large.",bill,bill,positive
train,3633,3633::term::0,"The service was superb, they treat you like family.",service,service,positive
train,2696,2696::term::0,"We all had the tasting menu and unlike some of the other reviews, I felt there was more than enough food.",menu,menu,positive
train,2696,2696::term::1,"We all had the tasting menu and unlike some of the other reviews, I felt there was more than enough food.",food,food,positive
train,1186,1186::term::0,"It only took about five or so minutes to get an empty table, but standing up wasn't too bad.",table,table,positive
train,3224,3224::term::0,"The menu may be small, but everything on it is delicious.",menu,menu,negative
train,935,935::term::0,They had scrapped the bottom of the vessel in which they make the rice -RESULT - WE HAD LARGE CHUNKS OF BURNT RICE IN OUR SERVING BOWL.,rice,rice,negative
train,935,935::term::1,They had scrapped the bottom of the vessel in which they make the rice -RESULT - WE HAD LARGE CHUNKS OF BURNT RICE IN OUR SERVING BOWL.,RICE,rice,negative
train,3355,3355::term::0,"- for dessert we split chocolate cake and vanilla gelato (with espresso), which were tasty, but I thought a bit overpriced.",chocolate cake,chocolate cake,conflict
train,3355,3355::term::1,"- for dessert we split chocolate cake and vanilla gelato (with espresso), which were tasty, but I thought a bit overpriced.",vanilla gelato (with espresso),vanilla gelato with espresso ,conflict
train,3355,3355::term::2,"- for dessert we split chocolate cake and vanilla gelato (with espresso), which were tasty, but I thought a bit overpriced.",dessert,dessert,conflict
train,637,637::term::0,"Warm, comfortable surroundings, nice appointments (witness the etched glass and brickwork separating the dining rooms).",surroundings,surroundings,positive
train,637,637::term::1,"Warm, comfortable surroundings, nice appointments (witness the etched glass and brickwork separating the dining rooms).",dining rooms,dining rooms,neutral
train,2029,2029::term::0,We ran a little late for the reservation but it wasn't a problem to get our table immediately.,reservation,reservation,neutral
train,2029,2029::term::1,We ran a little late for the reservation but it wasn't a problem to get our table immediately.,table,table,positive
train,2341,2341::term::0,We arrived on time for our reservation and seated promptly.The,reservation,reservation,positive
train,2004,2004::term::0,"I would definitely go back for a very special occasion, but not for regular fine dining.",dining,dining,neutral
train,644,644::term::0,"The well mannered, pleasant staff that Tony has in his employ.",staff,staff,positive
train,2007,2007::term::0,The flavors robust and subtle.,flavors,flavors,positive
train,314,314::term::0,"All I can say is $2 pints during happy hour and the some of the cheapest oysters you'll find in the city, though the quality is some of the best.",oysters,oysters,positive
train,314,314::term::1,"All I can say is $2 pints during happy hour and the some of the cheapest oysters you'll find in the city, though the quality is some of the best.",quality,quality,positive
train,3107,3107::term::0,"I would never wait for a table to eat, it just is not THAT great.",table,table,neutral
train,580,580::term::0,"We concluded with tiramisu chocolate cake, both were delicious.",tiramisu chocolate cake,tiramisu chocolate cake,positive
train,1295,1295::term::0,The counter service is bad.,counter service,counter service,negative
train,2701,2701::term::0,"Service here was great, food was fantastic.",Service,service,positive
train,2701,2701::term::1,"Service here was great, food was fantastic.",food,food,positive
train,997,997::term::0,"This is such a lovely, peaceful place to eat outside.",place,place,positive
train,1491,1491::term::0,The sauce is delicious and the crust is perfect.,sauce,sauce,positive
train,1491,1491::term::1,The sauce is delicious and the crust is perfect.,crust,crust,positive
train,906,906::term::0,Since my first dinner I have had the chance to have brunch at Orsay 3x.,dinner,dinner,neutral
train,906,906::term::1,Since my first dinner I have had the chance to have brunch at Orsay 3x.,brunch,brunch,neutral
train,758,758::term::0,"You will pay a lot for the decore, but the food is no better or worse than a lot of other Chinese and Asian fusion places in NY.",decore,decore,negative
train,758,758::term::1,"You will pay a lot for the decore, but the food is no better or worse than a lot of other Chinese and Asian fusion places in NY.",food,food,neutral
train,1601,1601::term::0,They have some great entrees here as well.,entrees,entrees,positive
train,2195,2195::term::0,The service is not consistently excellent -- just decent.,service,service,neutral
train,1917,1917::term::0,"The food, served in small tasting portions (as an option) is very good with each dish being better than the next.",food,food,positive
train,1917,1917::term::1,"The food, served in small tasting portions (as an option) is very good with each dish being better than the next.",served,served,neutral
train,1917,1917::term::2,"The food, served in small tasting portions (as an option) is very good with each dish being better than the next.",portions,portions,positive
train,1917,1917::term::3,"The food, served in small tasting portions (as an option) is very good with each dish being better than the next.",dish,dish,positive
train,2252,2252::term::0,"They do cater to American palates, but if you like it hot let them know and they are more than willing to oblige!",cater,cater,positive
train,3668,3668::term::0,I had the mango chicken and i can't go on to tell you how delicious that was and the presentation was beatiful.,mango chicken,mango chicken,positive
train,3668,3668::term::1,I had the mango chicken and i can't go on to tell you how delicious that was and the presentation was beatiful.,presentation,presentation,positive
train,928,928::term::0,I care more about the food and ambience.,food,food,neutral
train,928,928::term::1,I care more about the food and ambience.,ambience,ambience,neutral
train,1794,1794::term::0,"Oh, but wait, we were out of drinks (which were also delightfully overpriced).",drinks,drinks,negative
train,1163,1163::term::0,The service is fantastic.,service,service,positive
train,1109,1109::term::0,The garlic mashed potatoes are hands down the best in the city!,garlic mashed potatoes,garlic mashed potatoes,positive
train,899,899::term::0,Food and service was okay.,Food,food,neutral
train,899,899::term::1,Food and service was okay.,service,service,neutral
train,934,934::term::0,The lamb meat was under-cooked and EXTRMELY CHEWY.,lamb meat,lamb meat,negative
train,2199,2199::term::0,The best pad thai i've ever had.,pad thai,pad thai,positive
train,188,188::term::0,"Over time, the food quality has decreased substantially, it is a lot less crowded than it used to, and the service must definitely be part of the reason.",food quality,food quality,negative
train,188,188::term::1,"Over time, the food quality has decreased substantially, it is a lot less crowded than it used to, and the service must definitely be part of the reason.",service,service,negative
train,1748,1748::term::0,Great pizza and fantastic service.,pizza,pizza,positive
train,1748,1748::term::1,Great pizza and fantastic service.,service,service,positive
train,949,949::term::0,We were seated outside and the waiter spilled red wine and hot tea on myself and my date.,waiter,waiter,negative
train,949,949::term::1,We were seated outside and the waiter spilled red wine and hot tea on myself and my date.,red wine,red wine,neutral
train,949,949::term::2,We were seated outside and the waiter spilled red wine and hot tea on myself and my date.,hot tea,hot tea,neutral
train,949,949::term::3,We were seated outside and the waiter spilled red wine and hot tea on myself and my date.,outside,outside,neutral
train,390,390::term::0,i would just ask for no oil next time.,oil,oil,negative
train,885,885::term::0,"While this is a pretty place in that overly cute French way, the food was insultingly horrible.",place,place,positive
train,885,885::term::1,"While this is a pretty place in that overly cute French way, the food was insultingly horrible.",food,food,negative
train,1428,1428::term::0,I went there for lunch and it was not as good as I expected from the reviews I read.,lunch,lunch,neutral
train,1639,1639::term::0,"The wine list isn't great, and the desserts are shipped in from Bruno's down the street, which is not as good as it used to be.",wine list,wine list,negative
train,1639,1639::term::1,"The wine list isn't great, and the desserts are shipped in from Bruno's down the street, which is not as good as it used to be.",desserts,desserts,negative
train,1417,1417::term::0,I ordered a Lassi and asked 4 times for it but never got it.,Lassi,lassi,neutral
train,3159,3159::term::0,Their coffee is quite good too!,coffee,coffee,positive
train,363,363::term::0,"great wine list (italian), good food, service was INITIALLY fine.",wine list,wine list,positive
train,363,363::term::1,"great wine list (italian), good food, service was INITIALLY fine.",food,food,positive
train,363,363::term::2,"great wine list (italian), good food, service was INITIALLY fine.",service,service,conflict
train,2856,2856::term::0,"Despite the fact that the space is large, they've overcrowded the floor with tables.",space,space,positive
train,2856,2856::term::1,"Despite the fact that the space is large, they've overcrowded the floor with tables.",tables,tables,negative
train,1030,1030::term::0,"As far as the service goes, the waitresses were not particularly friendly, but they got the job done.",service,service,conflict
train,1030,1030::term::1,"As far as the service goes, the waitresses were not particularly friendly, but they got the job done.",waitresses,waitresses,conflict
train,2838,2838::term::0,"They are not helpful in the least and will give you the grand run around so by the time the event date rolls around you will not only regret chosing this place, but also become hostile!",place,place,negative
train,3149,3149::term::0,I had to ask her three times before she finally came back with the dish Ive requested.,dish,dish,neutral
train,2780,2780::term::0,"Normally that would be improper, however they were all delicious and my host did not complain.",host,host,neutral
train,1782,1782::term::0,Taxan delicious!,Taxan,taxan,positive
train,3696,3696::term::0,"Unlike other places in NYC where the sandwiches you want only come as a triple-decker, here you can get what you want in a reasonably-sized portion (and price).",sandwiches,sandwiches,negative
train,3696,3696::term::1,"Unlike other places in NYC where the sandwiches you want only come as a triple-decker, here you can get what you want in a reasonably-sized portion (and price).",price,price,positive
train,3696,3696::term::2,"Unlike other places in NYC where the sandwiches you want only come as a triple-decker, here you can get what you want in a reasonably-sized portion (and price).",portion,portion,positive
train,3419,3419::term::0,"Southern Indian cuisine is still there, too.",Southern Indian cuisine,southern indian cuisine,neutral
train,468,468::term::0,"Restaurant snobs need not bother, this is a small, neighborhood kind of place.",place,place,positive
train,2655,2655::term::0,They couldn't even make a salad that was appealing.,salad,salad,negative
train,3570,3570::term::0,For two people with tip was less than $25 bucks.,tip,tip,neutral
train,2129,2129::term::0,Killer Sushi!,Sushi,sushi,positive
train,206,206::term::0,Of course the reason its so packed is because the food is so delicious!,food,food,positive
train,3038,3038::term::0,"Staffs are not that friendly, but the taste covers all.",Staffs,staffs,negative
train,3038,3038::term::1,"Staffs are not that friendly, but the taste covers all.",taste,taste,positive
train,3365,3365::term::0,The jukebox plays everything from Italian Opera to The Strokes.,jukebox,jukebox,positive
train,2742,2742::term::0,Plus they made a perfect martini.,martini,martini,positive
train,278,278::term::0,I am not sure if I would call the food here Indian as it is a fusion of what seems to be French with an Indian or exotic touch.,food,food,neutral
train,3183,3183::term::0,"I've eaten thai many times, and am very familiar with the cuisine.",cuisine,cuisine,neutral
train,817,817::term::0,The waiter was attentive.,waiter,waiter,positive
train,353,353::term::0,Their Margarita is best I've had since I've returned from Naples!,Margarita,margarita,positive
train,213,213::term::0,The tastes makes your mouth water for more.,tastes,tastes,positive
train,2261,2261::term::0,"Their sake list was extensive, but we were looking for Purple Haze, which wasn't listed but made for us upon request!",sake list,sake list,positive
train,2261,2261::term::1,"Their sake list was extensive, but we were looking for Purple Haze, which wasn't listed but made for us upon request!",Purple Haze,purple haze,conflict
train,2772,2772::term::0,"The tables are crammed way too close, the menu is typical of any Italian restaurant, and the wine list is simply overpriced.",tables,tables,negative
train,2772,2772::term::1,"The tables are crammed way too close, the menu is typical of any Italian restaurant, and the wine list is simply overpriced.",menu,menu,neutral
train,2772,2772::term::2,"The tables are crammed way too close, the menu is typical of any Italian restaurant, and the wine list is simply overpriced.",wine list,wine list,negative
train,2979,2979::term::0,The food was actually aweful.,food,food,negative
train,2399,2399::term::0,They are served with a free appetizer and the portions are perfect for lunch.,appetizer,appetizer,positive
train,2399,2399::term::1,They are served with a free appetizer and the portions are perfect for lunch.,portions,portions,positive
train,2399,2399::term::2,They are served with a free appetizer and the portions are perfect for lunch.,served,served,neutral
train,2399,2399::term::3,They are served with a free appetizer and the portions are perfect for lunch.,lunch,lunch,neutral
train,3520,3520::term::0,There is actually space to breathe and the decor sets the tone for an intimate dinner.,space,space,positive
train,3520,3520::term::1,There is actually space to breathe and the decor sets the tone for an intimate dinner.,decor,decor,positive
train,3520,3520::term::2,There is actually space to breathe and the decor sets the tone for an intimate dinner.,dinner,dinner,neutral
train,2263,2263::term::0,We went around 9:30 on a Friday and it had died down a bit by then so the service was great!,service,service,positive
train,1902,1902::term::0,"My husband and I both ordered the Steak, medium.",Steak,steak,neutral
train,341,341::term::0,"Furthermore, the rice had no seasoning, so the sushi was bland and disgusting.",rice,rice,negative
train,341,341::term::1,"Furthermore, the rice had no seasoning, so the sushi was bland and disgusting.",sushi,sushi,negative
train,341,341::term::2,"Furthermore, the rice had no seasoning, so the sushi was bland and disgusting.",seasoning,seasoning,negative
train,1649,1649::term::0,This place has realy fresh sushi and a nice large menu of Japanese classic cuisine.,sushi,sushi,positive
train,1649,1649::term::1,This place has realy fresh sushi and a nice large menu of Japanese classic cuisine.,menu,menu,positive
train,1649,1649::term::2,This place has realy fresh sushi and a nice large menu of Japanese classic cuisine.,Japanese classic cuisine,japanese classic cuisine,positive
train,1195,1195::term::0,The sushi is average and the prices are anything but.,sushi,sushi,neutral
train,1195,1195::term::1,The sushi is average and the prices are anything but.,prices,prices,neutral
train,3247,3247::term::0,"My wife and I also enjoyed the spinach, the Shanghai low mein, and other attractions.",spinach,spinach,positive
train,3247,3247::term::1,"My wife and I also enjoyed the spinach, the Shanghai low mein, and other attractions.",Shanghai low mein,shanghai low mein,positive
train,1693,1693::term::0,Owner must have coem on this website to give himself credit.,Owner,owner,neutral
train,1496,1496::term::0,Turned out there was full service upstairs and sat down.,service,service,positive
train,2387,2387::term::0,Several of the dim sum orders had about 6-8 pieces.,dim sum orders,dim sum orders,neutral
train,2382,2382::term::0,If you have a dumpling fetish i suggest you try some here!,dumpling,dumpling,positive
train,517,517::term::0,"Three page wine menu, one page entree and horedevous.",wine menu,wine menu,positive
train,517,517::term::1,"Three page wine menu, one page entree and horedevous.",entree,entree,positive
train,517,517::term::2,"Three page wine menu, one page entree and horedevous.",horedevous,horedevous,positive
train,1399,1399::term::0,"The food is consistently wonderful - I've been coming here for years, and the owner has always been accomodating and friendly.",food,food,positive
train,1399,1399::term::1,"The food is consistently wonderful - I've been coming here for years, and the owner has always been accomodating and friendly.",owner,owner,positive
train,3488,3488::term::0,The waiters and owners were nonchalant about this and promised to call the exterminator but weren't as dismayed or apologetic as I would have expected.,waiters,waiters,negative
train,3488,3488::term::1,The waiters and owners were nonchalant about this and promised to call the exterminator but weren't as dismayed or apologetic as I would have expected.,owners,owners,negative
train,3117,3117::term::0,And the food was fantastic.,food,food,positive
train,1024,1024::term::0,"If you're looking for a place to sit down, have a drink and conversations with friends, go to sweet-n-tart and order yourself a hong-kong styled milk and tea with tapioca pearls (hot).",drink,drink,neutral
train,1024,1024::term::1,"If you're looking for a place to sit down, have a drink and conversations with friends, go to sweet-n-tart and order yourself a hong-kong styled milk and tea with tapioca pearls (hot).",hong-kong styled milk,hong-kong styled milk,positive
train,1024,1024::term::2,"If you're looking for a place to sit down, have a drink and conversations with friends, go to sweet-n-tart and order yourself a hong-kong styled milk and tea with tapioca pearls (hot).",tea with tapioca pearls (hot),tea with tapioca pearls hot ,positive
train,394,394::term::0,"Aside from the Sea Urchin, the chef recommended an assortment of fish including Fatty Yellow Tail, Boton Shrimp, Blue Fin Torro (Fatty Tuna), Sea Eel, etc.",chef,chef,neutral
train,394,394::term::1,"Aside from the Sea Urchin, the chef recommended an assortment of fish including Fatty Yellow Tail, Boton Shrimp, Blue Fin Torro (Fatty Tuna), Sea Eel, etc.",assortment of fish,assortment of fish,neutral
train,394,394::term::2,"Aside from the Sea Urchin, the chef recommended an assortment of fish including Fatty Yellow Tail, Boton Shrimp, Blue Fin Torro (Fatty Tuna), Sea Eel, etc.",Fatty Yellow Tail,fatty yellow tail,neutral
train,394,394::term::3,"Aside from the Sea Urchin, the chef recommended an assortment of fish including Fatty Yellow Tail, Boton Shrimp, Blue Fin Torro (Fatty Tuna), Sea Eel, etc.",Boton Shrimp,boton shrimp,neutral
train,394,394::term::4,"Aside from the Sea Urchin, the chef recommended an assortment of fish including Fatty Yellow Tail, Boton Shrimp, Blue Fin Torro (Fatty Tuna), Sea Eel, etc.",Sea Eel,sea eel,neutral
train,394,394::term::5,"Aside from the Sea Urchin, the chef recommended an assortment of fish including Fatty Yellow Tail, Boton Shrimp, Blue Fin Torro (Fatty Tuna), Sea Eel, etc.",Sea Urchin,sea urchin,neutral
train,394,394::term::6,"Aside from the Sea Urchin, the chef recommended an assortment of fish including Fatty Yellow Tail, Boton Shrimp, Blue Fin Torro (Fatty Tuna), Sea Eel, etc.",Blue Fin Torro (Fatty Tuna),blue fin torro fatty tuna ,neutral
train,1483,1483::term::0,"They're also friendlier here, especially the owner, Kenny.",owner,owner,positive
train,2945,2945::term::0,"While the room is not particularly comfortable, once you're seated you'll forget about everything except what's on your plate.",room,room,negative
train,2945,2945::term::1,"While the room is not particularly comfortable, once you're seated you'll forget about everything except what's on your plate.",plate,plate,positive
train,3487,3487::term::0,I've lived in NYC all my life and had never before seen so many waterbugs in one place (except in a really bad dream).,waterbugs,waterbugs,negative
train,1701,1701::term::0,Winnie and her staff are the best crew you can find serving you.,crew,crew,positive
train,1701,1701::term::1,Winnie and her staff are the best crew you can find serving you.,staff,staff,positive
train,1701,1701::term::2,Winnie and her staff are the best crew you can find serving you.,serving,serving,positive
train,464,464::term::0,"The ambiance is minimal the food is not phenomenal, but some dishes are quite good, such as the eggplant parmesan, veal in carozza chicken saltimbocca.",ambiance,ambiance,positive
train,464,464::term::1,"The ambiance is minimal the food is not phenomenal, but some dishes are quite good, such as the eggplant parmesan, veal in carozza chicken saltimbocca.",food,food,negative
train,464,464::term::2,"The ambiance is minimal the food is not phenomenal, but some dishes are quite good, such as the eggplant parmesan, veal in carozza chicken saltimbocca.",dishes,dishes,positive
train,464,464::term::3,"The ambiance is minimal the food is not phenomenal, but some dishes are quite good, such as the eggplant parmesan, veal in carozza chicken saltimbocca.",eggplant parmesan,eggplant parmesan,positive
train,464,464::term::4,"The ambiance is minimal the food is not phenomenal, but some dishes are quite good, such as the eggplant parmesan, veal in carozza chicken saltimbocca.",veal in carozza chicken saltimbocca,veal in carozza chicken saltimbocca,positive
train,2779,2779::term::0,"My host asked for appetizers for the group and the waiter gave us not only what we ordered, but some other items that were not ordered.",host,host,neutral
train,2779,2779::term::1,"My host asked for appetizers for the group and the waiter gave us not only what we ordered, but some other items that were not ordered.",appetizers,appetizers,neutral
train,2779,2779::term::2,"My host asked for appetizers for the group and the waiter gave us not only what we ordered, but some other items that were not ordered.",waiter,waiter,neutral
train,1086,1086::term::0,You can even get packages of the chutneys to stock your fridge!,chutneys,chutneys,positive
train,2539,2539::term::0,The bar has various selections and the mixed drink special is a catcher! 2 for 1's.,bar,bar,positive
train,2539,2539::term::1,The bar has various selections and the mixed drink special is a catcher! 2 for 1's.,mixed drink special,mixed drink special,positive
train,2580,2580::term::0,"If it isn't for the food (A+++), it must be the service or the ambience.",food,food,positive
train,2580,2580::term::1,"If it isn't for the food (A+++), it must be the service or the ambience.",service,service,positive
train,2580,2580::term::2,"If it isn't for the food (A+++), it must be the service or the ambience.",ambience,ambience,positive
train,3341,3341::term::0,"During the course of the past 3 months, the chef and staff changed and it was not for the better.",chef,chef,negative
train,3341,3341::term::1,"During the course of the past 3 months, the chef and staff changed and it was not for the better.",staff,staff,negative
train,722,722::term::0,"I like the ambience, it's very dark and original.",ambience,ambience,positive
train,3685,3685::term::0,"Overall, not worth the money.",money,money,negative
train,346,346::term::0,This place is not worth the prices.,prices,prices,negative
train,2672,2672::term::0,We left after one drink.,drink,drink,neutral
train,1231,1231::term::0,Pick a bagel has the best bagels in the city.,bagels,bagels,positive
train,1676,1676::term::0,"You are paying for the atmosphere, which is nice, but can be had in numerous places in Bay Ridge.",atmosphere,atmosphere,conflict
train,3666,3666::term::0,Yes you have to wait to be seated and because its small there is no waiting area and the seat at the bar was all taken.,waiting area,waiting area,negative
train,3666,3666::term::1,Yes you have to wait to be seated and because its small there is no waiting area and the seat at the bar was all taken.,seat,seat,negative
train,3666,3666::term::2,Yes you have to wait to be seated and because its small there is no waiting area and the seat at the bar was all taken.,bar,bar,neutral
train,3666,3666::term::3,Yes you have to wait to be seated and because its small there is no waiting area and the seat at the bar was all taken.,wait,wait,negative
train,2210,2210::term::0,"The last two times I ordered from here my food was soo spicy that I could barely eat it, and the spice took away from the flavor of the dish.",food,food,negative
train,2210,2210::term::1,"The last two times I ordered from here my food was soo spicy that I could barely eat it, and the spice took away from the flavor of the dish.",flavor,flavor,negative
train,2210,2210::term::2,"The last two times I ordered from here my food was soo spicy that I could barely eat it, and the spice took away from the flavor of the dish.",dish,dish,negative
train,2210,2210::term::3,"The last two times I ordered from here my food was soo spicy that I could barely eat it, and the spice took away from the flavor of the dish.",spice,spice,negative
train,1699,1699::term::0,The fried dumplings are GREAT!,fried dumplings,fried dumplings,positive
train,147,147::term::0,This place has the best Chinese style BBQ ribs in the city.,BBQ ribs,bbq ribs,positive
train,2051,2051::term::0,Ive been here so many times the waiters know my name.,waiters,waiters,neutral
train,862,862::term::0,The decor is very simple but comfortable.,decor,decor,conflict
train,3638,3638::term::0,"We figured we never had Argentinian Pizza before so we grabbed our lunch there, sharing a large Pelligrino, a pizza of two of their specials, one was goat cheese the other blue cheese, and both were excellent.",Argentinian Pizza,argentinian pizza,neutral
train,3638,3638::term::1,"We figured we never had Argentinian Pizza before so we grabbed our lunch there, sharing a large Pelligrino, a pizza of two of their specials, one was goat cheese the other blue cheese, and both were excellent.",lunch,lunch,neutral
train,3638,3638::term::2,"We figured we never had Argentinian Pizza before so we grabbed our lunch there, sharing a large Pelligrino, a pizza of two of their specials, one was goat cheese the other blue cheese, and both were excellent.",Pelligrino,pelligrino,positive
train,3638,3638::term::3,"We figured we never had Argentinian Pizza before so we grabbed our lunch there, sharing a large Pelligrino, a pizza of two of their specials, one was goat cheese the other blue cheese, and both were excellent.",pizza,pizza,positive
train,3638,3638::term::4,"We figured we never had Argentinian Pizza before so we grabbed our lunch there, sharing a large Pelligrino, a pizza of two of their specials, one was goat cheese the other blue cheese, and both were excellent.",goat cheese,goat cheese,positive
train,3638,3638::term::5,"We figured we never had Argentinian Pizza before so we grabbed our lunch there, sharing a large Pelligrino, a pizza of two of their specials, one was goat cheese the other blue cheese, and both were excellent.",blue cheese,blue cheese,positive
train,3088,3088::term::0,The 'kamasutra' and 'bombay cosmopolitan' are excellent and will have you tipsy in no time.,kamasutra,kamasutra,positive
train,3088,3088::term::1,The 'kamasutra' and 'bombay cosmopolitan' are excellent and will have you tipsy in no time.,bombay cosmopolitan,bombay cosmopolitan,positive
train,3364,3364::term::0,This is the perfect date spot for Williamsburg couples.,date spot,date spot,positive
train,2083,2083::term::0,The dim sum here is only so-so.,dim sum,dim sum,neutral
train,1411,1411::term::0,"$6 and there is much tasty food, all of it fresh and continually refilled.",food,food,positive
train,1566,1566::term::0,"Just straight up cheap, good food.",food,food,positive
train,126,126::term::0,Seating is ok even though sometimes there's alot of people.,Seating,seating,neutral
train,1985,1985::term::0,"Even with a relatively inexpensive botle of wine, if you can call $70.00 inexpensive, the cost is through the roof for better than average fare.",cost,cost,negative
train,1985,1985::term::1,"Even with a relatively inexpensive botle of wine, if you can call $70.00 inexpensive, the cost is through the roof for better than average fare.",botle of wine,botle of wine,conflict
train,2320,2320::term::0,"Service was slow, but the people were friendly.",Service,service,negative
train,2320,2320::term::1,"Service was slow, but the people were friendly.",people,people,positive
train,2991,2991::term::0,The steak was very fatty and the sauce was overpowering and not very tasty.,steak,steak,negative
train,2991,2991::term::1,The steak was very fatty and the sauce was overpowering and not very tasty.,sauce,sauce,negative
train,2146,2146::term::0,"The staff makes you feel at home, the food is great and the atmosphere is WONDERFUL!",staff,staff,positive
train,2146,2146::term::1,"The staff makes you feel at home, the food is great and the atmosphere is WONDERFUL!",food,food,positive
train,2146,2146::term::2,"The staff makes you feel at home, the food is great and the atmosphere is WONDERFUL!",atmosphere,atmosphere,positive
train,2474,2474::term::0,The food is alright - some stuff is good - some is not (like the steak dish which tends to be dry).,food,food,conflict
train,2474,2474::term::1,The food is alright - some stuff is good - some is not (like the steak dish which tends to be dry).,steak dish,steak dish,negative
train,2714,2714::term::0,They have a very diverse menu so its something for everybody.,menu,menu,positive
train,3672,3672::term::0,The staff was too busy ordering sushi for dinner and then laying it out to eat on the bar to even bring me my check.,staff,staff,negative
train,3672,3672::term::1,The staff was too busy ordering sushi for dinner and then laying it out to eat on the bar to even bring me my check.,sushi,sushi,neutral
train,3672,3672::term::2,The staff was too busy ordering sushi for dinner and then laying it out to eat on the bar to even bring me my check.,check,check,neutral
train,3672,3672::term::3,The staff was too busy ordering sushi for dinner and then laying it out to eat on the bar to even bring me my check.,dinner,dinner,neutral
train,3672,3672::term::4,The staff was too busy ordering sushi for dinner and then laying it out to eat on the bar to even bring me my check.,bar,bar,neutral
train,2428,2428::term::0,"As a long-time patron of Mamoun's, I always figured that I had found the best late night food spot in the city.",food spot,food spot,positive
train,2165,2165::term::0,The bagel was huge.,bagel,bagel,neutral
train,1207,1207::term::0,Get the tuna of gari.,tuna,tuna,positive
train,182,182::term::0,"I like the somosas, chai, and the chole, but the dhosas and dhal were kinda dissapointing.",somosas,somosas,positive
train,182,182::term::1,"I like the somosas, chai, and the chole, but the dhosas and dhal were kinda dissapointing.",chai,chai,positive
train,182,182::term::2,"I like the somosas, chai, and the chole, but the dhosas and dhal were kinda dissapointing.",chole,chole,positive
train,182,182::term::3,"I like the somosas, chai, and the chole, but the dhosas and dhal were kinda dissapointing.",dhosas,dhosas,negative
train,182,182::term::4,"I like the somosas, chai, and the chole, but the dhosas and dhal were kinda dissapointing.",dhal,dhal,negative
train,1416,1416::term::0,Edible but really a ripoff at those prices given whats in the area.,prices,prices,negative
train,196,196::term::0,"The staff has been nice, but they seemed really stressed and the unisex bathroom needs to be cleaned more often.",staff,staff,conflict
train,196,196::term::1,"The staff has been nice, but they seemed really stressed and the unisex bathroom needs to be cleaned more often.",bathroom,bathroom,negative
train,2748,2748::term::0,The service was the only thing good about this restaurant.,service,service,positive
train,1818,1818::term::0,Service- friendly and attentive.,Service,service,positive
train,3072,3072::term::0,Service was very prompt but slightly rushed.,Service,service,conflict
train,1718,1718::term::0,"Great food, great decor, great service.",food,food,positive
train,1718,1718::term::1,"Great food, great decor, great service.",decor,decor,positive
train,1718,1718::term::2,"Great food, great decor, great service.",service,service,positive
train,2207,2207::term::0,"And, atlhough tables opened up next to us and we ASKED for a slightly larger space, they left us awkardly seated.",tables,tables,neutral
train,2207,2207::term::1,"And, atlhough tables opened up next to us and we ASKED for a slightly larger space, they left us awkardly seated.",space,space,neutral
train,3095,3095::term::0,"The palak paneer was standard, and I was not a fan of the malai kofta.",palak paneer,palak paneer,neutral
train,3095,3095::term::1,"The palak paneer was standard, and I was not a fan of the malai kofta.",malai kofta,malai kofta,neutral
train,2002,2002::term::0,I've dined at Alain Ducasse's restaurant in Monte Carlo for half the price for the same excellent dining experience.,dining,dining,positive
train,2002,2002::term::1,I've dined at Alain Ducasse's restaurant in Monte Carlo for half the price for the same excellent dining experience.,price,price,positive
train,441,441::term::0,"Yeah, sometimes the service can be slow.",service,service,negative
train,2948,2948::term::0,There was no ambiance.,ambiance,ambiance,negative
train,474,474::term::0,"Save your money and don't waste your calories, go to Margharita's on Washington Street instead, they have amazing food and the BEST service.",food,food,positive
train,474,474::term::1,"Save your money and don't waste your calories, go to Margharita's on Washington Street instead, they have amazing food and the BEST service.",service,service,positive
train,3662,3662::term::0,The service was attentive without being overbearing and each dish we tried was wonderful from the spring rolls to the cod with pineapple tempura.,service,service,positive
train,3662,3662::term::1,The service was attentive without being overbearing and each dish we tried was wonderful from the spring rolls to the cod with pineapple tempura.,dish,dish,positive
train,3662,3662::term::2,The service was attentive without being overbearing and each dish we tried was wonderful from the spring rolls to the cod with pineapple tempura.,spring rolls,spring rolls,positive
train,3662,3662::term::3,The service was attentive without being overbearing and each dish we tried was wonderful from the spring rolls to the cod with pineapple tempura.,cod with pineapple tempura,cod with pineapple tempura,positive
train,2471,2471::term::0,"The only weird thing was if we got a bottle, the waitress would have simply multiplied the glass price X4, which makes no sense whatsoever.",bottle,bottle,neutral
train,2471,2471::term::1,"The only weird thing was if we got a bottle, the waitress would have simply multiplied the glass price X4, which makes no sense whatsoever.",waitress,waitress,negative
train,2471,2471::term::2,"The only weird thing was if we got a bottle, the waitress would have simply multiplied the glass price X4, which makes no sense whatsoever.",price,price,negative
train,1192,1192::term::0,"They sell special sushi, everything have a topping, sauce and etc.",sushi,sushi,positive
train,1192,1192::term::1,"They sell special sushi, everything have a topping, sauce and etc.",sauce,sauce,positive
train,1192,1192::term::2,"They sell special sushi, everything have a topping, sauce and etc.",topping,topping,positive
train,1373,1373::term::0,DO not try unless you're just going there to hang out like the rest of the hipsters who apparently have no sense of taste.,taste,taste,negative
train,2686,2686::term::0,"The place is small and intimate and you may feel a little crowded, but the service is excellent and it's great for friends out, a romantic date, or a special occassion.",service,service,positive
train,2686,2686::term::1,"The place is small and intimate and you may feel a little crowded, but the service is excellent and it's great for friends out, a romantic date, or a special occassion.",place,place,negative
train,1952,1952::term::0,The service was excellent and the food was delicious.,service,service,positive
train,1952,1952::term::1,The service was excellent and the food was delicious.,food,food,positive
train,917,917::term::0,Service was also very good.,Service,service,positive
train,1325,1325::term::0,"I took my girlfriend there for her birthday last night and we had a relaxing, really good meal.",meal,meal,positive
train,3016,3016::term::0,"I would not have been so disappointed with the portions if the qualities were good enough to make up for it, but they were not!",portions,portions,negative
train,3016,3016::term::1,"I would not have been so disappointed with the portions if the qualities were good enough to make up for it, but they were not!",qualities,qualities,negative
train,1528,1528::term::0,I'm happy to have Nosh in the neighborhood and the food is very comforting.,food,food,positive
train,1162,1162::term::0,"Good atmosphere, combination of all the hottest music dress code is relatively strict except on Fridays.",atmosphere,atmosphere,positive
train,1162,1162::term::1,"Good atmosphere, combination of all the hottest music dress code is relatively strict except on Fridays.",music,music,positive
train,1162,1162::term::2,"Good atmosphere, combination of all the hottest music dress code is relatively strict except on Fridays.",dress cod,dress cod,negative
train,2796,2796::term::0,love the food.,food,food,positive
train,3634,3634::term::0,I would highly recommend Nina's to anyone who wants to have a romantic dinner in a heart warming surrounding filled with candles and family pictures.,candles,candles,positive
train,3634,3634::term::1,I would highly recommend Nina's to anyone who wants to have a romantic dinner in a heart warming surrounding filled with candles and family pictures.,dinner,dinner,positive
train,3634,3634::term::2,I would highly recommend Nina's to anyone who wants to have a romantic dinner in a heart warming surrounding filled with candles and family pictures.,surrounding,surrounding,positive
train,3634,3634::term::3,I would highly recommend Nina's to anyone who wants to have a romantic dinner in a heart warming surrounding filled with candles and family pictures.,pictures,pictures,positive
train,822,822::term::0,All the desserts the group tried got favorable reviews.,desserts,desserts,positive
train,2256,2256::term::0,There's something smooth about sipping sake upper east side style.,sake,sake,positive
train,2321,2321::term::0,It's a nice place to relax and have conversation.,place,place,positive
train,2611,2611::term::0,Best Reuben sandwich ever!,Reuben sandwich,reuben sandwich,positive
train,1716,1716::term::0,Lucky Strike is a great casual place to just grab a bite to eat.,place,place,positive
train,1003,1003::term::0,Wonderful strawberry daiquiries as well!,strawberry daiquiries,strawberry daiquiries,positive
train,1614,1614::term::0,"Going to Volare is like going to your favorite aunt's house for dinner, assuming that your aunt is a great Italian cook.",dinner,dinner,neutral
train,2109,2109::term::0,"The sushi has been from average to below average, the wait service has always been sub-par the atmosphere goes from nice to really irritating (if you sit in the area beyond the kitchen, the acousitcs are horrid, everything echoes is extremely loud).",sushi,sushi,negative
train,2109,2109::term::1,"The sushi has been from average to below average, the wait service has always been sub-par the atmosphere goes from nice to really irritating (if you sit in the area beyond the kitchen, the acousitcs are horrid, everything echoes is extremely loud).",wait service,wait service,negative
train,2109,2109::term::2,"The sushi has been from average to below average, the wait service has always been sub-par the atmosphere goes from nice to really irritating (if you sit in the area beyond the kitchen, the acousitcs are horrid, everything echoes is extremely loud).",atmosphere,atmosphere,conflict
train,2109,2109::term::3,"The sushi has been from average to below average, the wait service has always been sub-par the atmosphere goes from nice to really irritating (if you sit in the area beyond the kitchen, the acousitcs are horrid, everything echoes is extremely loud).",area,area,negative
train,508,508::term::0,Frites were delicious if a bit on the thick side.,Frites,frites,positive
train,785,785::term::0,Here you get the zen feel without feeling rigid.,zen feel,zen feel,positive
train,665,665::term::0,I would recommend putting your name down and then getting a drink at a local bar first though because of the wait time.,drink,drink,neutral
train,665,665::term::1,I would recommend putting your name down and then getting a drink at a local bar first though because of the wait time.,bar,bar,neutral
train,665,665::term::2,I would recommend putting your name down and then getting a drink at a local bar first though because of the wait time.,wait time,wait time,negative
train,140,140::term::0,I fell in love with the egg noodles in the beef broth with shrimp dumplings and slices of BBQ roast pork.,egg noodles in the beef broth with shrimp dumplings and slices of BBQ roast pork,egg noodles in the beef broth with shrimp dumplings and slices of bbq roast pork,positive
train,1168,1168::term::0,I keep my fingers crossed the whole subway ride hoping that there will be a table I can sit at by myself and not have to share with the rice congee soup people.,table,table,neutral
train,1168,1168::term::1,I keep my fingers crossed the whole subway ride hoping that there will be a table I can sit at by myself and not have to share with the rice congee soup people.,rice congee soup,rice congee soup,neutral
train,3162,3162::term::0,"Overall, the best bagel in town.",bagel,bagel,positive
train,969,969::term::0,"Light, refreshing summer rolls (not fried) remind me of Vietnamese places in Paris.",summer rolls,summer rolls,positive
train,407,407::term::0,The sushi seemed pretty fresh and was adequately proportioned.,sushi,sushi,positive
train,922,922::term::0,but the service was a bit slow.,service,service,negative
train,1060,1060::term::0,Spreads and toppings are great - though a bit pricey.,Spreads,spreads,positive
train,1060,1060::term::1,Spreads and toppings are great - though a bit pricey.,toppings,toppings,positive
train,352,352::term::0,"When I saw that their website had a link to da Ciro in Napoli, I knew there was going to be good pizza!",pizza,pizza,positive
train,888,888::term::0,No one asked what was wrong as we left with nothing touched on our plates.,plates,plates,neutral
train,2121,2121::term::0,Indoor was very cozy and cute.,Indoor,indoor,positive
train,559,559::term::0,We had a 3 hour brunch- they definitely do not rush you- and they kept the unlimited mimosas flowing the whole time.,brunch,brunch,positive
train,559,559::term::1,We had a 3 hour brunch- they definitely do not rush you- and they kept the unlimited mimosas flowing the whole time.,mimosas,mimosas,positive
train,1302,1302::term::0,And their prices are very high - they actually think that they can get away with charging such prices for such terrible food and service!,prices,prices,negative
train,1302,1302::term::1,And their prices are very high - they actually think that they can get away with charging such prices for such terrible food and service!,prices,prices,negative
train,1302,1302::term::2,And their prices are very high - they actually think that they can get away with charging such prices for such terrible food and service!,food,food,negative
train,1302,1302::term::3,And their prices are very high - they actually think that they can get away with charging such prices for such terrible food and service!,service,service,negative
train,588,588::term::0,"The service was excellent, the food was excellent, but the entire experience was very cool.",service,service,positive
train,588,588::term::1,"The service was excellent, the food was excellent, but the entire experience was very cool.",food,food,positive
train,2289,2289::term::0,The service is good and the resturant is clean.,service,service,positive
train,527,527::term::0,"Great spot, whether looking for a couple of drinks or quiet dinner.",drinks,drinks,positive
train,527,527::term::1,"Great spot, whether looking for a couple of drinks or quiet dinner.",dinner,dinner,positive
train,527,527::term::2,"Great spot, whether looking for a couple of drinks or quiet dinner.",spot,spot,positive
train,2478,2478::term::0,Just stick with the small dishes!,dishes,dishes,negative
train,945,945::term::0,"The cafe itself was really nice with comfortable outdoor chairs and tables, but the service could have been better.",cafe,cafe,positive
train,945,945::term::1,"The cafe itself was really nice with comfortable outdoor chairs and tables, but the service could have been better.",outdoor chairs,outdoor chairs,positive
train,945,945::term::2,"The cafe itself was really nice with comfortable outdoor chairs and tables, but the service could have been better.",tables,tables,positive
train,945,945::term::3,"The cafe itself was really nice with comfortable outdoor chairs and tables, but the service could have been better.",service,service,negative
train,1642,1642::term::0,I've rarely had a problem with slow staff in the 10 years I've been going.,staff,staff,positive
train,1766,1766::term::0,Food is excellent.,Food,food,positive
train,2573,2573::term::0,Although we were looking for regular lettuce and some walnuts the salads we got were great.,salads,salads,positive
train,2573,2573::term::1,Although we were looking for regular lettuce and some walnuts the salads we got were great.,lettuce,lettuce,neutral
train,2573,2573::term::2,Although we were looking for regular lettuce and some walnuts the salads we got were great.,walnuts,walnuts,neutral
train,2323,2323::term::0,Excellent lunch buffet for only $6.95.,lunch buffet,lunch buffet,positive
train,2281,2281::term::0,"If you're not familiar with the cuisine, you may encounter problems ordering here and be sure to bring plenty of cash with you as they don't accept credit cards.",cuisine,cuisine,negative
train,983,983::term::0,"both are very reasonably priced (around $8 for dinner and $5 for lunch), and are delicious and filling.",priced,priced,positive
train,983,983::term::1,"both are very reasonably priced (around $8 for dinner and $5 for lunch), and are delicious and filling.",dinner,dinner,positive
train,983,983::term::2,"both are very reasonably priced (around $8 for dinner and $5 for lunch), and are delicious and filling.",lunch,lunch,positive
train,2571,2571::term::0,"Ambience is so cute and quaint, good for business although we were there on vacation.",Ambience,ambience,positive
train,2122,2122::term::0,"The portion sizes here are huge, and the sushi is good.",portion sizes,portion sizes,positive
train,2122,2122::term::1,"The portion sizes here are huge, and the sushi is good.",sushi,sushi,positive
train,2350,2350::term::0,My boyfriend ate tuna and it was cooked perfectly!,tuna,tuna,positive
train,1119,1119::term::0,"This wasn't the expected menu comprised only of pad thai and tom yum soup, but I thought that was what made the place so special.",menu,menu,neutral
train,1119,1119::term::1,"This wasn't the expected menu comprised only of pad thai and tom yum soup, but I thought that was what made the place so special.",pad thai,pad thai,neutral
train,1119,1119::term::2,"This wasn't the expected menu comprised only of pad thai and tom yum soup, but I thought that was what made the place so special.",tom yum soup,tom yum soup,neutral
train,1158,1158::term::0,"Good food at the restaurant (a bit expensive, but great if you want to impress your date).",food,food,positive
train,220,220::term::0,I highly recommend Caviar Russe to anyone who wants delicious top grade caviar and fantastic service.,caviar,caviar,positive
train,220,220::term::1,I highly recommend Caviar Russe to anyone who wants delicious top grade caviar and fantastic service.,service,service,positive
train,2285,2285::term::0,You can't say its cheap because food is cheaper in Chinatown.,food,food,conflict
train,3254,3254::term::0,I have eaten there 3-4 times and the food was always good.,food,food,positive
train,2216,2216::term::0,"I wasn't thrilled to have to wait on line for thirty minutes, but I guess that's the price you pay for a popular place.",wait,wait,negative
train,1467,1467::term::0,"great eats, good times.",eats,eats,positive
train,970,970::term::0,"Grilled whole fish wonderful, great spicing.",fish,fish,positive
train,3506,3506::term::0,"For years, I thought Tuscan cuisine was the best, but Salvatore converted me to the hearty Neapolitan fare on my first visit.",Tuscan cuisine,tuscan cuisine,conflict
train,3506,3506::term::1,"For years, I thought Tuscan cuisine was the best, but Salvatore converted me to the hearty Neapolitan fare on my first visit.",Neapolitan fare,neapolitan fare,positive
train,1123,1123::term::0,"Plus, when our entrees were held up in the kitchen on a busy Saturday night, the owner sent over complimentary summer rolls to hold us over!",entrees,entrees,negative
train,1123,1123::term::1,"Plus, when our entrees were held up in the kitchen on a busy Saturday night, the owner sent over complimentary summer rolls to hold us over!",summer rolls,summer rolls,positive
train,1123,1123::term::2,"Plus, when our entrees were held up in the kitchen on a busy Saturday night, the owner sent over complimentary summer rolls to hold us over!",owner,owner,positive
train,2314,2314::term::0,The service was great as well.,service,service,positive
train,397,397::term::0,Try the lobster teriyaki and the rose special roll.,lobster teriyaki,lobster teriyaki,positive
train,397,397::term::1,Try the lobster teriyaki and the rose special roll.,rose special roll,rose special roll,positive
train,1395,1395::term::0,Another plus is most of the entrees are approx.,entrees,entrees,positive
train,2987,2987::term::0,"The food was delicious, the atmosphere was relaxed, and we have now adopted Plate 347 as our Secret on Second!",food,food,positive
train,2987,2987::term::1,"The food was delicious, the atmosphere was relaxed, and we have now adopted Plate 347 as our Secret on Second!",atmosphere,atmosphere,positive
train,3457,3457::term::0,From the moment we walked in they were more than accomodating even though the place was packed.,place,place,negative
train,938,938::term::0,"I found the food, service and value exceptional everytime I have been there.",food,food,positive
train,938,938::term::1,"I found the food, service and value exceptional everytime I have been there.",service,service,positive
train,938,938::term::2,"I found the food, service and value exceptional everytime I have been there.",value,value,positive
train,3177,3177::term::0,We ate at this Thai place following the reviews but very unhappy with the foods.,foods,foods,negative
train,2931,2931::term::0,"The food is definitely good, but I left a bit disappointed.",food,food,positive
train,3017,3017::term::0,"I am a 100 lb girl, had a glass of wine and a glass of beer prior to the dinner, and I was still HUNGRY after my visit to this place!",glass of wine,glass of wine,neutral
train,3017,3017::term::1,"I am a 100 lb girl, had a glass of wine and a glass of beer prior to the dinner, and I was still HUNGRY after my visit to this place!",glass of beer,glass of beer,neutral
train,3017,3017::term::2,"I am a 100 lb girl, had a glass of wine and a glass of beer prior to the dinner, and I was still HUNGRY after my visit to this place!",dinner,dinner,neutral
train,1366,1366::term::0,"The drinks are a saving grace, but service staff, please, get over yourselves.",drinks,drinks,positive
train,1366,1366::term::1,"The drinks are a saving grace, but service staff, please, get over yourselves.",service staff,service staff,negative
train,2309,2309::term::0,There is a downside if you're ordering in -- the delivery guys have MAJOR attitude.,delivery guys,delivery guys,negative
train,2785,2785::term::0,The all-Italian staff is warm and engaging from the start.,staff,staff,positive
train,1638,1638::term::0,The prices are exceptionally reasonable for food of this caliber.,prices,prices,positive
train,1638,1638::term::1,The prices are exceptionally reasonable for food of this caliber.,food,food,positive
train,2472,2472::term::0,If you go here - your focus should be the Tamarind Margaritas.,Tamarind Margaritas,tamarind margaritas,positive
train,260,260::term::0,The filet mignon dish was superb!,filet mignon dish,filet mignon dish,positive
train,3482,3482::term::0,I had been a regular due to the consistently good food and ease of getting a table.,food,food,positive
train,3482,3482::term::1,I had been a regular due to the consistently good food and ease of getting a table.,getting a table,getting a table,positive
train,2807,2807::term::0,This place is the most Japanese it can ever get.,place,place,positive
train,3120,3120::term::0,"The food is good, I can't lie.",food,food,positive
train,3590,3590::term::0,"great food, lt's of it, more then one person can eat!",food,food,positive
train,1534,1534::term::0,"I didn't expect to like Nosh as much as I did, but the pastrami on challah sandwich I had was otherworldly, the soups are like Mom's, and the knishes give Yonah Schimmel's a run for its money.",pastrami on challah sandwich,pastrami on challah sandwich,positive
train,1534,1534::term::1,"I didn't expect to like Nosh as much as I did, but the pastrami on challah sandwich I had was otherworldly, the soups are like Mom's, and the knishes give Yonah Schimmel's a run for its money.",soups,soups,positive
train,1534,1534::term::2,"I didn't expect to like Nosh as much as I did, but the pastrami on challah sandwich I had was otherworldly, the soups are like Mom's, and the knishes give Yonah Schimmel's a run for its money.",knishes,knishes,positive
train,1778,1778::term::0,"The atmosphere is nothing special, but it feels like a Sushi establishment in Tokyo.",atmosphere,atmosphere,neutral
train,3071,3071::term::0,Cozy romantic atomosphere with only around 15 tables at most.,atomosphere,atomosphere,positive
train,3071,3071::term::1,Cozy romantic atomosphere with only around 15 tables at most.,tables,tables,positive
train,47,47::term::0,This place is worth going even if only for their beer.,beer,beer,positive
train,2995,2995::term::0,I really like both the scallops and the mahi mahi (on saffron risotto-yum!).,scallops,scallops,positive
train,2995,2995::term::1,I really like both the scallops and the mahi mahi (on saffron risotto-yum!).,mahi mahi (on saffron risotto,mahi mahi on saffron risotto,positive
train,2215,2215::term::0,"The ambience was so fun, and the prices were great, on top of the fact that the food was really tasty.",ambience,ambience,positive
train,2215,2215::term::1,"The ambience was so fun, and the prices were great, on top of the fact that the food was really tasty.",prices,prices,positive
train,2215,2215::term::2,"The ambience was so fun, and the prices were great, on top of the fact that the food was really tasty.",food,food,positive
train,2100,2100::term::0,"Do not get the Go Go Hamburgers, no matter what the reviews say.",Go Go Hamburgers,go go hamburgers,negative
train,479,479::term::0,The sandwhiches are out-of-this world!,sandwhiches,sandwhiches,positive
train,3379,3379::term::0,"If you live in Upper Manhattan, Siam Square is THE place for Thia food.",Thia food,thia food,positive
train,1733,1733::term::0,Decor is charming.,Decor,decor,positive
train,1885,1885::term::0,The food was very well prepared.,food,food,positive
train,1358,1358::term::0,Really tasty spring rolls and noodles for a good price though.,spring rolls,spring rolls,positive
train,1358,1358::term::1,Really tasty spring rolls and noodles for a good price though.,noodles,noodles,positive
train,1358,1358::term::2,Really tasty spring rolls and noodles for a good price though.,price,price,positive
train,2389,2389::term::0,"Good, because hey, it's more food, but bad because dim sum is supposed to be smaller portions so you can try out more dishes and smaller so that each dish is cheap.",dim sum,dim sum,negative
train,2389,2389::term::1,"Good, because hey, it's more food, but bad because dim sum is supposed to be smaller portions so you can try out more dishes and smaller so that each dish is cheap.",food,food,positive
train,2389,2389::term::2,"Good, because hey, it's more food, but bad because dim sum is supposed to be smaller portions so you can try out more dishes and smaller so that each dish is cheap.",portions,portions,negative
train,2389,2389::term::3,"Good, because hey, it's more food, but bad because dim sum is supposed to be smaller portions so you can try out more dishes and smaller so that each dish is cheap.",dishes,dishes,neutral
train,2389,2389::term::4,"Good, because hey, it's more food, but bad because dim sum is supposed to be smaller portions so you can try out more dishes and smaller so that each dish is cheap.",dish,dish,neutral
train,3087,3087::term::0,"While most people can attest to spending over $50 on drinks in New York bars and hardly feeling a thing, the drinks here are plentiful and unique.",drinks,drinks,negative
train,3087,3087::term::1,"While most people can attest to spending over $50 on drinks in New York bars and hardly feeling a thing, the drinks here are plentiful and unique.",bars,bars,negative
train,3087,3087::term::2,"While most people can attest to spending over $50 on drinks in New York bars and hardly feeling a thing, the drinks here are plentiful and unique.",drinks,drinks,positive
train,2847,2847::term::0,"Complimentary stuff kept coming, and when the waiter saw me opening a gift, I received my dessert on a plate that had Happy Birthday written on it, with a candlevery nice touch, and attentive staff.",stuff,stuff,positive
train,2847,2847::term::1,"Complimentary stuff kept coming, and when the waiter saw me opening a gift, I received my dessert on a plate that had Happy Birthday written on it, with a candlevery nice touch, and attentive staff.",waiter,waiter,positive
train,2847,2847::term::2,"Complimentary stuff kept coming, and when the waiter saw me opening a gift, I received my dessert on a plate that had Happy Birthday written on it, with a candlevery nice touch, and attentive staff.",dessert,dessert,positive
train,2847,2847::term::3,"Complimentary stuff kept coming, and when the waiter saw me opening a gift, I received my dessert on a plate that had Happy Birthday written on it, with a candlevery nice touch, and attentive staff.",staff,staff,positive
train,418,418::term::0,"The food arrived 20 minutes after I called, cold and soggy.",food,food,negative
train,871,871::term::0,"If you go for the pre-theatre menu, it's an even greater deal.",pre-theatre menu,pre-theatre menu,positive
train,3266,3266::term::0,"If you are someone who appreciates simplicity, elegance, and wonderfully presented and tasting seafood and vegetables regardless of portion size, Kai is your place.",seafood,seafood,positive
train,3266,3266::term::1,"If you are someone who appreciates simplicity, elegance, and wonderfully presented and tasting seafood and vegetables regardless of portion size, Kai is your place.",vegetables,vegetables,positive
train,3266,3266::term::2,"If you are someone who appreciates simplicity, elegance, and wonderfully presented and tasting seafood and vegetables regardless of portion size, Kai is your place.",portion size,portion size,negative
train,966,966::term::0,"The prices cannot be beat for the quality, quantity, freshness and taste.",prices,prices,positive
train,966,966::term::1,"The prices cannot be beat for the quality, quantity, freshness and taste.",quality,quality,positive
train,966,966::term::2,"The prices cannot be beat for the quality, quantity, freshness and taste.",quantity,quantity,positive
train,966,966::term::3,"The prices cannot be beat for the quality, quantity, freshness and taste.",freshness,freshness,positive
train,966,966::term::4,"The prices cannot be beat for the quality, quantity, freshness and taste.",taste,taste,positive
train,980,980::term::0,"Check it out, it won't hurt your stomach or your wallet.",stomach,stomach,positive
train,980,980::term::1,"Check it out, it won't hurt your stomach or your wallet.",wallet,wallet,positive
train,2546,2546::term::0,"Little Tonino's is just awesome, our favorite delivery place in Kennsington, honestly the best Gnochi I have ever had!",Gnochi,gnochi,positive
train,937,937::term::0,INCREDIBLY POOR SERVICE AN FOOD QUALITY AT EXORBITANT PRICES.,SERVICE,service,negative
train,937,937::term::1,INCREDIBLY POOR SERVICE AN FOOD QUALITY AT EXORBITANT PRICES.,FOOD QUALITY,food quality,negative
train,937,937::term::2,INCREDIBLY POOR SERVICE AN FOOD QUALITY AT EXORBITANT PRICES.,PRICES,prices,negative
train,2712,2712::term::0,I have been about 4 times and have always had a great meal.,meal,meal,positive
train,1170,1170::term::0,I go back in line like three times on average until I can't walk anymore.,line,line,negative
train,3043,3043::term::0,We usually just get some of the dinner specials and they are very reasonably priced and very tasty.,dinner specials,dinner specials,positive
train,3043,3043::term::1,We usually just get some of the dinner specials and they are very reasonably priced and very tasty.,priced,priced,positive
train,41,41::term::0,Horrible food and Horrible service.,food,food,negative
train,41,41::term::1,Horrible food and Horrible service.,service,service,negative
train,3677,3677::term::0,The wine and cheese plate are plentiful and can't wait to try the fondue or table grilling.,wine,wine,positive
train,3677,3677::term::1,The wine and cheese plate are plentiful and can't wait to try the fondue or table grilling.,cheese,cheese,positive
train,3677,3677::term::2,The wine and cheese plate are plentiful and can't wait to try the fondue or table grilling.,fondue,fondue,positive
train,3677,3677::term::3,The wine and cheese plate are plentiful and can't wait to try the fondue or table grilling.,table grilling,table grilling,positive
train,1326,1326::term::0,They treated us well and the food was extremely fresh and well-prepared.,food,food,positive
train,2400,2400::term::0,Their exotic salad is basic ly a delcious little green salad with a peanut sauce that is perfect before their sweet basil fried tofu.,exotic salad,exotic salad,positive
train,2400,2400::term::1,Their exotic salad is basic ly a delcious little green salad with a peanut sauce that is perfect before their sweet basil fried tofu.,green salad,green salad,positive
train,2400,2400::term::2,Their exotic salad is basic ly a delcious little green salad with a peanut sauce that is perfect before their sweet basil fried tofu.,sweet basil fried tofu,sweet basil fried tofu,positive
train,2400,2400::term::3,Their exotic salad is basic ly a delcious little green salad with a peanut sauce that is perfect before their sweet basil fried tofu.,peanut sauce,peanut sauce,positive
train,3171,3171::term::0,THE BIG COMPLAINT: NO TOASTING AVAILABLE.,TOASTING,toasting,negative
train,2998,2998::term::0,"Even if the food wasn't this good, the garden is a great place to sit outside and relax.",food,food,positive
train,2998,2998::term::1,"Even if the food wasn't this good, the garden is a great place to sit outside and relax.",garden,garden,positive
train,2998,2998::term::2,"Even if the food wasn't this good, the garden is a great place to sit outside and relax.",place,place,positive
train,1627,1627::term::0,"Volare virgins or weekly regulars, everyone gets treated the same and you can't ask for more than that when the service is this friendly.",service,service,positive
train,739,739::term::0,"The food came out wrong, the waiter was no where to be found and the wine showed up at the end of the meal.",food,food,negative
train,739,739::term::1,"The food came out wrong, the waiter was no where to be found and the wine showed up at the end of the meal.",waiter,waiter,negative
train,739,739::term::2,"The food came out wrong, the waiter was no where to be found and the wine showed up at the end of the meal.",wine,wine,negative
train,739,739::term::3,"The food came out wrong, the waiter was no where to be found and the wine showed up at the end of the meal.",meal,meal,neutral
train,2492,2492::term::0,"The chicken and steak were seasoned and cooked to perfection, and the lamb sandwhich is great for heartier appetites.",chicken,chicken,positive
train,2492,2492::term::1,"The chicken and steak were seasoned and cooked to perfection, and the lamb sandwhich is great for heartier appetites.",steak,steak,positive
train,2492,2492::term::2,"The chicken and steak were seasoned and cooked to perfection, and the lamb sandwhich is great for heartier appetites.",lamb sandwhich,lamb sandwhich,positive
train,2390,2390::term::0,We saw them heating up at least one frozen item though I'm not sure which dim sum dish it was.,dim sum dish,dim sum dish,negative
train,3467,3467::term::0,No you're going to go back because the food was good.,food,food,positive
train,334,334::term::0,The food was great and the service was even better.,food,food,positive
train,334,334::term::1,The food was great and the service was even better.,service,service,positive
train,1558,1558::term::0,"While this can hardly be called a restaurant, it is possibly the best deal in Manhatten: $4 for a plate heaped with rice and 2-3 entrees.",rice,rice,positive
train,1558,1558::term::1,"While this can hardly be called a restaurant, it is possibly the best deal in Manhatten: $4 for a plate heaped with rice and 2-3 entrees.",entrees,entrees,positive
train,913,913::term::0,Traditional French decour was pleasant though the hall was rather noisy - the restaurant was full and we had to raise our voices to be able to maintain a conversation.,Traditional French decour,traditional french decour,positive
train,913,913::term::1,Traditional French decour was pleasant though the hall was rather noisy - the restaurant was full and we had to raise our voices to be able to maintain a conversation.,hall,hall,negative
train,3003,3003::term::0,The fish is fresh and each piece is sliced to perfection and seasoned by the sushi chef (usually with a little fresh wasabi and soy sauce but also sometimes with some sea salt).,fish,fish,positive
train,3003,3003::term::1,The fish is fresh and each piece is sliced to perfection and seasoned by the sushi chef (usually with a little fresh wasabi and soy sauce but also sometimes with some sea salt).,sushi chef,sushi chef,positive
train,3003,3003::term::2,The fish is fresh and each piece is sliced to perfection and seasoned by the sushi chef (usually with a little fresh wasabi and soy sauce but also sometimes with some sea salt).,wasabi,wasabi,positive
train,3003,3003::term::3,The fish is fresh and each piece is sliced to perfection and seasoned by the sushi chef (usually with a little fresh wasabi and soy sauce but also sometimes with some sea salt).,soy sauce,soy sauce,positive
train,3003,3003::term::4,The fish is fresh and each piece is sliced to perfection and seasoned by the sushi chef (usually with a little fresh wasabi and soy sauce but also sometimes with some sea salt).,sea salt,sea salt,positive
train,3583,3583::term::0,"Consequently, their burgers fell apart in their hands and made such a mess that they did'nt feel like finishing them.",burgers,burgers,negative
train,3581,3581::term::0,My son and his girlfriend both wanted cheeseburgers and they were huge!,cheeseburgers,cheeseburgers,positive
train,2435,2435::term::0,I really recommend the very simple Unda (Egg) rolls.,Unda (Egg) rolls,unda egg rolls,positive
train,943,943::term::0,Very good wine choices.,wine choices,wine choices,positive
train,2516,2516::term::0,"This is the only Thai place I go too in NYC, it's wonderful, and live relaxed Jazz on certain nights.",Jazz,jazz,positive
train,3647,3647::term::0,We were seated and ignored by waitstaff.,waitstaff,waitstaff,negative
train,784,784::term::0,"If you are in a big group, this place is perfect because it recomends sharing - they have lazy susans on most tables - even families can feel comfortable here.",lazy susans,lazy susans,positive
train,784,784::term::1,"If you are in a big group, this place is perfect because it recomends sharing - they have lazy susans on most tables - even families can feel comfortable here.",tables,tables,positive
train,1540,1540::term::0,They showed up 15 minutes after the tuna melt.,tuna,tuna,positive
train,1980,1980::term::0,"Tasty steak, pork loin, the works.",steak,steak,positive
train,1980,1980::term::1,"Tasty steak, pork loin, the works.",pork loin,pork loin,positive
train,292,292::term::0,I went with 5 friends and we lingered at the table for a bit and didn't feel rushed at all even though there was a wait.,table,table,neutral
train,292,292::term::1,I went with 5 friends and we lingered at the table for a bit and didn't feel rushed at all even though there was a wait.,wait,wait,negative
train,687,687::term::0,I'd highly recommend it for a special occasion -- it provides and intimate setting and nice service.,setting,setting,positive
train,687,687::term::1,I'd highly recommend it for a special occasion -- it provides and intimate setting and nice service.,service,service,positive
train,732,732::term::0,"The burger was great, also.",burger,burger,positive
train,1508,1508::term::0,"they did give a 15% discount at the end, wasn't enough, as they knew the service was horrible.",discount,discount,negative
train,1508,1508::term::1,"they did give a 15% discount at the end, wasn't enough, as they knew the service was horrible.",service,service,negative
train,705,705::term::0,"Just because it's cheap does NOT mean the portions are small or the food is nasty, IT IS GREAT!",portions,portions,positive
train,705,705::term::1,"Just because it's cheap does NOT mean the portions are small or the food is nasty, IT IS GREAT!",food,food,positive
train,1610,1610::term::0,The pizza was great.,pizza,pizza,positive
train,1139,1139::term::0,I had never had Edamame pureed before but I thought it was innovative and tasty (could've used a bit more salt).,Edamame pureed,edamame pureed,positive
train,1808,1808::term::0,"however, it's the service that leaves a bad taste in my mouth.",service,service,negative
train,2933,2933::term::0,"When we notified him that he didn't mention the specials, he didn't apologize but let us know that we made a very good decision regardless.",specials,specials,neutral
train,2226,2226::term::0,The price was extremely reasonable for the appetizers and food we ate.,price,price,positive
train,2226,2226::term::1,The price was extremely reasonable for the appetizers and food we ate.,appetizers,appetizers,positive
train,2226,2226::term::2,The price was extremely reasonable for the appetizers and food we ate.,food,food,positive
train,2066,2066::term::0,"Don't dine at Tamarind for the vegetarian dishes, they are simply not up to par with the non-veg selections.",vegetarian dishes,vegetarian dishes,negative
train,2066,2066::term::1,"Don't dine at Tamarind for the vegetarian dishes, they are simply not up to par with the non-veg selections.",non-veg selections,non-veg selections,positive
train,3362,3362::term::0,Kenny the owner is always there and he treats my family like we are part of his family.,owner,owner,positive
train,2197,2197::term::0,They need a kick out of it but until then the sushi is pretty good and the place is consistent.,sushi,sushi,positive
train,2197,2197::term::1,They need a kick out of it but until then the sushi is pretty good and the place is consistent.,place,place,positive
train,547,547::term::0,I've had to wait only a few times during lunch but this place is definitely worth the wait.,lunch,lunch,neutral
train,547,547::term::1,I've had to wait only a few times during lunch but this place is definitely worth the wait.,wait,wait,positive
train,2782,2782::term::0,All in all the food was above average and I would return to see how they operate with four or less dinners.,food,food,positive
train,2782,2782::term::1,All in all the food was above average and I would return to see how they operate with four or less dinners.,dinners,dinners,neutral
train,1398,1398::term::0,"Delicious food, excellent service, and a pretty atmosphere make this a great choice for dinner and the $5.99 lunch buffet makes it an even better choice for lunch!",food,food,positive
train,1398,1398::term::1,"Delicious food, excellent service, and a pretty atmosphere make this a great choice for dinner and the $5.99 lunch buffet makes it an even better choice for lunch!",service,service,positive
train,1398,1398::term::2,"Delicious food, excellent service, and a pretty atmosphere make this a great choice for dinner and the $5.99 lunch buffet makes it an even better choice for lunch!",atmosphere,atmosphere,positive
train,1398,1398::term::3,"Delicious food, excellent service, and a pretty atmosphere make this a great choice for dinner and the $5.99 lunch buffet makes it an even better choice for lunch!",lunch buffet,lunch buffet,positive
train,1398,1398::term::4,"Delicious food, excellent service, and a pretty atmosphere make this a great choice for dinner and the $5.99 lunch buffet makes it an even better choice for lunch!",dinner,dinner,positive
train,1398,1398::term::5,"Delicious food, excellent service, and a pretty atmosphere make this a great choice for dinner and the $5.99 lunch buffet makes it an even better choice for lunch!",lunch,lunch,positive
train,2406,2406::term::0,"For appetizers, I recommend the shrimp fritters and dumplings.",appetizers,appetizers,neutral
train,2406,2406::term::1,"For appetizers, I recommend the shrimp fritters and dumplings.",shrimp fritters,shrimp fritters,positive
train,2406,2406::term::2,"For appetizers, I recommend the shrimp fritters and dumplings.",dumplings,dumplings,positive
train,3625,3625::term::0,Such nice people working here - but I have to review the food.,people,people,positive
train,3625,3625::term::1,Such nice people working here - but I have to review the food.,food,food,neutral
train,2652,2652::term::0,"The restaurant is dark and not very attractive and then you have spot lights shining on you putting you in the worst light possible, reaching for sunglasses.",spot lights,spot lights,negative
train,930,930::term::0,Try the Times Square cocktail -- ginger lemonade with vodka (also available without vodka.),Times Square cocktail,times square cocktail,positive
train,930,930::term::1,Try the Times Square cocktail -- ginger lemonade with vodka (also available without vodka.),ginger lemonade with vodka,ginger lemonade with vodka,positive
train,444,444::term::0,Veal Parmigana - Better than Patsy's!,Veal Parmigana,veal parmigana,positive
train,2467,2467::term::0,"Great wine, great food.",wine,wine,positive
train,2467,2467::term::1,"Great wine, great food.",food,food,positive
train,1038,1038::term::0,"The service was mediocre, and the lack of air conditioning made for a less than comfortable meal.",service,service,neutral
train,1038,1038::term::1,"The service was mediocre, and the lack of air conditioning made for a less than comfortable meal.",air conditioning,air conditioning,negative
train,1038,1038::term::2,"The service was mediocre, and the lack of air conditioning made for a less than comfortable meal.",meal,meal,negative
train,1921,1921::term::0,The food and staff always surprise me with the new heights they are taken to.,food,food,positive
train,1921,1921::term::1,The food and staff always surprise me with the new heights they are taken to.,staff,staff,positive
train,3494,3494::term::0,Went to Ottimo and was expecting outstanding pizza (as I love La Pizza Fresca).,pizza,pizza,neutral
train,1770,1770::term::0,honestly the worst sushi my husband and i had in our entire lives.,sushi,sushi,negative
train,151,151::term::0,"However, if you want great food at a great price and don't mind the decor, you can't beat this place.",food,food,positive
train,151,151::term::1,"However, if you want great food at a great price and don't mind the decor, you can't beat this place.",price,price,positive
train,151,151::term::2,"However, if you want great food at a great price and don't mind the decor, you can't beat this place.",decor,decor,negative
train,1423,1423::term::0,What makes this restaurant special are the authentic sichuan cooking and being the only one in NYC that offers authentic chongqing hotpot.,sichuan cooking,sichuan cooking,positive
train,1423,1423::term::1,What makes this restaurant special are the authentic sichuan cooking and being the only one in NYC that offers authentic chongqing hotpot.,chongqing hotpot,chongqing hotpot,positive
train,562,562::term::0,Our tiny table for two (dinner plates hung over edge) was right in the middle of one of the lanes of waiter traffic.,table,table,negative
train,562,562::term::1,Our tiny table for two (dinner plates hung over edge) was right in the middle of one of the lanes of waiter traffic.,waiter traffic,waiter traffic,negative
train,562,562::term::2,Our tiny table for two (dinner plates hung over edge) was right in the middle of one of the lanes of waiter traffic.,dinner plates,dinner plates,negative
train,3272,3272::term::0,"Sake collection was excellent (Try Nanbu Bijin), but pricy.",Sake collection,sake collection,conflict
train,3272,3272::term::1,"Sake collection was excellent (Try Nanbu Bijin), but pricy.",Nanbu Bijin,nanbu bijin,positive
train,971,971::term::0,Interesting other dishes for a change include chicken in curry sauce and salmon caserole.,dishes,dishes,positive
train,971,971::term::1,Interesting other dishes for a change include chicken in curry sauce and salmon caserole.,chicken in curry sauc,chicken in curry sauc,positive
train,971,971::term::2,Interesting other dishes for a change include chicken in curry sauce and salmon caserole.,salmon caserole,salmon caserole,positive
train,802,802::term::0,"One of my favorites though was the Angry Lobster, a cold lobster salad that was magnificent.",Angry Lobster,angry lobster,positive
train,802,802::term::1,"One of my favorites though was the Angry Lobster, a cold lobster salad that was magnificent.",cold lobster salad,cold lobster salad,positive
train,3103,3103::term::0,"Ask for Usha, the nicest bartender in manhattan.",bartender,bartender,positive
train,299,299::term::0,The service is outstanding and my crab-cake eggs benedict could not have been better.,service,service,positive
train,299,299::term::1,The service is outstanding and my crab-cake eggs benedict could not have been better.,crab-cake eggs benedict,crab-cake eggs benedict,positive
train,629,629::term::0,The place's decor and hidden bathrooms made for a good laugh.,decor,decor,positive
train,629,629::term::1,The place's decor and hidden bathrooms made for a good laugh.,bathrooms,bathrooms,positive
train,2243,2243::term::0,"Its location is good and the fact that Hutner College is near and their prices are very reasonable, makes students go back to Suan again and again.",location,location,positive
train,2243,2243::term::1,"Its location is good and the fact that Hutner College is near and their prices are very reasonable, makes students go back to Suan again and again.",prices,prices,positive
train,482,482::term::0,A wonderful place!,place,place,positive
train,1851,1851::term::0,Service was on par but not wonderful.,Service,service,conflict
train,2526,2526::term::0,Deliveries often take up to an hour and the prices are higher than most other pizzerias in the area.,Deliveries,deliveries,negative
train,2526,2526::term::1,Deliveries often take up to an hour and the prices are higher than most other pizzerias in the area.,prices,prices,negative
train,2608,2608::term::0,Kind of a small place but I guess if they are not too busy might be able to fit a group or kids.,place,place,negative
train,1539,1539::term::0,We also ordered two hot dogs thinking they would be pretty good since there is a whole section on the menu devoted to them.,hot dogs,hot dogs,neutral
train,1539,1539::term::1,We also ordered two hot dogs thinking they would be pretty good since there is a whole section on the menu devoted to them.,menu,menu,neutral
train,3044,3044::term::0,"I've had the chicken with garlic sauce, chicken with black bean sauce, and hunan chicken.",chicken with garlic sauce,chicken with garlic sauce,neutral
train,3044,3044::term::1,"I've had the chicken with garlic sauce, chicken with black bean sauce, and hunan chicken.",chicken with black bean sauce,chicken with black bean sauce,neutral
train,3044,3044::term::2,"I've had the chicken with garlic sauce, chicken with black bean sauce, and hunan chicken.",hunan chicken,hunan chicken,neutral
train,448,448::term::0,"Because of the delicate thin crust, take-out pies get soggy in their boxes.",take-out pies,take-out pies,negative
train,448,448::term::1,"Because of the delicate thin crust, take-out pies get soggy in their boxes.",crust,crust,negative
train,1687,1687::term::0,The dish had like 6 pieces of beef in it.,dish,dish,neutral
train,1687,1687::term::1,The dish had like 6 pieces of beef in it.,beef,beef,neutral
train,3567,3567::term::0,We got in line and were served while in line a bannan fritter.,bannan fritter,bannan fritter,neutral
train,3567,3567::term::1,We got in line and were served while in line a bannan fritter.,served,served,neutral
train,2224,2224::term::0,"It might have been a little too spicy for my friend, which you can couteract with eat more rice and keeping water on hand.",rice,rice,neutral
train,2224,2224::term::1,"It might have been a little too spicy for my friend, which you can couteract with eat more rice and keeping water on hand.",water,water,neutral
train,137,137::term::0,This place is always very crowded and popular.,place,place,positive
train,1462,1462::term::0,Appetizers are somewhere around $7 each and the main dishes are between $11 and $16.,Appetizers,appetizers,neutral
train,1462,1462::term::1,Appetizers are somewhere around $7 each and the main dishes are between $11 and $16.,main dishes,main dishes,neutral
train,897,897::term::0,My wife and I went to Orsay for Valentine's dinner.,dinner,dinner,neutral
train,3463,3463::term::0,"I don't know about you guys, but when I go somewhere to eat I go for the food not for the atmosphere.",food,food,neutral
train,3463,3463::term::1,"I don't know about you guys, but when I go somewhere to eat I go for the food not for the atmosphere.",atmosphere,atmosphere,neutral
train,2794,2794::term::0,They should have called it mascarpone with chocolate chips-good but a far cry from what the name implies.,mascarpone with chocolate chip,mascarpone with chocolate chip,conflict
train,3511,3511::term::0,"A gentleman, maybe the manager, came to our table, and without so much as a smile or greeting asked for our order.",manager,manager,negative
train,3511,3511::term::1,"A gentleman, maybe the manager, came to our table, and without so much as a smile or greeting asked for our order.",table,table,neutral
train,2114,2114::term::0,"we were tired and cold when we got to the restaurant, then we sat down to begin ordering appetizers.",appetizers,appetizers,neutral
train,1605,1605::term::0,I've had pizza both times and the caprese salad appetizer.,pizza,pizza,neutral
train,1605,1605::term::1,I've had pizza both times and the caprese salad appetizer.,caprese salad appetizer,caprese salad appetizer,neutral
train,1447,1447::term::0,He was terribly thirsty after the meal too.,meal,meal,negative
train,402,402::term::0,"I wasn't there for the Half-Price Saturday Night Special, but Tuesday Night.",Half-Price Saturday Night Special,half-price saturday night special,neutral
train,1430,1430::term::0,"If you like the food and the value you get from some of Chinatown restaurants, this is not the place for you.",food,food,neutral
train,1430,1430::term::1,"If you like the food and the value you get from some of Chinatown restaurants, this is not the place for you.",value,value,neutral
train,2325,2325::term::0,The selection changes frequently but the basic dishes are always available.,selection,selection,neutral
train,2325,2325::term::1,The selection changes frequently but the basic dishes are always available.,basic dishes,basic dishes,neutral
train,1536,1536::term::0,Get the soup and a nosh (pastrami sandwich) for $8 and you're golden.,soup,soup,positive
train,1536,1536::term::1,Get the soup and a nosh (pastrami sandwich) for $8 and you're golden.,nosh (pastrami sandwich),nosh pastrami sandwich ,positive
train,2403,2403::term::0,I have to say that if this what makes it easier to get a saet a lunch- I dont mind.,lunch,lunch,neutral
train,810,810::term::0,My family and I ate here last night for our annual Christmas dinner with the family members who would rather spend the holidays with friends out-of-town.,Christmas dinner,christmas dinner,neutral
train,2169,2169::term::0,I grew up on these bagels.,bagels,bagels,positive
train,564,564::term::0,We were told that they were booked solid and no other table was available.,table,table,negative
train,1908,1908::term::0,The restaraurant is very small so reservations are a must.,reservations,reservations,neutral
train,568,568::term::0,"To my right, the hostess stood over a busboy and hissed rapido, rapido as he tried to clear and re-set a table for six.",hostess,hostess,negative
train,568,568::term::1,"To my right, the hostess stood over a busboy and hissed rapido, rapido as he tried to clear and re-set a table for six.",busboy,busboy,neutral
train,568,568::term::2,"To my right, the hostess stood over a busboy and hissed rapido, rapido as he tried to clear and re-set a table for six.",table,table,neutral
train,2553,2553::term::0,After dealing with subpar pizza all over the Kensington neighborhood - I've found little toninos.,pizza,pizza,negative
train,2116,2116::term::0,then we ordered a dinosaur rolls and white tuna sashimi.,dinosaur rolls,dinosaur rolls,neutral
train,2116,2116::term::1,then we ordered a dinosaur rolls and white tuna sashimi.,white tuna sashimi,white tuna sashimi,neutral
train,2739,2739::term::0,I'm partial to the Gnocchi.,Gnocchi,gnocchi,positive
train,2937,2937::term::0,they were able to squeeze me in at 6 after i called the night before my anniversary for a friday night reservation and told me they'd treat us well for the occasion.,reservation,reservation,neutral
train,1420,1420::term::0,"Note that they do not serve beer, you must bring your own.",beer,beer,negative
train,2259,2259::term::0,We ate outside at Haru's Sake bar because Haru's restaurant next door was overflowing.,bar,bar,neutral
train,2378,2378::term::0,"The service was typical short-order, dinner type.",service,service,neutral
train,1027,1027::term::0,"We shared a bottle of sake, an order of edamames, and she had the sushi plate while I had the sashimi.",bottle of sake,bottle of sake,neutral
train,1027,1027::term::1,"We shared a bottle of sake, an order of edamames, and she had the sushi plate while I had the sashimi.",edamames,edamames,neutral
train,1027,1027::term::2,"We shared a bottle of sake, an order of edamames, and she had the sushi plate while I had the sashimi.",sushi plate,sushi plate,neutral
train,1027,1027::term::3,"We shared a bottle of sake, an order of edamames, and she had the sushi plate while I had the sashimi.",sashimi,sashimi,neutral
train,1735,1735::term::0,I can't believe people complain about no cheese sticks?,cheese sticks,cheese sticks,neutral
train,777,777::term::0,"From the appetizers we ate, the dim sum and other variety of foods, it was impossible to criticize the food.",appetizers,appetizers,positive
train,777,777::term::1,"From the appetizers we ate, the dim sum and other variety of foods, it was impossible to criticize the food.",dim sum,dim sum,positive
train,777,777::term::2,"From the appetizers we ate, the dim sum and other variety of foods, it was impossible to criticize the food.",foods,foods,positive
train,777,777::term::3,"From the appetizers we ate, the dim sum and other variety of foods, it was impossible to criticize the food.",food,food,positive
train,671,671::term::0,"Each table has a pot of boiling water sunken into its surface, and you get platters of thin sliced meats, various vegetables, and rice and glass noodles.",table,table,neutral
train,671,671::term::1,"Each table has a pot of boiling water sunken into its surface, and you get platters of thin sliced meats, various vegetables, and rice and glass noodles.",pot of boiling water,pot of boiling water,neutral
train,671,671::term::2,"Each table has a pot of boiling water sunken into its surface, and you get platters of thin sliced meats, various vegetables, and rice and glass noodles.",meats,meats,neutral
train,671,671::term::3,"Each table has a pot of boiling water sunken into its surface, and you get platters of thin sliced meats, various vegetables, and rice and glass noodles.",vegetables,vegetables,neutral
train,671,671::term::4,"Each table has a pot of boiling water sunken into its surface, and you get platters of thin sliced meats, various vegetables, and rice and glass noodles.",rice,rice,neutral
train,671,671::term::5,"Each table has a pot of boiling water sunken into its surface, and you get platters of thin sliced meats, various vegetables, and rice and glass noodles.",glass noodles,glass noodles,neutral
