,precision,recall,f1-score,support
positive,0.8426966292134831,0.8241758241758241,0.8333333333333334,728.0
negative,0.5333333333333333,0.6122448979591837,0.5700712589073634,196.0
neutral,0.463855421686747,0.39285714285714285,0.425414364640884,196.0
conflict,0.16129032258064516,0.35714285714285715,0.2222222222222222,14.0
accuracy,0.7072310405643739,0.7072310405643739,0.7072310405643739,0.7072310405643739
macro avg,0.5002939267035521,0.546605180533752,0.5127602947759508,1134.0
weighted avg,0.7153352791600356,0.7072310405643739,0.7097821516695187,1134.0
