,precision,recall,f1-score,support
positive,0.8136020151133502,0.8873626373626373,0.8488830486202366,728.0
negative,0.5527638190954773,0.5612244897959183,0.5569620253164557,196.0
neutral,0.5307692307692308,0.3520408163265306,0.4233128834355828,196.0
conflict,0.2727272727272727,0.21428571428571427,0.24,14.0
accuracy,0.7301587301587301,0.7301587301587301,0.7301587301587301,0.7301587301587301
macro avg,0.5424655844263326,0.5037284144427001,0.5172894893430687,1134.0
weighted avg,0.7129567253916963,0.7301587301587301,0.7173551512442079,1134.0
